time_s,ankle_dorsiflexion_deg,ankle_inversion_deg,joint1_target_deg,joint1_measured_deg,joint1_error_deg,joint1_torque_nm,joint1_goal_tick,joint4_target_deg,joint4_measured_deg,joint4_error_deg,joint4_torque_nm,joint4_goal_tick,joint6_target_deg,joint6_measured_deg,joint6_error_deg,joint6_torque_nm,joint6_goal_tick
0.0,0.0,0.0,0.0,0.0,0.0,0.0,2048,0.0,0.0,0.0,0.0,2048,-0.0,0.0,-0.0,0.0,2048
0.01,1.0335314108993249e-06,0.00016449109172923102,1.0335314108993249e-06,8.043171113265416e-08,9.530996997666708e-07,2.526836728100026e-07,2048,0.00014193669842830077,1.1045829286575764e-05,0.00013089086914172502,3.4701496139513396e-05,2048,-0.00014297022983920005,-1.1126260997708416e-05,-0.00013184396884149163,-3.4954179812323395e-05,2048
0.02,8.26798380943114e-06,0.0006579365881021766,8.26798380943114e-06,7.699317569480592e-07,7.498052052483083e-06,1.9246749912317224e-06,2048,0.0005656558074710278,6.139290758949017e-05,0.0005042628998815376,0.0001250108039039443,2048,-0.0005739237912804589,-6.216283934643822e-05,-0.0005117609519340205,-0.000126935478895176,2048
0.03,2.7902940849374905e-05,0.0014802531575630502,2.7902940849374905e-05,3.330067675810233e-06,2.457287317356467e-05,5.973048284242301e-06,2048,0.0012679853680570433,0.00018804917270662,0.0010799361953504232,0.00024676215897811234,2048,-0.001295888308906418,-0.00019137924038243017,-0.0011045090685239877,-0.0002527352072623546,2048
0.04,6.613531177333212e-05,0.0026313019304810507,6.613531177333212e-05,9.883415423397867e-06,5.625189634993425e-05,1.2902507354013486e-05,2048,0.0022457066609369593,0.00043059180730068347,0.0018151148536362759,0.0003817523177565091,2048,-0.0023118419727102906,-0.00044047522272408127,-0.0018713667499862094,-0.00039465482511052237,2048
0.05,0.000129157994848386,0.004110888523589604,0.000129157994848386,2.3429711366434422e-05,0.00010572828348195156,2.28840146395448e-05,2048,0.003495554896130309,0.0008269427937942019,0.002668612102336107,0.0005170685287891045,2048,-0.003624712890978694,-0.000850372505160636,-0.002774340385818058,-0.0005399525434286492,2048
0.06,0.00022315854157111355,0.0059187630741951176,0.00022315854157111355,4.778785331183117e-05,0.00017537068825928238,3.585783569800327e-05,2048,0.005014219910448697,0.001410746401280596,0.0036034735091681007,0.0006442408146700859,2048,-0.005237378452019808,-0.0014585342545924268,-0.0037788441974273813,-0.0006800986503680889,2048
0.07,0.00035431782189827474,0.0080546202841512,0.00035431782189827474,8.7494073920392e-05,0.00026682374797788266,5.161844938783703e-05,2048,0.006798346872963236,0.0022099921444910676,0.004588354728472168,0.0007583457919497228,2048,-0.00715266469486151,-0.002297486218411459,-0.0048551784764500495,-0.0008099642413375594,2048
0.08,0.0005288086907590404,0.010518099473584943,0.0005288086907590404,0.00014767941006259603,0.00038112928069644435,6.9881073177651e-05,2048,0.008844536998276772,0.0032465547076348184,0.005597982290641953,0.0008571485360882562,2048,-0.00937334568903581,-0.0033942341176974138,-0.005979111571338396,-0.000927029609265907,2048
0.09,0.0007527946561047787,0.013308784644371892,0.0007527946561047787,0.00023394311425065602,0.0005188515418541226,9.033106768727988e-05,2048,0.011149348267469916,0.0045363660050305905,0.006612982262439326,0.0009403358000952251,2048,-0.011902142923574695,-0.004770309119281246,-0.007131833804293447,-0.0010306668677825047,2048
0.1,0.0010324285487516784,0.01642620455334224,0.0010324285487516784,0.0003522331494568544,0.000680195399294824,0.00011265837155240305,2048,0.013709296156578161,0.006089985067052326,0.0076193110895258365,0.0010088681662606819,2048,-0.014741724705329836,-0.006442218216509181,-0.008299506488820656,-0.001121526537813084,2048
0.11,0.0013738511942716109,0.01986983279520987,0.0013738511942716109,0.000508740463651236,0.0008651107306203748,0.00013657952760265347,2048,0.016520854372465105,0.007913382482239585,0.008607471890225522,0.0010644598360345597,2048,-0.017894705566736713,-0.008422122945890821,-0.009472582620845892,-0.0012010393636372122,2048
0.12,0.0017831900871859414,0.0236390878952068,0.0017831900871859414,0.000709810329738312,0.001073379757447629,0.0001618499291404646,2048,0.01958045559594934,0.01000880354865703,0.00957165204729231,0.0011091818120463972,2048,-0.021363645683135275,-0.01071861387839534,-0.010645031804739935,-0.001271031741186861,2048
0.13,0.0022665580677165265,0.027733333411404597,0.0022665580677165265,0.0009618715633562673,0.0013046865043602595,0.00018826875514961488,2048,0.02288449223204187,0.01237561567440142,0.010508876557640453,0.0011451761328285623,2048,-0.025151050299758393,-0.013337487237757684,-0.01181356306200071,-0.0013334448879781758,2048
0.14,0.00283005200134793,0.03215187804670665,0.00283005200134793,0.0012713827594453614,0.0015586692419025684,0.00021567876759451542,2048,0.026429317167153188,0.015011079816169873,0.011418237350983317,0.0011744645148762116,2048,-0.029259369168501113,-0.016282462575615227,-0.012976906592885886,-0.0013901432824707275,2048
0.15,0.003479751461454307,0.03689397577049158,0.003479751461454307,0.0016447936680621296,0.0018349577933921772,0.00024396278299176406,2048,0.030211244533126118,0.01791101269311285,0.012300231840013269,0.001198833248265308,2048,-0.03369099599458041,-0.01955580636117497,-0.014135189633405442,-0.0014427960312570723,2048
0.16,0.004221717415243472,0.041958825949882025,0.004221717415243472,0.0020885193121685025,0.00213319810307497,0.000273038254999062,2048,0.03422655047794583,0.021070326621544556,0.013156223856401278,0.0012197766201532917,2048,-0.0384482678931893,-0.02315884593371305,-0.015289421959476248,-0.0014928148751523534,2048
0.17,0.005061990913270538,0.047345573490617986,0.005061990913270538,0.002608924299496999,0.0024530666137735388,0.0003028510490702246,2048,0.03847147394298298,0.02448344791506087,0.013988026027922118,0.0012384827948187878,2048,-0.04353346485625351,-0.02709237221455786,-0.016441092641695656,-0.0015413338438890114,2048
0.18,0.006006591782772367,0.05305330898750639,0.006006591782772367,0.0032123148804215035,0.002794276902350864,0.0003333691749764582,2048,0.04294221744661963,0.02814462389087072,0.014797593555748906,0.0012558484023162187,2048,-0.04894880922939199,-0.03135693877129222,-0.01759187045809977,-0.001589217577292677,2047
0.19,0.0070615173250742945,0.0590810688844256,0.0070615173250742945,0.0039049365587325298,0.0031565807663417648,0.000364576978522485,2048,0.04763494787411377,0.032048133659701626,0.015586814214412147,0.0012725106660538752,2049,-0.05469646519918805,-0.03595307021843414,-0.01874339498075391,-0.00163708764457636,2047
0.2,0.008232741017317961,0.06542783564384481,0.008232741017317961,0.004692975398293271,0.0035397656190246903,0.00039647008286622956,2048,0.0525457972735436,0.03618842003920342,0.016357377234340192,0.0012888884434244334,2049,-0.06077853829086155,-0.04088139543749667,-0.019897142853364882,-0.0016853585262906622,2047
0.21,0.009526211218760742,0.07209253792583924,0.009526211218760742,0.005582561531293619,0.003943649687467124,0.0004290512101332338,2048,0.057670863657689524,0.040560159991274415,0.0171107036664151,0.0013052258776128163,2049,-0.06719707487645024,-0.04614272152256802,-0.021054353353882217,-0.001734277087746048,2047
0.22,0.01094784988189418,0.0790740507765598,0.01094784988189418,0.006579773725744533,0.004368076156149647,0.000462326899995424,2048,0.06300621181169432,0.0451582896724134,0.01784792213928092,0.0013216343593250655,2049,-0.07395406169358848,-0.0517380633981579,-0.022215998295430573,-0.001783961259320492,2047
0.23,0.012503551268629435,0.08637119582612796,0.012503551268629435,0.007690644187429003,0.004812907081200431,0.0004963050664343358,2048,0.06854787410635257,0.04997799808447289,0.01856987602187968,0.0013381301322080807,2049,-0.08105142537498197,-0.057668642271901875,-0.023382783103080115,-0.0018344351986424156,2047
0.24,0.014199180671796026,0.09398274149591743,0.014199180671796026,0.008921163042107643,0.0052780176296883825,0.0005309932894006585,2048,0.0742918513168724,0.05501470086054353,0.019277150456328867,0.0013546661460598275,2049,-0.08849103198866841,-0.06393586390265116,-0.024555168086017255,-0.0018856594354604882,2047
0.25,0.01604057314219924,0.10190740321518438,0.01604057314219924,0.010277282162793298,0.005763290979405942,0.0005663977171526577,2048,0.08023411344695404,0.06026400323020389,0.019970110216750162,0.0013711576964717908,2049,-0.09627468658915325,-0.07054128539299716,-0.0257334011961561,-0.0019375554136244495,2047
0.26,0.01803353222148131,0.11014384364701069,0.01803353222148131,0.011764918175388066,0.006268614046093243,0.0006025224510863475,2048,0.08637060055803186,0.06572165888657791,0.02064894167145395,0.0013875020331575155,2049,-0.10440413277951315,-0.07748657706196596,-0.02691755571754719,-0.001990024484243865,2047
0.27,0.02018382868102879,0.11869067292351276,0.02018382868102879,0.013389954598509215,0.006793874082519575,0.0006393692922380585,2048,0.09269722360351751,0.07138352944578973,0.021313694157727787,0.001403592523659261,2049,-0.11288105228454628,-0.08477348404429892,-0.028107568240247356,-0.0020429618158973196,2047
0.28,0.022497199267169036,0.1275464488902778,0.022497199267169036,0.015158243156470385,0.007338956110698652,0.0006769377428108273,2048,0.09920986526788961,0.07724554750383954,0.021964317764050063,0.001419328176623669,2049,-0.12170706453505863,-0.0924037906603099,-0.029303273874748716,-0.0020962659194344985,2047
0.29,0.024979345452896987,0.13670967735998255,0.024979345452896987,0.017075604355450382,0.007903741097446603,0.000715225173570092,2048,0.10590438081047074,0.08330368496641122,0.022600695844059507,0.0014346194078670002,2049,-0.1308837262633677,-0.1003792893218616,-0.0305044369415061,-0.0021498445814370926,2047
0.3,0.027635932196371747,0.14617881237514735,0.027635932196371747,0.019147827439124025,0.00848810475724772,0.0007542270862521312,2048,0.1127765989137308,0.08955392733237333,0.023222671581357473,0.0014493909152922461,2049,-0.14041253111010255,-0.10870175477149735,-0.03171077633860519,-0.0022036180015443775,2046
0.31,0.030472586706421112,0.1559522564799742,0.030472586706421112,0.021380669848089645,0.009091916858331467,0.0007939374175292954,2048,0.11982232253595347,0.09599225391192409,0.02383006862402938,0.0014635824503357211,2049,-0.15029490924237454,-0.11737292376001371,-0.03292198548236082,-0.0022575198678650072,2046
0.32,0.03349489721529289,0.16602836100122875,0.03349489721529289,0.023779856303037403,0.009715040912255486,0.0008343488465427812,2048,0.12703732976811125,0.1026146235066594,0.024422706261451863,0.001477148161502898,2049,-0.1605322269834041,-0.12639447980969679,-0.03413774717370733,-0.002311497008045678,2046
0.33,0.0367084117588869,0.1764054263381035,0.0367084117588869,0.026351077619455182,0.010357334139431719,0.0008754530810202795,2048,0.13441737469477869,0.10941696482046773,0.02500040987431095,0.0014900550601905354,2050,-0.17112578645366552,-0.13576804243992288,-0.03535774401374266,-0.0023655081412108144,2046
0.34,0.04011863696470392,0.1870817022610185,0.04011863696470392,0.029099989345419318,0.011018647619284599,0.000917241107395822,2048,0.14195818825892675,0.11639517075885278,0.02556301750007396,0.0015022810347596852,2050,-0.1820768252236306,-0.14549516010427208,-0.036581665119358515,-0.0024195221421555013,2046
0.35000000000000003,0.04373103684774367,0.19805538821930066,0.04373103684774367,0.03203221029636124,0.011698826551382432,0.0009597033982434764,2048,0.1496554791304318,0.12354509576727189,0.026110383363159902,0.001513812724956559,2050,-0.19338651597817544,-0.15557730606363313,-0.03780920991454232,-0.0024735161232000325,2046
0.36,0.0475510316145832,0.20932463365768428,0.0475510316145832,0.035153321043500455,0.012397710571082738,0.0010028300759906566,2049,0.15750493457813416,0.13086255542043787,0.026642379157696267,0.001524643470499304,2050,-0.20505596619271735,-0.1660158764639383,-0.039040089728779016,-0.002527473546489963,2046
0.37,0.051583996475867394,0.22088753834158248,0.051583996475867394,0.038468862397065075,0.01311513407880232,0.0010466110356347213,2049,0.16550222134528594,0.138343327575596,0.02715889376968994,0.0015347714671345505,2050,-0.21708621782115334,-0.17681218997266102,-0.04027402784849228,-0.0025813825027692777,2046
0.38,0.05583526046743752,0.2327421526910589,0.05583526046743752,0.041984333912120864,0.013850926555316655,0.0010910360314175598,2049,0.17364298652821497,0.14598315452182908,0.027659832006385908,0.0015441982007515286,2050,-0.22947824699565253,-0.1879674884339499,-0.041510758561702624,-0.0026352342321691,2045
0.39,0.0603101052803273,0.244886478123451,0.0603101052803273,0.04570519243403826,0.014604912846289026,0.001136094733481595,2049,0.18192285845804712,0.15377774567893795,0.02814511277910915,0.0015529271838808927,2050,-0.24223296373837438,-0.19948293811297618,-0.0427500256253982,-0.002689021917362489,2045
0.4,0.06501376409984964,0.25731846740457276,0.06501376409984964,0.04963685069230347,0.015376913407546176,0.001181776760755694,2049,0.19033744758531326,0.16172278051310196,0.02861466707221127,0.0015609629869225016,2050,-0.25535121168516284,-0.2113596312054054,-0.04399158047975745,-0.0027427397476781985,2045
0.41000000000000003,0.06995142045399884,0.2700360250084379,0.06995142045399884,0.05378467594530845,0.016166744508690382,0.0012280716959827268,2049,0.19888234736727778,0.16981391143626315,0.029068435931014637,0.0015683105362461426,2050,-0.2688337678212766,-0.22359858738157157,-0.04523518043970503,-0.002796382232228869,2045
0.42,0.07512820707138937,0.2830370074854377,0.07512820707138937,0.058153988674618774,0.016974218396770595,0.0012749690881214372,2049,0.20755313515782067,0.17804676653912316,0.02950636861869754,0.001574974640330545,2050,-0.28268134222921,-0.2362007552137419,-0.046480587015468124,-0.002849943728451976,2045
0.43,0.08054920474895187,0.29631922383890524,0.08054920474895187,0.06275006132466161,0.017799143424290276,0.0013224584465079507,2049,0.21634537309970342,0.18641695207322515,0.029928421026478275,0.0015809597009804343,2050,-0.29689457784865525,-0.24916701339788674,-0.04772756445076853,-0.002903418147488382,2045
0.44,0.08621944122960315,0.3098804359099958,0.08621944122960315,0.06757811708244589,0.018641324147157277,0.0013705292302703277,2049,0.2252546090190504,0.19492005464679557,0.03033455437225484,0.0015862695673138875,2051,-0.3114740502486535,-0.26249817172924145,-0.04897587851941209,-0.002956798797584203,2044
0.45,0.0921438900901085,0.3237183587708195,0.0921438900901085,0.0726433286914963,0.01950056139861219,0.001419170835639184,2049,0.2342763773218805,0.20355164313374843,0.030724734188132072,0.0015909074939209058,2051,-0.3264202674119889,-0.2761949718252447,-0.0502252955867442,-0.0030100783295600787,2044
0.46,0.09832746963934876,0.33783066112574595,0.09832746963934876,0.07795081729437105,0.02037665234497772,0.0014683725830376923,2049,0.24340619989251364,0.21230727031787536,0.031098929574638248,0.0015948761699995338,2051,-0.34173366953186224,-0.2902580876122464,-0.05147558191961586,-0.0030632487530372053,2044
0.47000000000000003,0.10477504182720607,0.35221496572081556,0.10477504182720607,0.08350565129870949,0.021269390528496586,0.001518123705195466,2049,0.25263958699368855,0.22118247430723262,0.031457112686455936,0.0015981777923722426,2051,-0.3574146288208946,-0.3046881256059421,-0.0527265032149525,-0.003116301497567713,2044
0.48,0.11149141116427733,0.36686884976117795,0.11149141116427733,0.08931284526253924,0.02217856590173809,0.0015684133370177013,2049,0.261972038168218,0.2301727797594523,0.03179925840876573,0.0016008141613494645,2051,-0.3734634493324953,-0.3194856250219915,-0.0539778243105038,-0.003169227498367172,2044
0.49,0.11848132365262554,0.38178984533648425,0.11848132365262554,0.09537735879542934,0.02310396485719619,0.0016192305075510348,2049,0.2713990431420144,0.23927369895925,0.03212534418276443,0.0016027867839869428,2051,-0.38988036679463983,-0.3346510577546793,-0.05522930903996054,-0.0032220172915379645,2044
0.5,0.12574946572777362,0.39697543985415407,0.12574946572777362,0.10170409547291462,0.024045370254859,0.0016705641341068962,2049,0.28091608272831214,0.24848073278653535,0.032435349941776784,0.001604096974109163,2051,-0.4066655484560857,-0.35018482825944997,-0.0564807201966358,-0.0032746611082160714,2043
0.51,0.1333004632121459,0.412423076480439,0.1333004632121459,0.1082979017623775,0.0250025614497684,0.0017224030184163246,2050,0.29051862973291975,0.257789371608677,0.03272925812424275,0.0016047459424376738,2051,-0.42381909294506553,-0.3660872733710545,-0.057731819574011106,-0.0033271489608539986,2043
0.52,0.14113888028015925,0.42813015458920195,0.14113888028015925,0.11516356595922497,0.025975314320934275,0.0017747358445784453,2050,0.30020214986032817,0.2671950961246961,0.03300705373563211,0.001604734873256743,2051,-0.44134103014048737,-0.38235866208392105,-0.058982368056566314,-0.0033794707178351857,2043
0.53,0.1492692184351643,0.44409403021833305,0.1492692184351643,0.12230581713272806,0.026963401302436248,0.0018275511785101478,2050,0.3099621026205085,0.2766933781832368,0.0332687244372717,0.0016040649863407704,2052,-0.45923132105567266,-0.39899919531596484,-0.06023212573970779,-0.0034316161648508974,2043
0.54,0.15769591549843276,0.46031201653371295,0.15769591549843276,0.12972932408129975,0.02796659141713301,0.0018808374685916863,2050,0.31979394223622165,0.2862796815905989,0.033514260645622726,0.0016027375844536857,2052,-0.47748985773465435,-0.4160090056718987,-0.06148085206275567,-0.0034835750530453602,2043
0.55,0.16642334461038827,0.4767813843006471,0.16642334461038827,0.13743869429728608,0.02898465031310219,0.001934583047218981,2050,0.3296931185506774,0.29594946292022273,0.03374365563045464,0.001600754087743196,2052,-0.49611646316106567,-0.4333881572175088,-0.06272830594355683,-0.0035353371349621915,2042
0.56,0.1754558132442733,0.49349936236267866,0.1754558132442733,0.14543847294154832,0.03001734030272499,0.0019887761330054307,2050,0.33965507793536526,0.3056981723309335,0.033956905604431785,0.0015981160569028853,2052,-0.5151108911796385,-0.45113664527248176,-0.0639742459071567,-0.0035868921899083125,2042
0.5700000000000001,0.18479756223244165,0.5104631381276954,0.18479756223244165,0.15373314182824,0.031064420404201643,0.0020434048334164482,2050,0.34967526419788836,0.315521254398019,0.03415400979986934,0.001594825207191608,2052,-0.53447282643033,-0.469254396226259,-0.06521843020407096,-0.0036382300406080648,2042
0.58,0.19445276480546758,0.5276698580612439,0.19445276480546758,0.16232711842024694,0.03212564638522068,0.002098457147665155,2050,0.35974911948963245,0.32541414895878124,0.034334970530851154,0.0015908834153775732,2052,-0.5542018842950999,-0.4877412673790281,-0.06646061691607179,-0.003689340563042714,2042
0.59,0.20442552564425484,0.545116628186956,0.20442552564425484,0.1712247548357794,0.03320077080847546,0.0021539209697369636,2050,0.36987208521309306,0.33537229197247675,0.034499793240616305,0.0015862927214967597,2052,-0.5742976108573478,-0.506597046808256,-0.06770056404909179,-0.003740213691233725,2041
0.6,0.2147198799453311,0.5628005145940036,0.2147198799453311,0.18043033686659504,0.03428954307873603,0.002209784091450027,2050,0.3800396029286964,0.34539111639343645,0.03464848653525994,0.0015810553270582755,2052,-0.5947594828740274,-0.5258214532600314,-0.06893802961399605,-0.003790839418508339,2041
0.61,0.22533979249950895,0.5807185439514827,0.22533979249950895,0.1899480830083011,0.03539170949120782,0.002266034205488905,2051,0.3902471152609397,0.3554660530555007,0.03478106220543903,0.0015751735910301992,2052,-0.6155869077604486,-0.5454141360638016,-0.07017277169664689,-0.0038412077965191108,2041
0.62,0.23628915678409046,0.5988677040296366,0.23628915678409046,0.19978214350314405,0.03650701328094642,0.002322658908373883,2051,0.40049006680368066,0.3655925315656132,0.03489753523806747,0.0015686500246442153,2053,-0.6367792235877711,-0.5653746750687572,-0.07140454851901396,-0.0038913089330181224,2041
0.63,0.24757179406879332,0.6172449442278239,0.24757179406879332,0.20993659939565132,0.037635194673142,0.0023796457033487257,2051,0.4107639050244079,0.3757659812043809,0.03499792382002706,0.001561487285785141,2053,-0.6583356990932012,-0.5857025806000321,-0.07263311849316911,-0.003941132989133881,2041
0.64,0.2591914525355718,0.635847176109134,0.2591914525355718,0.22041546160144546,0.03877599093412632,0.002436982003182614,2051,0.42106408116732197,0.3859818318315397,0.035082249335782315,0.0015536881734931447,2053,-0.6802555337028938,-0.6063972934329851,-0.07385824026990868,-0.003990670176675761,2040
0.65,0.27115180641250125,0.654671273941549,0.27115180641250125,0.23122266998951158,0.03992913642298967,0.0024946551328910325,2051,0.43138605115505235,0.3962355147945004,0.03515053636055189,0.0015452556229103684,2053,-0.7025378575675535,-0.6274581847840119,-0.0750796727835416,-0.004039910755801404,2040
0.66,0.2834564551218986,0.6737140752455646,0.2834564551218986,0.2423620924781639,0.041094362643734714,0.002552652332387733,2051,0.44172527648885057,0.4065224638384285,0.03520281265042213,0.001536192700855019,2053,-0.7251817316107491,-0.6488845563165924,-0.07629717529415671,-0.004088845033242721,2040
0.67,0.2961089224428408,0.6929723813481574,0.2961089224428408,0.25383752414492927,0.04227139829791149,0.0026109607590803687,2051,0.4520772251470818,0.41683811601660037,0.03523910913048147,0.0015265026020867506,2053,-0.7481861475899224,-0.6706756401615296,-0.07751050742839281,-0.004137463361167072,2039
0.68,0.3091126556882451,0.7124429579430038,0.3091126556882451,0.2656526863505421,0.043459969337703006,0.0026695674904243867,2052,0.46243737248184746,0.4271779126000531,0.03525945988179438,0.0015161886462527166,2053,-0.7715500281700924,-0.6928305989505951,-0.07871942921949734,-0.004185756136677107,2039
0.6900000000000001,0.3224710248966733,0.7321225356568526,0.3224710248966733,0.2778112258772267,0.0446597990194466,0.0027284595264496464,2052,0.47280120211357635,0.4375372999857826,0.03526390212779368,0.0015052542754526621,2053,-0.7952722270102494,-0.7153485258630092,-0.07992370114724022,-0.004233713801902314,2039
0.7000000000000001,0.33618732203901525,0.75200781062194,0.33618732203901525,0.2903167140814329,0.045870607957582354,0.0027876237922709064,2052,0.48316420682340977,0.4479117306029487,0.03525247622046107,0.0014937030523311974,2053,-0.819351528862425,-0.7382284446843814,-0.08112308417804352,-0.00428132684460213,2039
0.71,0.35026476024020564,0.7720954450543464,0.35026476024020564,0.30317264606117855,0.04709211417902714,0.0028470471405923907,2052,0.49352188944321346,0.4582966638167019,0.035225225626511564,0.0014815386585961925,2054,-0.843786649683419,-0.7614693098778802,-0.08231733980553879,-0.004328585799188615,2038
0.72,0.3647064730161316,0.7923820678381963,0.3647064730161316,0.31638243983814784,0.04832403317798378,0.0029067163542160486,2052,0.5038697637430568,0.468687566829374,0.03518219691368278,0.0014687648938643515,2054,-0.8685762367591883,-0.7850700066675217,-0.08350623009166662,-0.0043754812480804066,2038
0.73,0.37951551352586954,0.81286427511558,0.37951551352586954,0.3299494355546918,0.04956607797117774,0.002966618148556327,2052,0.5142033553159806,0.4790799155788511,0.035123439737129475,0.0014553856747380762,2054,-0.89371886884185,-0.8090293511335428,-0.08468951770830727,-0.0044220038232944065,2038
0.74,0.3946948538394098,0.833538630882107,0.3946948538394098,0.3438768946858717,0.05081795915353812,0.003026739174169271,2052,0.5245182024599002,0.48946919563401403,0.035049006825886145,0.0014414050340374165,2054,-0.9192130562993097,-0.8333460903198855,-0.08586696597942421,-0.004468144208206653,2038
0.75,0.4102473842210023,0.8544016675879681,0.4102473842210023,0.3581679992666874,0.05207938495431491,0.0030870660192957064,2053,0.5348098570564667,0.49985090308715613,0.03495895396931056,0.0014268271201180083,2054,-0.9450572412774689,-0.8580189023538435,-0.08703833892362553,-0.004513893139413758,2037
0.76,0.4261759124282701,0.8754498867444094,0.4261759124282701,0.372825851134631,0.05335006129363903,0.00314758521242155,2053,0.5450738854467334,0.5102205454433104,0.03485334000342296,0.0014116561962275505,2054,-0.9712497978750034,-0.8830463965779414,-0.08820340129706203,-0.004559241408649102,2037
0.77,0.4424831630272229,0.896679759535496,0.4424831630272229,0.38785347118770364,0.05462969183951923,0.003208283224854431,2053,0.5553058693034499,0.5205736425064158,0.03473222679703416,0.0013958966398589772,2054,-0.9977890323306727,-0.9084271136941193,-0.08936191863655343,-0.004604179864713411,2037
0.78,0.45917177672331166,0.9180877274350655,0.45917177672331166,0.40325379865803523,0.05591797806527639,0.0032691464733178867,2053,0.5655014064998347,0.5309057272622495,0.03459567923758514,0.0013795529420787345,2054,-1.0246731832231462,-0.9341595259202847,-0.09051365730286158,-0.004648699415396607,2036
0.79,0.4762443097086465,0.939670202828748,0.4762443097086465,0.4190296904012432,0.05721461930740326,0.0033301613225601395,2053,0.5756561119746487,0.5412123467580425,0.034443765216606255,0.0013626297068093588,2055,-1.0519004216832952,-0.9602420371592857,-0.09165838452400946,-0.0046927910293695,2036
0.8,0.4937032330255167,0.9614235696409514,0.4937032330255167,0.4351839202016668,0.05851931282384995,0.0033913140879791937,2054,0.5857656185934231,0.5514890629786781,0.03427655561474511,0.0013451316500614856,2055,-1.0794688516189397,-0.9866729831803447,-0.09279586843859507,-0.004736445738040661,2036
0.81,0.5115509319463297,0.9833441839666859,0.5115509319463297,0.45171917809361045,0.05983175385271921,0.0034525910382605133,2054,0.5958255780056637,0.5617314537193648,0.03409412428629891,0.0013270635991082394,2055,-1.1073765099519934,-1.0134506318129755,-0.09392587813901801,-0.004779654637368749,2035
0.8200000000000001,0.5297897053700947,1.0054283747081227,0.5297897053700947,0.46863806969872956,0.06115163567136518,0.0035139783980275394,2054,0.6058316614978867,0.5719351134546614,0.03389654804322527,0.0013084304916059315,2055,-1.1356213668679813,-1.040573183153391,-0.09504818371459023,-0.0048224088896334436,2035
0.8300000000000001,0.5484217652355715,1.0276724442157648,0.5484217652355715,0.4859431155796866,0.06247864965588487,0.003575462350503495,2054,0.6157795608423132,0.5820956542037151,0.033683906638598035,0.0012892373746615073,2055,-1.1642013260778845,-1.0680387697834017,-0.09616255629448273,-0.004864699725164959,2035
0.84,0.567449235951197,1.0500726689341189,0.567449235951197,0.5036367506102067,0.0638124853409903,0.0036370290401833453,2054,0.6256649891410753,0.5922087063915742,0.03345628274950105,0.0012694894038540038,2055,-1.1931142250922722,-1.0958454570017813,-0.09726876809049106,-0.004906518444037318,2034
0.85,0.5868741538419067,1.0726253000517445,0.5868741538419067,0.5217213233616569,0.06515283048024975,0.0036986645755149893,2055,0.6354836816657635,0.6022699197064224,0.033213761959341205,0.0012491918422119393,2055,-1.22235783550767,-1.1239912430680794,-0.09836659243959056,-0.004947856417726862,2034
0.86,0.606698466612954,1.0953265641555652,0.606698466612954,0.5401990955062691,0.06649937110668482,0.003760355031588033,2055,0.6452313966921684,0.6122749639525784,0.032956432739590015,0.0012283500591544073,2055,-1.2519298633051221,-1.1524740594588478,-0.09945580384627453,-0.004988705090742416,2034
0.87,0.6269240328308426,1.1181726638893272,0.6269240328308426,0.5590722412371282,0.06785179159371447,0.0038220864528307518,2055,0.6549039163300547,0.6222195298991026,0.032684386430952235,0.0012069695293999302,2055,-1.2818279491608973,-1.1812917711362307,-0.10053617802466662,-0.0050290559822306884,2033
0.88,0.64755262142147,1.1411597786160803,0.64755262142147,0.5783428467050379,0.06920977471643211,0.003883844855713582,2055,0.6644970473478169,0.6320993301238489,0.03239771722396795,0.0011850558318467277,2056,-1.3120496687692866,-1.2104421768288867,-0.10160749194039995,-0.005068900687560309,2033
0.89,0.6685859111855806,1.1642840650845612,0.6685859111855806,0.5980129094723785,0.07057300171320202,0.003945616231457994,2056,0.6740066219918548,0.6419100998528008,0.032096522139053923,0.0011626146484276382,2056,-1.342592533177435,-1.2399230093251794,-0.10266952385225583,-0.0051082308798856765,2033
0.9,0.6900254903316285,1.1875416580993563,0.6900254903316285,0.6180843379840647,0.07194115234756385,0.004007386548751002,2056,0.6834284988005229,0.6516475977945287,0.03178090100599416,0.0011396517629431494,2056,-1.3734539891321513,-1.2697319357785937,-0.10372205335355761,-0.005147038311694108,2032
0.91,0.7118728560261467,1.2109286711947365,0.7118728560261467,0.6385589510557089,0.07331390497043783,0.004069141756465187,2056,0.6927585634125022,0.661307606969608,0.03145095644289418,0.0011161730598755605,2056,-1.4046314194386489,-1.299866558025317,-0.10476486141333181,-0.005185314816340715,2032
0.92,0.7341294139617037,1.234441197312016,0.7341294139617037,0.6594384773790924,0.07469093658261125,0.004130867786382243,2056,0.7019927293694328,0.6708859355348387,0.03110679383459413,0.0010921845231824559,2056,-1.4361221433311362,-1.330324412913931,-0.10579773041720518,-0.005223052309564674,2032
0.93,0.7567964779425418,1.2580753094803345,0.7567964779425418,0.6807245550450448,0.07607192289749705,0.004192550555920182,2057,0.7111269389126685,0.6803784176021069,0.030748521310561588,0.0010676922350741451,2056,-1.4679234168552104,-1.3611029726471517,-0.10682044420805864,-0.005260242790994358,2031
0.9400000000000001,0.7798752694879808,1.2818270615007334,0.7798752694879808,0.7024187310838244,0.07745653840415634,0.004254175970864838,2057,0.7201571637740029,0.6897809140517348,0.030376249722268114,0.0010427023747747583,2056,-1.5000324332619837,-1.3921996451355592,-0.10783278812642456,-0.005296878345639665,2031
0.9500000000000001,0.8033669174536633,1.3056924886333923,0.8033669174536633,0.724522461023095,0.07884445643056819,0.00431572992810345,2057,0.7290794059602105,0.6990893133401596,0.02999009262005101,0.0010172212172654981,2056,-1.532446323413874,-1.4236117743632544,-0.1088345490506194,-0.005332951145369017,2031
0.96,0.8272724576707209,1.329667608287912,0.8272724576707209,0.747037108463586,0.08023534920713483,0.004377198318360442,2057,0.7378896985312676,0.7082995323017933,0.029590166229474246,0.0009912551320128884,2056,-1.5651621562019884,-1.4553366407653792,-0.10982551543660897,-0.005368453450373326,2030
0.97,0.8515928326029354,1.3537484207165142,0.8515928326029354,0.7699639446725216,0.08162888793041391,0.004438567028935863,2058,0.7465841063720979,0.7174075169449091,0.029176589427188832,0.0009648105816802679,2056,-1.598176938975033,-1.4873714616174307,-0.11080547735760253,-0.005403377610616056,2030
0.98,0.8763288910219673,1.3779309097100367,0.8763288910219673,0.7933041481949022,0.08302474282706507,0.00449982194644499,2058,0.7551587269577101,0.7264092432414054,0.028749483716304793,0.0009378941208245208,2057,-1.6314876179796771,-1.5197133914363075,-0.11177422654336966,-0.005437716067269491,2029
0.99,0.9014813877007096,1.4022110432965857,0.9014813877007096,0.8170588044827176,0.08442258321799209,0.004560948959558001,2058,0.7636096911115701,0.735300717910299,0.02830897320127106,0.0009105123945753166,2057,-1.6650910788122795,-1.5523595223930164,-0.11273155641926305,-0.005471461354133304,2029
1.0,0.9270509831248419,1.42658477444273,0.9270509831248419,0.841228905542163,0.085822077582679,0.004621933961740898,2059,0.7719331637570769,0.7440779791948031,0.02785518456227389,0.0008826721372988058,2057,-1.6989841468819187,-1.5853068847369658,-0.1136772621449529,-0.0055046060990397655,2029
1.01,0.9530382432226412,1.4510480417571134,0.9530382432226412,0.8658153495989367,0.08722289362370442,0.00468276285399725,2059,0.7801253446620029,0.7527370976328407,0.027388247029162163,0.0008543801712464897,2057,-1.7331635878846439,-1.6185524472317772,-0.11461114065286648,-0.005537143025243727,2028
1.02,0.9794436391130973,1.475596770196338,0.9794436391130973,0.8908189407816832,0.088624698331414,0.004743421547606764,2059,0.7881824691757486,0.7612741768208544,0.026908292354894166,0.0008256434051864675,2057,-1.7676261082888458,-1.6520931176025375,-0.11553299068630835,-0.005569064952793274,2028
1.03,1.0062675468724,1.500226871773009,1.0062675468724,0.9162403888236482,0.09002715804875197,0.004803895966865224,2059,0.7961008089592856,0.7696853541707661,0.026415454788519612,0.0007964688330198031,2057,-1.8023683558316856,-1.6859257429944141,-0.11644261283727167,-0.005600364799885101,2027
1.04,1.03351024731884,1.5249342462658126,1.03351024731884,0.9420803087826085,0.0914299385362314,0.004864172051821977,2060,0.8038766727076494,0.7779668016599484,0.0259098710477012,0.0007668635323819849,2057,-1.837386920026489,-1.7200471104425568,-0.1173398095839323,-0.005631035584203866,2027
1.05,1.0611719258161667,1.549714781931479,1.0611719258161667,0.9683392207791347,0.09283270503703216,0.004924235761014896,2060,0.8115064068648391,0.7861147265740659,0.025391680290773207,0.0007368346632269629,2057,-1.8726783326810061,-1.7544539473532004,-0.11822438532780546,-0.005661070424241895,2027
1.06,1.0892526720954554,1.5745643562185216,1.0892526720954554,0.9950175497532409,0.09423512234221446,0.004984073074202967,2060,0.8189863963310023,0.7941253722426512,0.02486102408835118,0.000706389466397728,2057,-1.9082390684264579,-1.789142921995892,-0.11909614643056583,-0.005690462540600738,2026
1.07,1.117752480095515,1.599478836482618,1.117752480095515,1.0221156252394747,0.09563685485604008,0.005043669995096591,2061,0.8263130651617663,0.8019950187672727,0.024318046394493534,0.0006755352621809352,2057,-1.9440655452572808,-1.8241106440067476,-0.1199549012505333,-0.005719205257277463,2026
1.08,1.1466712478218755,1.6244540807034973,1.1466712478218755,1.049633681160494,0.09703756666138152,0.005103012554082882,2061,0.833482877259588,0.8097199837421665,0.02376289351742147,0.0006442794488474018,2057,-1.9801541250814632,-1.8593536649026605,-0.1208004601788028,-0.0057472920029301945,2025
1.09,1.176008777224387,1.6494859382032043,1.176008777224387,1.0775718556391758,0.09843692158521127,0.005162086810947465,2061,0.8404923370569904,0.8172966229671907,0.02319571408979968,0.0006126295011768533,2058,-2.0165011142813776,-1.8948684786063665,-0.12163263567501074,-0.005774716312124351,2025
1.1,1.2057647740934607,1.674570250365619,1.2057647740934607,1.1059301908293002,0.09983458326416059,0.005220878857592103,2062,0.8473379901915635,0.8247213311529746,0.022616659038588862,0.0005805929689698444,2058,-2.053102764285024,-1.9306515219822749,-0.12245124230274955,-0.00580147182656192,2025
1.11,1.2359388479749733,1.6997028513570909,1.2359388479749733,1.1347086327648432,0.10123021521013006,0.005279374820745806,2062,0.8540164241726,0.8319905426181285,0.022025881554471525,0.0005481774755447475,2058,-2.0899552721475736,-1.9666991753829717,-0.1232560967646019,-0.005827552296290655,2024
1.12,1.266530512103862,1.724879568848064,1.266530512103862,1.163907031227917,0.1026234808759448,0.00533756086467173,2062,0.8605242690392427,0.839100731978385,0.02142353706085761,0.0005153907162215306,2058,-2.127054781143104,-2.003007763206302,-0.12404701793680231,-0.005852951580893286,2024
1.1300000000000001,1.2975391833564258,1.750096224735561,1.2975391833564258,1.1935251396353854,0.10401404372104046,0.005395423193867199,2063,0.8668581980100231,0.846048414827545,0.02080978318247819,0.0004822404567922687,2058,-2.1643973813664488,-2.03957355446293,-0.12482382690351884,-0.005877663650659458,2023
1.1400000000000001,1.3289641822213447,1.7753486358663848,1.3289641822213447,1.2235626149441825,0.10540156727716243,0.005452948055756012,2063,0.8730149281236664,0.8528301484100983,0.020184779713568003,0.00044873453197783754,2058,-2.201979110345011,-2.07639276335428,-0.12558634699073074,-0.005901682587733869,2023
1.1500000000000001,1.3608047327894368,1.8006326147609315,1.3608047327894368,1.254019017575359,0.1067857152140779,0.005510121743375977,2063,0.8789912208710472,0.859442532285398,0.01954868858564929,0.00041488084387281067,2058,-2.2397959536604843,-2.1134615498607565,-0.1263344037997276,-0.005925002587248895,2023
1.16,1.3930599627621505,1.8259439703374534,1.3930599627621505,1.2848938113568766,0.1081661514052737,0.005566930598055909,2064,0.8847838828181791,0.8658822089832598,0.018901673834919322,0.0003806873603776241,2058,-2.277843845580329,-2.1507760203401363,-0.12706782524019314,-0.005947617958433514,2022
1.17,1.4257289034788072,1.8512785086366619,1.4257289034788072,1.316186363485166,0.10954253999364123,0.005623361012086888,2064,0.8903897662201152,0.8721458646508702,0.01824390156924506,0.0003461621136176626,2058,-2.3161186696989224,-2.188332228136036,-0.1277864415628866,-0.0059695231257045405,2022
1.18,1.4588104899625867,1.8766320335465345,1.4588104899625867,1.3478959445054606,0.11091454545712616,0.00567939943138304,2065,0.895805769625657,0.8782302296908773,0.017575539934779758,0.0003113131983520609,2058,-2.3546162595882434,-2.2261261741963376,-0.12849008539190623,-0.005990712629735188,2021
1.19,1.4923035609852522,1.9020003475271872,1.4923035609852522,1.3800217283109195,0.11228183267433266,0.0057350323581332715,2065,0.9010288384727491,0.8841320793905502,0.016896759082198898,0.0002761487703698308,2058,-2.393332399458001,-2.2641538077014696,-0.12917859175653146,-0.0060111811285030676,2021
1.2,1.5262068591506206,1.9273792523356899,1.5262068591506206,1.412562792160544,0.11364406699007694,0.00579024635344456,2065,0.9060559656744556,0.8898482345418879,0.01620773113256757,0.00024067704487525348,2058,-2.432262824825076,-2.302411026702431,-0.1298517981226444,-0.006030923398319691,2020
1.21,1.5605190309967525,1.952764549750689,1.5605190309967525,1.4455181167158853,0.11500091428086738,0.005845028039973496,2066,0.9108841921954018,0.8953755620525619,0.015508630142840096,0.00020490629486143175,2058,-2.4714032231921546,-2.3408936787684467,-0.13050954442370769,-0.006049934334834994,2020
1.22,1.5952386271168597,1.9781520422967096,1.5952386271168597,1.4788865860965534,0.11635204102030619,0.00589936410454814,2066,0.9155106076185904,0.9007109755475805,0.014799632071009898,0.00016884484947542612,2058,-2.51074923473545,-2.379597561644134,-0.1311516730913159,-0.006068208954023543,2019
1.23,1.6303641022989086,2.0035375339679993,1.6303641022989086,1.5126669879545116,0.11769711434439663,0.005953241300777904,2067,0.9199323507024613,0.9058514359615633,0.014080914740897975,0.0001325010923698594,2058,-2.5502964530013696,-2.418518423916075,-0.1317780290852946,-0.006085742393147744,2019
1.24,1.6658938156839027,2.0289168309517938,1.6658938156839027,1.5468580135671548,0.11903580211674784,0.00600664645165277,2067,0.9241466099281199,0.9107939521215125,0.013352657806607427,9.588346004766972e-05,2059,-2.5900404256120226,-2.4576519656886675,-0.13238845992335527,-0.006102529911700471,2019
1.25,1.701826030942813,2.054285742350857,1.701826030942813,1.5814582579491585,0.12036777299365453,0.006059566452128316,2067,0.9281506240366099,0.9155355813199783,0.012615042716631584,5.900044019474342e-05,2059,-2.629976654979423,-2.4969938392691367,-0.13298281571028614,-0.006118566892323033,2018
1.26,1.7381589164721387,2.079640080905185,1.7381589164721387,1.6164662199830835,0.1216926964890555,0.006111988271700384,2068,0.9319416825561468,0.920073429878507,0.011868252677639813,2.186057000519773e-05,2059,-2.6701005990282853,-2.5365396498615906,-0.1335609491666947,-0.006133848841705465,2018
1.27,1.774890545608066,2.1049756637127315,1.774890545608066,1.6518803025687185,0.12301024303934754,0.006163898956966004,2068,0.9355171263192021,0.9244046537012705,0.011112472617931758,-1.5527565504350042e-05,2059,-2.7104076719272685,-2.5762849562699897,-0.13412271565727868,-0.006148371391461574,2017
1.28,1.8120188968591764,2.1302883129490136,1.8120188968591764,1.6876988127911376,0.12432008406803889,0.006215285634168661,2069,0.9388743479693521,0.9285264588187729,0.010347889150579279,-5.3155335187850066e-05,2059,-2.7508932448285286,-2.616225271609911,-0.13466797321861756,-0.006162130298980652,2017
1.29,1.849541854157688,2.155573856585498,1.849541854157688,1.723919962107445,0.1256218920502431,0.006266135511731793,2069,0.9420107924577923,0.932436101921535,0.009574690536257294,-9.101406347189565e-05,2059,-2.79155264661548,-2.65635606402898,-0.1351965825865,-0.006175121448259836,2016
1.3,1.887457207129181,2.1808281291066147,1.887457207129181,1.7605418665521844,0.1269153405769969,0.006316435882778264,2069,0.9449239575294279,0.936130890883655,0.00879306664577288,-0.0001290950320653973,2059,-2.8323811646586092,-2.6966727574358393,-0.13570840722276958,-0.006187340850712975,2016
1.31,1.9257626513807433,2.2060469722252583,1.9257626513807433,1.7975625469613719,0.12820010441937138,0.006366174127630099,2070,0.9476113941984465,0.939608185276153,0.00800320892229359,-0.0001673894816782937,2059,-2.87337404557919,-2.737170732237525,-0.13620331334166477,-0.0061987846459517736,2015
1.32,1.9644557888075267,2.23122623559669,1.9644557888075267,1.8349799292151237,0.12947585959240318,0.006415337716299313,2070,0.9500707072132936,0.9428653968699982,0.007205310343295302,-0.00020588861374586152,2059,-2.91452649602082,-2.7778453260851217,-0.13668116993569848,-0.006209449102553471,2015
1.33,2.003534127917625,2.2563617775306617,2.003534127917625,1.8727918444988332,0.1307422834187916,0.0064639142109572814,2071,0.9522995555109529,0.9458999901287337,0.0063995653822192435,-0.00024458359216206226,2059,-2.9558336834285783,-2.8186918346275673,-0.13714184880101085,-0.006219330618795323,2014
1.34,2.0429950841752405,2.281449465701673,2.0429950841752405,1.9109960295828605,0.13199905459237982,0.006511891268390756,2071,0.9542956526604635,0.9487094826905981,0.005586169969865222,-0.0002834655450175597,2059,-2.997290736835704,-2.8597055122734596,-0.13758522456224462,-0.006228425723373211,2014
1.35,2.082835980362069,2.3064851778571973,2.082835980362069,1.9495901271206808,0.13324585324138824,0.006559256642438071,2072,0.956056767295568,0.9512914458400643,0.004765321455503579,-0.00032252556634754324,2059,-3.0388927476576373,-2.900881572960746,-0.1380111746968912,-0.006236731076090397,2013
1.36,2.1230540469568577,2.331464802523794,2.1230540469568577,1.988571685965445,0.13448236099141264,0.0066059981864126155,2072,0.957580723536447,0.9536435049687013,0.003937218567745624,-0.00036175471788090505,2059,-3.080634770493305,-2.942215190934147,-0.13841957955915787,-0.00624424346853172,2013
1.37,2.1636464225330436,2.3563842397109287,2.1636464225330436,2.027938161504903,0.13570826102814068,0.0066521038555031825,2073,0.9588654014004231,0.9557633400252784,0.0031020613751447106,-0.00040114403080015776,2059,-3.1225118239334675,-2.983701501530182,-0.1388103224032848,-0.006250959824702938,2012
1.3800000000000001,2.2046101541744307,2.3812394016124103,2.2046101541744307,2.0676869160146256,0.13692323815980492,0.006697561709158703,2073,0.9599087372015881,0.9576486859550255,0.002260051246562549,-0.0004406845075038433,2059,-3.1645188913760185,-3.0253356019696516,-0.13918328940636687,-0.006256877201654748,2012
1.3900000000000001,2.2459421979088194,2.406026213305313,2.2459421979088194,2.1078152190294666,0.1381269788793526,0.006742359913455212,2074,0.9607087239392691,0.9592973331279717,0.001411390811297375,-0.0004803671233740819,2059,-3.2066509218480883,-3.0671125521574387,-0.13953836969064917,-0.006261992790081,2012
1.4000000000000001,2.2876394191595133,2.4307406134462384,2.2876394191595133,2.1483202477332073,0.13931917142630604,0.006786486743440422,2074,0.961263411675257,0.9607071277562806,0.0005562839189763615,-0.0005201828285513218,2059,-3.24890283083477,-3.1090273754894886,-0.13987545534528179,-0.006266303914889049,2011
1.41,2.3296985932146277,2.4553785549648115,2.3296985932146277,2.1891990873663056,0.140499505848322,0.006829930585460987,2075,0.9615709078997393,0.961875972300506,-0.0003050644007668584,-0.0005601225497107667,2059,-3.2912695011143662,-3.1510750596668116,-0.14019444144755494,-0.006269808035750273,2011
1.42,2.3721164057141233,2.4799360057542863,2.3721164057141233,2.230448731651687,0.14166767406243597,0.006872679939471323,2075,0.9616293778858629,0.9628018258646953,-0.0011724479788325353,-0.0006001771918443273,2059,-3.3337457835999866,-3.193250557516383,-0.14049522608360343,-0.006272502747627178,2010
1.43,2.414889453154459,2.5044089493591133,2.414889453154459,2.272066083238506,0.14282336991595285,0.006914723421316179,2075,0.9614370450328591,0.963482704580265,-0.0020456595474058585,-0.0006403376400470871,2059,-3.3763264981873182,-3.235548787818771,-0.14077771036854658,-0.0062743857812690654,2010
1.44,2.4580142434108,2.5287933856593776,2.4580142434108,2.314047954163785,0.14396628924701516,0.006956049764997841,2076,0.9609921911976809,0.9639166819785785,-0.0029244907808976535,-0.0006805947613051721,2059,-3.419006434608481,-3.277964636142364,-0.14104179846611709,-0.006275455003692696,2009
1.45,2.501487196276673,2.553085331551953,2.501487196276673,2.3563910663318697,0.1450961299448033,0.006996647824919423,2076,0.960293157015072,0.9641018893521612,-0.0038087323370892276,-0.0007209394062894038,2059,-3.461780353291745,-3.3204929556840312,-0.1412873976077137,-0.006275708418629939,2009
1.46,2.5453046440209803,2.57728082162828,2.5453046440209803,2.3990920520116035,0.1462125920093767,0.007036506578107159,2077,0.9593383422060319,0.9640365161044806,-0.004698173898448773,-0.0007613624111489895,2059,-3.504642986227012,-3.3631285681160845,-0.14151441811092752,-0.00627514416695816,2008
1.47,2.5894628319622677,2.6013759088486146,2.5894628319622677,2.4421474543511392,0.14731537761112834,0.007075615126409971,2077,0.9581262058745995,0.9637188100882323,-0.0055926042136328295,-0.0008018545993100681,2059,-3.547589037836867,-3.4058662644393722,-0.1417227733974947,-0.00627376052709984,2008
1.48,2.6339579190601485,2.625366665212651,2.6339579190601485,2.4855537279102937,0.14840419114985445,0.007113962698675534,2078,0.9566552667929178,0.9631470779320683,-0.006491811139150562,-0.0008424067832746747,2059,-3.5906131858530665,-3.4487008058423627,-0.1419123800107037,-0.006271555915400916,2007
1.49,2.67878597852378,2.6492491824263844,2.67878597852378,2.5293072392103535,0.14947873931342712,0.007151538652906041,2078,0.9549241036745143,0.9623196853557067,-0.0073955816811924245,-0.0008830097664230772,2059,-3.6337100821982937,-3.4916269245660607,-0.14208315763223367,-0.006268528886482801,2007
1.5,2.72394299843728,2.673019572565103,2.72394299843728,2.5734042673012345,0.15053873113604535,0.007188332478386716,2079,0.9529313554357618,0.9612350574733676,-0.00830370203760573,-0.0009236543448153282,2059,-3.6768743538730417,-3.5346393247746026,-0.14223502909843924,-0.00626467813357142,2006
1.51,2.769424882401972,2.696673968732376,2.769424882401972,2.6178410043458955,0.15158387805607645,0.007224333797794376,2080,0.9506757214454558,0.9598916790854777,-0.009215957640021893,-0.0009643313089967129,2059,-3.720100603847427,-3.5777326834313734,-0.14236792041605378,-0.006260002488797633,2006
1.52,2.8152274501953456,2.720208525714934,2.8152274501953456,2.6626135562218947,0.15261389397345132,0.007259532369278403,2080,0.9481559617624761,0.958288094958592,-0.010132133196115866,-0.0010050314458020947,2059,-3.7633834119578222,-3.6209016511804872,-0.14248176077733507,-0.006254500923476333,2005
1.53,2.8613464384466183,2.7436194206333178,2.8613464384466183,2.707717943139996,0.15362849530662265,0.007293918088518606,2081,0.9453708973614878,0.9564229100934799,-0.011052012731991991,-0.001045745540160496,2059,-3.8067173358081066,-3.6641408532334756,-0.14257648257463088,-0.006248172548358167,2005
1.54,2.907777501328762,2.766902853588175,2.907777501328762,2.7531501002796963,0.154627401049066,0.007327480990758119,2081,0.942319410346634,0.9542947899813299,-0.0119753796346959,-0.0010864643769010081,2059,-3.8500969116753962,-3.707444890261026,-0.1426520214143699,-0.0062410166138572,2004
1.55,2.9545162112669012,2.790055048302099,2.9545162112669012,2.7989058784415817,0.1556103328253198,0.007360211252812003,2082,0.9390004441531864,0.951902460848023,-0.012902016694836526,-0.001127178742558021,2059,-3.8935166554200884,-3.750808339289605,-0.14270831613048368,-0.00623303251025413,2004
1.56,3.001558059662907,2.813072252756877,3.001558059662907,2.844981044716372,0.15657701494653437,0.007392099195044979,2082,0.9354130037371224,0.9492447098864335,-0.013831706149311094,-0.0011678794271752192,2059,-3.9369710634000294,-3.7942257546028064,-0.14274530879722266,-0.00622421976786967,2003
1.57,3.048898457636111,2.8359507398260564,3.048898457636111,2.891371283170559,0.1575271744655521,0.007423135283329881,2083,0.9315561557525831,0.9463203854767142,-0.014764229724130891,-0.0012085572261098048,2059,-3.9804546133886944,-3.8376916686472735,-0.1427629447414212,-0.006214578057220065,2003
1.58,3.0965327367799693,2.858686807902694,3.0965327367799693,2.9380721955484863,0.1584605412314828,0.007453310130975671,2083,0.9274290287171946,0.9431283973945244,-0.015699368677329725,-0.001249202941834104,2059,-4.023961765497165,-3.8812005929430113,-0.14276117255415346,-0.0062041071891416584,2002
1.59,3.1444561499345447,2.8812767815221894,3.1444561499345447,2.985079301990781,0.15937684794376347,0.007482614500627669,2084,0.9230308131652109,0.9396677170071678,-0.01663690384195709,-0.0012898073857364513,2058,-4.067486963099755,-3.924747018997949,-0.1427399441018058,-0.006192807114891133,2002
1.6,3.1926638719746805,2.9037170119800835,3.1926638719746805,3.032388041768967,0.16027583020571376,0.007511039306143114,2084,0.9183607617884562,0.9359373774576014,-0.01757661566914524,-0.0013303613799208322,2058,-4.1110246337631375,-3.9683254192265682,-0.14269921453656856,-0.0061806779262222715,2001
1.61,3.2411510006137214,2.9260038779447215,3.2411510006137214,3.0799937740361645,0.1611572265775566,0.007538575614438063,2085,0.9134181895650513,0.9319364738362824,-0.018518284271231165,-0.0013708557590015004,2058,-4.154569190178772,-4.011930247872447,-0.14263894230632523,-0.006167719855436406,2001
1.62,3.2899125572226113,2.948133786064649,3.2899125572226113,3.127891778593715,0.16202077862889674,0.007565214647304632,2085,0.9082024738758785,0.9276641633408262,-0.01946168946494772,-0.0014112813718988333,2058,-4.1981150310984905,-4.055555941934541,-0.14255908916394922,-0.006153933275406033,2000
1.6300000000000001,3.338943487664268,2.970103171570662,3.338943487664268,3.1760772566736057,0.16286623099066236,0.007590947783203525,2086,0.9027130546087911,0.9231196654234437,-0.020406610814652545,-0.0014516290836290228,2058,-4.24165654227306,-4.09919692209705,-0.14245962017600983,-0.0061393186995745645,2000
1.6400000000000001,3.388238663143031,2.991908498872382,3.388238663143031,3.2245453317365516,0.16369333140647915,0.007615766559024293,2087,0.8969494342505339,0.9183022619261333,-0.02135282767559949,-0.0014918897770917084,2058,-4.285188097393565,-4.142847593662686,-0.14234050373087948,-0.006123876781932526,1999
1.6500000000000001,3.4377928810690586,3.0135462621492457,3.4377928810690586,3.2732910502855823,0.1645018307834764,0.007639662671817138,2087,0.890911177966358,0.9132112972036044,-0.022300119237246258,-0.0015320543548550398,2058,-4.328704059035417,-4.186502347489187,-0.14220171154622938,-0.006107608316961961,1999
1.6600000000000001,3.487600865937523,3.0350129859358326,3.487600865937523,3.3223093826949963,0.16529148324252657,0.007662627980498422,2088,0.8845979136673335,0.9078461782339097,-0.02324826456657613,-0.0015721137409338915,2058,-4.372198779604857,-4.230155560928907,-0.14204321867595066,-0.00609051423956467,1998
1.67,3.5376572702224194,3.0563052257013856,3.5376572702224194,3.3715952240545324,0.16606204616788664,0.007684654507522877,2088,0.8780093320653237,0.9022063747167701,-0.024197042651446364,-0.001612058882567482,2058,-4.415666602287743,-4.273801598771303,-0.14186500351643969,-0.0060725956249552526,1998
1.68,3.5879566752848455,3.07741956842346,3.5879566752848455,3.421143395028594,0.16681328025625122,0.007705734440527799,2089,0.8711451867156383,0.8962914191595708,-0.02514623244393237,-0.0016518807519887821,2058,-4.459101862000484,-4.317434814188165,-0.14166704781231845,-0.006053853688538915,1997
1.69,3.638493592295579,3.0983526331555646,3.638493592295579,3.4709486427303835,0.16754494956519514,0.007725860133946178,2089,0.8640052940473386,0.8901009069510198,-0.026095612903681266,-0.0016915703481920202,2058,-4.502498886342917,-4.361049549681403,-0.14144933666151388,-0.00603428978575413,1997
1.7,3.6892624631717807,3.1191010715887164,3.6892624631717807,3.521005641610781,0.16825682156099978,0.007745024110588323,2090,0.8565895333812041,0.883634496422453,-0.027044963041248822,-0.0017311186986926665,2058,-4.545851996552985,-4.404640138033234,-0.14121185851975107,-0.006013905411895731,1996
1.71,3.7402576615276755,3.1396615686068063,3.7402576615276755,3.571308994361809,0.16894866716586657,0.007763219063195798,2091,0.8488978469353567,0.8768919088967768,-0.027994061961420028,-0.0017705168612821914,2058,-4.589155508463032,-4.448200903258585,-0.14095460520444722,-0.005992702201913773,1996
1.72,3.791473493639001,3.1600308428356616,3.791473493639001,3.621853232834515,0.16962026080448603,0.0077804378559604166,2091,0.8409302398185345,0.8698729287250425,-0.028942688906507922,-0.001809755925778079,2058,-4.632403733457536,-4.491726161559558,-0.14067757189797803,-0.005970681930182305,1995
1.73,3.8429041994210795,3.1802056471857196,3.8429041994210795,3.6726328189711115,0.17027138044996806,0.0077966735260131415,2092,0.8326867800110261,0.8625774033106451,-0.029890623299618824,-0.0018488270157671518,2057,-4.675590979432106,-4.535210222281757,-0.14038075715034923,-0.005947846510246162,1995
1.74,3.89454395342033,3.200182769388225,3.89454395342033,3.723642145751197,0.17090180766913277,0.007811919284883951,2092,0.8241675983332768,0.8550052431211458,-0.030837644787869,-0.00188772129034055,2057,-4.718711551753607,-4.5786473888723425,-0.14006416288126416,-0.005924197994543353,1994
1.75,3.9463868658190093,3.2199590325248244,3.9463868658190093,3.774875538151888,0.17151132766712146,0.007826168519922372,2093,0.8153728884021577,0.847156421687717,-0.031783533285559294,-0.0019264299458240722,2057,-4.761759754221167,-4.622031959839604,-0.13972779438156277,-0.005899738574098368,1994
1.76,3.9984269834530544,3.239531295550503,3.9984269834530544,3.826327254121691,0.17209972933136353,0.007839414795695407,2093,0.8063029065749239,0.8390309755922106,-0.03272806901728676,-0.001964944217499794,2057,-4.8047298900279785,-4.665358229713902,-0.13937166031407658,-0.005874470578195607,1993
1.77,4.050658290842782,3.2588964538097427,4.050658290842782,3.8779914855679323,0.17266680527484926,0.007851651855344099,2094,0.7969579718808674,0.8306290044418574,-0.03367103256098988,-0.0020032553813199984,2057,-4.847616262723649,-4.70862049000979,-0.13899577271385904,-0.005848396474023998,1993
1.78,4.103074711236296,3.278051439545808,4.103074711236296,3.9298623593575646,0.17321235187873107,0.007862873621912871,2095,0.7873384659406719,0.8219506708315991,-0.034612204890927235,-0.0020413547556154435,2057,-4.890413177176968,-4.751813030189164,-0.13860014698780335,-0.005821518866297339,1992
1.79,4.1556701076653955,3.296993222403098,4.1556701076653955,3.981933938331174,0.17373616933422115,0.007873074199642182,2095,0.7774448328735035,0.8129962002940668,-0.03555136742056334,-0.0020792337027922443,2057,-4.933114940538899,-4.794930138625241,-0.1381848019136578,-0.005793840496849924,1992
1.8,4.208438284013805,3.3157188099224473,4.208438284013805,4.034200222329994,0.17423806168381037,0.007882247875232442,2096,0.7672775791918446,0.8037658812372147,-0.03648830204537004,-0.002116883631021959,2057,-4.975715863205649,-4.837966103567209,-0.13774975963844052,-0.0057653642442104915,1991
1.81,4.261372986097494,3.334225248029294,4.261372986097494,4.086655149235747,0.17471783686174808,0.007890389119067729,2096,0.7568372736840931,0.7942600648696209,-0.0374227911855278,-0.002154295995922518,2057,-5.018210259781588,-4.880915214105368,-0.13729504567621997,-0.005736093123145273,1991
1.82,4.314467902756949,3.3525096215146397,4.314467902756949,4.139292596023116,0.17517530673383255,0.007897492586410908,2097,0.7461245472849579,0.784479165113477,-0.0383546178285192,-0.0021914623022294064,2056,-5.060592450041907,-4.923771761136595,-0.13682068890531235,-0.005706030284181321,1990
1.83,4.367716666961137,3.3705690545086995,4.367716666961137,4.192106379824666,0.17561028713647048,0.007903553118563923,2098,0.735140092933663,0.7744236585052782,-0.039283565571615,-0.0022283741054593856,2056,-5.1028567598948005,-4.966530038329945,-0.13632672156485517,-0.005675179013104534,1990
1.84,4.421112856922996,3.3884007109471757,4.421112856922996,4.245090259007994,0.17602259791500185,0.007908565743991604,2098,0.7238846654200103,0.7640940840842375,-0.04020941866422729,-0.0022650230135613804,2056,-5.144997522343006,-5.009184343092232,-0.13581317925077438,-0.005643542730430102,1989
1.85,4.474649997226229,3.406001795030055,4.474649997226229,4.298237934264946,0.1764120629612831,0.007912525679410119,2099,0.7123590812183128,0.7534910432684493,-0.041131962050136486,-0.0023014006885585915,2056,-5.187009078444543,-5.051728977533396,-0.1352801009111471,-0.005611124990851663,1989
1.86,4.528321559963226,3.42336955167287,4.528321559963226,4.351543049712678,0.1767785102505479,0.007915428330848927,2100,0.7005642183092383,0.7426151997188214,-0.042050981409583084,-0.002337498848181109,2056,-5.228885778272464,-5.0941582494315,-0.1347275288409648,-0.005577929482667887,1989
1.87,4.582120965883843,3.4405012669503154,4.582120965883843,4.4049991940063595,0.1771217718774837,0.00791726929466502,2100,0.6885010159895997,0.7314672791908087,-0.042966263201209026,-0.002373309267486516,2056,-5.270621981873442,-5.136466473197168,-0.13415550867627407,-0.0055439600271783305,1988
1.8800000000000001,4.636041585554906,3.457394268532169,4.636041585554906,4.458599901463329,0.17744168409157776,0.00791804435853312,2101,0.6761704746701239,0.7200480693739757,-0.043877594703851774,-0.002408823780471337,2056,-5.312212060225031,-5.1786479708373045,-0.13356408938772618,-0.005509220578061908,1988
1.8900000000000001,4.690076740530158,3.474045926111434,4.690076740530158,4.512338653198483,0.1777380873316757,0.00791774950239357,2101,0.6635736556612608,0.70835841971942,-0.04478476405815921,-0.0024440342816662297,2056,-5.353650396191419,-5.220697072917902,-0.1329533232735158,-0.00547371522072722,1987
1.9000000000000001,4.744219704530476,3.4904536518246054,4.744219704530476,4.566208878270695,0.17801082625978107,0.007916380899368003,2102,0.6507116809470358,0.6963992412550913,-0.045687560308055666,-0.00247893272772612,2055,-5.394931385477512,-5.262608119525787,-0.13232326595172508,-0.005437448171641877,1987
1.9100000000000001,4.7984637046341305,3.506614900664025,4.7984637046341305,4.620203954840057,0.1782597497940735,0.007913934916639217,2103,0.6375857329470275,0.6841715063890439,-0.04658577344201636,-0.0025135111390036918,2055,-5.436049437581158,-5.304375461229101,-0.13167397635205605,-0.005400423777635412,1986
1.92,4.852801922476861,3.522527170882211,4.852801922476861,4.674317211335724,0.17848471114113665,0.007910408116293632,2103,0.624197054266494,0.6716762487006581,-0.047479194434164144,-0.002547761601113153,2055,-5.476998976743355,-5.345993460036382,-0.1310055167069726,-0.005362646515180498,1986
1.93,4.907227495461553,3.5381880043881258,4.907227495461553,4.728541927634152,0.17868556782740255,0.007905797256129022,2104,0.6105469474347083,0.6589145627198761,-0.04836761528516787,-0.0025816762664800075,2055,-5.517774442896262,-5.387456490354028,-0.13031795254223447,-0.0053241209896490215,1985
1.94,4.9617335179773026,3.553594987135302,4.9617335179773026,4.7828713362475135,0.1788621817297891,0.007900099290425795,2104,0.5966367746315568,0.6458876036944928,-0.04925082906293597,-0.0026152473558767432,2055,-5.55837029260886,-5.428758939942007,-0.12961135266685295,-0.005284851934549174,1985
1.95,5.0163130426276235,3.568745749501736,5.0163130426276235,4.837298623522075,0.17901441910554822,0.007893311370682752,2105,0.5824679574024298,0.6325965873455479,-0.050128629943118064,-0.0026484671599505192,2055,-5.598781000030053,-5.469895210867623,-0.1288857891624298,-0.005244844210732114,1984
1.96,5.070959081467581,3.583637966661521,5.070959081467581,4.8918169308463,0.17914215062128103,0.007885430846311041,2106,0.5680419763614992,0.6190427896108676,-0.05100081324936828,-0.0026813280407305866,2054,-5.639001057829081,-5.510859720457168,-0.12814133737191302,-0.005204102805580516,1984
1.97,5.125664607249654,3.598269358948129,5.125664607249654,4.946419355868479,0.17924525138117556,0.007876455265304057,2106,0.5533603708834006,0.6052275463768053,-0.05186717549340466,-0.002713822433128167,2054,-5.679024978133055,-5.551646902245285,-0.127378075887771,-0.005162632832176002,1983
1.98,5.18042255467802,3.612637692209282,5.18042255467802,5.001098953723645,0.17932360095437488,0.007866382374852342,2107,0.5384247387834177,0.5911522531982359,-0.05272751441481824,-0.0027459428464165258,2054,-5.718847293461438,-5.592251206921881,-0.12659608653955703,-0.0051204395284358325,1983
1.99,5.235225821671128,3.6267407781533554,5.235225821671128,5.055848738269557,0.17937708340157185,0.007855210121940234,2108,0.5232367359861857,0.5768183650068536,-0.0535816290206679,-0.0027776818657042775,2054,-5.758462557657315,-5.63266710327641,-0.12579545438090425,-0.005077528256235947,1982
2.0,5.290067270632257,3.640576474687263,5.290067270632257,5.11066168333152,0.17940558730073689,0.007842936653892777,2108,0.5077980761830381,0.5622273958078355,-0.054429319624797474,-0.0028090321533844444,2054,-5.797865346815296,-5.672889079139355,-0.12497626767593989,-0.0050339045005085,1982
2.0100000000000002,5.344939729727839,3.6541426862457347,5.344939729727839,5.165530723955816,0.17940900577202296,0.007829560318890481,2109,0.4921105304779977,0.5473809183649269,-0.05527038788692917,-0.0028399864505781127,2054,-5.837050260205837,-5.7129116423207424,-0.12413861788509428,-0.004989573868312433,1982
2.02,5.399835994173339,3.667437364111959,5.399835994173339,5.220448757671508,0.17938723650183,0.007815079666445662,2109,0.47617592702252887,0.5322805638740084,-0.05610463685147942,-0.002870537578557701,2053,-5.876011921195868,-5.752729321545517,-0.12328259965035118,-0.0049445420878881,1981
2.0300000000000002,5.454748827526425,3.680458506729534,5.454748827526425,5.2754086457603995,0.17934018176602437,0.007799493447843118,2110,0.45999615063910587,0.5169280216252112,-0.0569318709861054,-0.0029006784401546673,2053,-5.91474497816553,-5.792336667385611,-0.12240831077991904,-0.004898815007688384,1981
2.04,5.509670962987204,3.6932041600056493,5.509670962987204,5.330403214534894,0.17926774845230922,0.007782800616541715,2111,0.44357314243366086,0.5013250386536455,-0.05775189621998478,-0.00293040202115432,2053,-5.953244105420866,-5.83172825318854,-0.12151585223232503,-0.004852398595387421,1980
2.05,5.56459510470527,3.705672417605463,5.56459510470527,5.385425256623539,0.1791698480817308,0.007765000328536822,2111,0.4269088993969946,0.4854734193788055,-0.058564519981810906,-0.002959701391674231,2053,-5.991504004102264,-5.870898676002344,-0.12060532809991993,-0.004805298936862351,1980
2.06,5.61951392909336,3.717861421237638,5.61951392909336,5.440467532264002,0.17904639682935763,0.007746091942693692,2112,0.4100054739952341,0.469375025232726,-0.05936955123749193,-0.0029885697075242618,2053,-6.029519403088594,-5.909842557496729,-0.11967684559186689,-0.004757522235169705,1979
2.07,5.674420086147304,3.729769360930955,5.674420086147304,5.495522770603258,0.17889731554404495,0.007726075021028069,2113,0.39286497374940793,0.4530317742769615,-0.06016680052755366,-0.003017000211551013,2052,-6.0672850598967125,-5.94855454488022,-0.11873051501649176,-0.004709074809477149,1979
2.08,5.729306200772114,3.741394475301976,5.729306200772114,5.550583671004725,0.17872252976738873,0.007704949328965446,2113,0.37548956080420626,0.4364456408084579,-0.060956080004251595,-0.0030449862349693144,2052,-6.1047957615763195,-5.987029311813182,-0.11776644976313724,-0.004659963093996036,1979
2.09,5.784164874113891,3.752735051813723,5.784164874113891,5.6056429043621225,0.17852196975176823,0.007682714835550043,2114,0.3578814514860513,0.41961865495439754,-0.06173720346834624,-0.003072521198669041,2052,-6.142046325599943,-6.02526155931652,-0.11678476628342305,-0.004610193636881034,1978
2.1,5.838988684897364,3.763789427025293,5.838988684897364,5.660693114419819,0.17829557047754535,0.007659371713624942,2114,0.3400429158504998,0.40255290225609375,-0.06250998640559403,-0.003099598614515072,2052,-6.179031600747864,-6.063246016675912,-0.11578558407195261,-0.004559773099110027,1978
2.11,5.893770190768751,3.774555986832408,5.893770190768751,5.715726919099387,0.1780432716693636,0.007634920339967849,2115,0.3219762772191323,0.38525052324201403,-0.0632742460228817,-0.003126212086619865,2052,-6.215746467987884,-6.100977442341401,-0.11476902564648322,-0.004508708253348249,1977
2.12,5.948501929643759,3.7850331666988297,5.948501929643759,5.770736911832177,0.17776501781158244,0.007609361295393075,2116,0.3036839117059685,0.36771371299001626,-0.06402980128404774,-0.0031523553126047016,2051,-6.252185841349728,-6.138450624822193,-0.11373521652753621,-0.004457005982788476,1977
2.13,6.003176421060418,3.7952194518786095,6.003176421060418,5.825715662897603,0.1774607581628148,0.007582695364811497,2116,0.2851682477335211,0.3499447206788809,-0.06477647294535974,-0.003178022084840783,2051,-6.288344668793941,-6.175660383576483,-0.11268428521745696,-0.004404673279970845,1976
2.14,6.057786167536556,3.8051133776291515,6.057786167536556,5.880655720766952,0.17713044676960446,0.007554923537260721,2117,0.2664317655385788,0.3319458491292259,-0.06551408359064713,-0.003203206291672712,2051,-6.3242179330751345,-6.212601569896176,-0.11161636317895898,-0.004351717245588105,1976
2.15,6.112323655931579,3.814713529415014,6.112323655931579,5.935549613452406,0.1767740424791734,0.007526047005884542,2118,0.24747699666781023,0.31371945433389287,-0.06624245766608265,-0.0032279019186234846,2051,-6.35980065259939,-6.249269067786298,-0.11053158481309208,-0.004298145087261267,1976
2.16,6.166781358812432,3.8240185431024702,6.166781358812432,5.9903898498611,0.1763915089513307,0.0074960671678910625,2118,0.22830652346328284,0.29526794497789294,-0.06696142151461013,-0.003252103049582351,2051,-6.395087882275715,-6.285657794838993,-0.10943008743672174,-0.004243964118308607,1975
2.17,6.221151735823314,3.833027105144741,6.221151735823314,6.045168921153893,0.17598281466942178,0.007464985624451373,2119,0.20892297853801695,0.2765937819480082,-0.06767080340999132,-0.0032758038679691166,2050,-6.430074714361332,-6.3217627031019,-0.10831201125943188,-0.004189181756482346,1975
2.18,6.2754272350591025,3.8417379527579274,6.2754272350591025,6.099879302108642,0.17554793295046067,0.007432804180586408,2119,0.18932904424163682,0.25769947783213965,-0.06837043359050282,-0.00329899865788588,2050,-6.4647562793007385,-6.3575787799407815,-0.1071774993599586,-0.004133805522700374,1974
2.19,6.329600294442023,3.850149874087531,6.329600294442023,6.154513452487737,0.175086841954286,0.007399524844990572,2120,0.16952745211625,0.23858759640849828,-0.06906014429224827,-0.0033216818052470196,2050,-6.499127746558273,-6.393101048896234,-0.10602669766203857,-0.004077843039743493,1974
2.2,6.383663343101478,3.8582617083656494,6.383663343101478,6.209063818409599,0.17459952469187903,0.00736514982983663,2121,0.14952098234266195,0.2192607521247391,-0.06973976978207716,-0.0033438477988868664,2050,-6.533184325444142,-6.428324570534338,-0.10485975490980347,-0.004021302030949964,1974
2.21,6.43760880275667,3.8660723460587136,6.43760880275667,6.263522833723938,0.1740859690327323,0.007329681550528767,2121,0.12931246317701692,0.19972160956713683,-0.07040914639011991,-0.003365491231650072,2049,-6.566921265933686,-6.463244443291074,-0.1036768226426131,-0.003964190318878824,1973
2.22,6.491429089101823,3.873580729005807,6.491429089101823,6.3178829213904635,0.17354616771136,0.007293122625431473,2122,0.10890477037796453,0.17997288291990424,-0.07106811254193969,-0.0033866068014656017,2049,-6.600333859479787,-6.497855804310367,-0.1024780551694209,-0.003906515823965673,1973
2.23,6.545116613193708,3.8807858505475217,6.545116613193708,6.372136494860852,0.1729801183328561,0.007255475875544648,2122,0.08830082662450132,0.16001733541475863,-0.07171650879025729,-0.0034071893123930283,2049,-6.63341743981821,-6.532153830275611,-0.10126360954259873,-0.0038482865631515603,1973
2.24,6.598663782841258,3.887686755645347,6.598663782841258,6.4262759594636645,0.17238782337759373,0.007216744324158617,2123,0.06750360092454902,0.1398577787708406,-0.07235417784629157,-0.0034272336756560862,2049,-6.666167383765806,-6.566133738234504,-0.10003364553130216,-0.0037895106485023302,1972
2.25,6.652063003996951,3.8942825409915525,6.652063003996951,6.480293713791976,0.17176929020497403,0.007176931196454269,2124,0.04651610801442484,0.11949707262509303,-0.07298096461066819,-0.0034467349106501667,2049,-6.698579112011377,-6.59979078641707,-0.09878832559430609,-0.0037301962858040808,1972
2.2600000000000002,6.705306682149783,3.90057235510956,6.705306682149783,6.534182151093478,0.17112453105630557,0.007136039919080649,2124,0.025341407749286254,0.0989381239532092,-0.07359671620392295,-0.0034656881459335827,2048,-6.73064808989907,-6.6331202750466876,-0.09752781485238252,-0.003670351773147027,1971
2.27,6.758387223719489,3.9065553984448003,6.758387223719489,6.587933660662749,0.1704535630567403,0.007094074119682571,2125,0.003982604484694344,0.07818388648126087,-0.07420128199656653,-0.0034840886201940673,2048,-6.762369828204184,-6.666117547144009,-0.09625228106017401,-0.003609985499488398,1971
2.2800000000000002,6.811297037451837,3.912230923446019,6.811297037451837,6.6415406292355,0.16975640821633609,0.007051037626401883,2125,-0.017557153550611045,0.05723736008811922,-0.07479451363873027,-0.0035019316831979242,2048,-6.793739883901226,-6.698777989323621,-0.09496189457760536,-0.0035491059432038704,1971
2.29,6.8640285358146444,3.917598234637033,6.8640285358146444,6.69499544238448,0.16903309343016545,0.007006934467329434,2126,-0.03927467489058012,0.03610159019878294,-0.07537626508936306,-0.0035192127967143987,2048,-6.824753860924066,-6.731097032583263,-0.0936568283408029,-0.0034877216706150887,1970
2.3000000000000003,6.916574136394365,3.9226566886789467,6.916574136394365,6.748290485916797,0.16828365047756824,0.006961768869933437,2127,-0.06116672547626652,0.014779667168729579,-0.0759463926449961,-0.0035359275354217897,2047,-6.855407410918099,-6.763070153085526,-0.09233725783257267,-0.0034258413345116282,1970
2.31,6.96892626329286,3.927405694422769,6.96892626329286,6.801418147272425,0.1675081160204356,0.006915545260435258,2127,-0.08323002930864651,-0.0067252743405920475,-0.07650475496805445,-0.0035520715877902795,2047,-6.8856962339842145,-6.794692872931833,-0.0910033610523815,-0.0033634736726450773,1970
2.32,7.021077348524238,3.931844712952488,7.021077348524238,6.854370816923598,0.16670653160063964,0.006868268263164858,2128,-0.10546126910972824,-0.028410055995009134,-0.07705121311471912,-0.003567640756944109,2047,-6.9156160794145105,-6.825960760928589,-0.08965531848592073,-0.003300627506220676,1969
2.33,7.073019833411362,3.935973257618553,7.073019833411362,6.9071408897748485,0.16587894363651276,0.00681994269986405,2128,-0.12785708699181927,-0.050271456429490546,-0.07758563056232871,-0.003582630961501204,2047,-6.945162746419543,-6.856869433345358,-0.08829331307418481,-0.003237311738363063,1969
2.34,7.124746169981866,3.9397908940617827,7.124746169981866,6.959720766563433,0.16502540341843203,0.006770573588961502,2129,-0.15041408513482074,-0.07230621189850779,-0.07810787323631296,-0.0035970382363895268,2046,-6.974332084847045,-6.887414554664925,-0.08691753018211978,-0.0031735353525719602,1969
2.35,7.176248822363393,3.9432972402276993,7.176248822363393,7.012102855259883,0.16414596710350893,0.006720166144811736,2130,-0.17312882647143799,-0.09451101693476768,-0.07861780953667029,-0.0036108587336450278,2046,-7.0031199958919546,-6.917591838325116,-0.08552815756683926,-0.003109307411166884,1968
2.36,7.227520268177748,3.9464919663712767,7.227520268177748,7.064279572468412,0.1632406957093349,0.006668725776889125,2130,-0.19599783538014312,-0.1168825250161897,-0.07911531036395344,-0.003624088723181671,2046,-7.031522432797605,-6.947397047452222,-0.08412538534538154,-0.0030446370537072697,1968
2.37,7.278552999933799,3.9493747950521163,7.278552999933799,7.116243344826932,0.16230965510686712,0.006616258088957084,2131,-0.219017598385804,-0.1394173492410021,-0.07960024914480189,-0.0036367245935465626,2046,-7.059535401547995,-6.97682599558593,-0.08270940596206507,-0.0029795334954104673,1968
2.38,7.329339526418777,3.9519455011200573,7.329339526418777,7.167986610406408,0.16135291601236917,0.006562768878191823,2131,-0.2421845648677929,-0.16211206301082656,-0.08007250185696638,-0.0036487628526447927,2045,-7.087154961550985,-7.005874547395582,-0.08128041415540212,-0.0029140060255468375,1967
2.39,7.379872374087766,3.954203911691232,7.379872374087766,7.219501820109297,0.1603705539784688,0.006508264134274215,2132,-0.2654951477754757,-0.18496320072162065,-0.08053194705385505,-0.003660200128444904,2045,-7.114377226312292,-7.0345386193876775,-0.07983860692461456,-0.00284806400582943,1967
2.4,7.430144088451109,3.956149906114538,7.430144088451109,7.27078143906681,0.15936264938429814,0.006452750038441794,2133,-0.288945724350941,-0.20796725846234743,-0.0809784658885936,-0.0036710331696632077,2045,-7.141198364100168,-7.062814180604464,-0.07838418349570372,-0.0027817168687785526,1967
2.41,7.480147235459496,3.957783415928608,7.480147235459496,7.321817948034738,0.15832928742475785,0.006396232962515504,2133,-0.312532636858818,-0.23112069472123753,-0.08141194213758048,-0.003681258846422589,2044,-7.167614598600679,-7.090697253313502,-0.07691734528717603,-0.0027149741160927875,1966
2.42,7.529874402886407,3.95910442480921,7.529874402886407,7.37260384478757,0.1572705580988365,0.006338719467871211,2134,-0.33625219332304823,-0.2544199310995093,-0.08183226222353897,-0.003690874150887855,2044,-7.19362220956336,-7.118183913688064,-0.07543829587529534,-0.002647845316983052,1966
2.43,7.579318201707762,3.9601129685071506,7.579318201707762,7.423131645510673,0.15618655619708868,0.006280216304398829,2134,-0.3601006682704825,-0.2778613530324103,-0.08223931523807222,-0.0036998761978804954,2044,-7.219217533437281,-7.1452702924782665,-0.07394724095901418,-0.002580340106518005,1966
2.44,7.628471267478412,3.960809134776673,7.628471267478412,7.473393886190238,0.1550773812881734,0.006220730409409002,2135,-0.3840743034811422,-0.3014413105174439,-0.08263299296369832,-0.0037082622254671323,2044,-7.2443969639972705,-7.1719525756727975,-0.07244438832447243,-0.002512468183941325,1966
2.45,7.677326261705274,3.961193063294361,7.677326261705274,7.52338312400076,0.15394313770451443,0.006160268906511154,2135,-0.4081693087450188,-0.32515611884963924,-0.08301318989537959,-0.003716029595526825,2043,-7.269156952960255,-7.198227005151122,-0.07092994780913256,-0.0024442393109840484,1965
2.46,7.725875873216857,3.9612649455685878,7.725875873216857,7.573091938689784,0.15278393452707353,0.006098839104456997,2136,-0.4323818626252483,-0.3490020593637269,-0.08337980326152147,-0.0037231757942916156,2043,-7.293494010591609,-7.224089879326059,-0.06940413126555071,-0.0023756633101652564,1965
2.47,7.774112819528902,3.961025024839506,7.774112819528902,7.622512933959664,0.15159988556923765,0.006036448495950237,2136,-0.4567081132275501,-0.37297538018307735,-0.08373273304447276,-0.003729698432870021,2043,-7.317404706301352,-7.249537553776587,-0.06786715252476538,-0.002306750063080438,1965
2.48,7.822029848205864,3.960473595969633,7.822029848205864,7.671638738846061,0.15039110935980302,0.005973104756416088,2137,-0.4811441789757212,-0.3970722969752588,-0.08407188200046237,-0.003735595247735713,2043,-7.340885669230143,-7.274566441870801,-0.0663192273593417,-0.0022375095086807637,1964
2.49,7.869619738218045,3.959611005325011,7.869619738218045,7.720462009092949,0.14915772912509567,0.005908815742743405,2138,-0.505686149393121,-0.4212889937140716,-0.08439715567904935,-0.0037408641012055305,2042,-7.363933588824925,-7.299173015378877,-0.06476057344604771,-0.002167951641538552,1964
2.5,7.916875301294052,3.958437650647026,7.916875301294052,7.768975428523854,0.14789987277019814,0.005843589491987685,2138,-0.5303300858899087,-0.44562162344791156,-0.08470846244199712,-0.0037455029818804705,2042,-7.386545215404145,-7.323353805075942,-0.06319141032820286,-0.002098086510107666,1964
2.5100000000000002,7.963789383268395,3.9569539809148537,7.963789383268395,7.817171710409068,0.14661767285932711,0.005777434220046693,2139,-0.5550720225559674,-0.47006630907431896,-0.08500571348164855,-0.0037495100050744397,2042,-7.408717360712429,-7.3471054013347485,-0.06161195937767996,-0.002027924214972477,1964
2.52,8.010354865423897,3.955160496198599,8.010354865423897,7.865043598828606,0.14531126659529023,0.005710358320293069,2139,-0.5799079669592948,-0.49461914412056157,-0.08528882283873324,-0.0037528834132102224,2041,-7.430446898464603,-7.370424454708046,-0.060022443756557284,-0.0019574749070829945,1963
2.5300000000000002,8.056564665828757,3.9530577475031645,8.056564665828757,7.912583870030626,0.14398079579813014,0.0056423703621836865,2140,-0.604833900949745,-0.5192761935301056,-0.08555770741963939,-0.0037556215761942206,2041,-7.451730764879014,-7.393307676500522,-0.05842308837849064,-0.001886748785989308,1963
2.54,8.102411740667913,3.950646336602846,8.102411740667913,7.9597853337850655,0.14262640688284803,0.005573479089825242,2140,-0.6298457814679617,-0.5440334944548229,-0.08581228701313882,-0.003757722991767332,2041,-7.472565959199952,-7.415751839330244,-0.05681411986970871,-0.0018157560980576132,1963
2.5500000000000003,8.147889085568572,3.9479269158667174,8.147889085568572,8.00664083473225,0.14124825083632228,0.005503693420520832,2141,-0.654939541359357,-0.5688870570527846,-0.0860524843065723,-0.0037591862858338417,2041,-7.492949544209216,-7.437753777679466,-0.055195766529750674,-0.001744507134686885,1963
2.56,8.192989736919536,3.9449001880748407,8.192989736919536,8.05314325372622,0.13984648319331433,0.0054330224432684315,2141,-0.6801110901929438,-0.5938328652914878,-0.08627822490145591,-0.003760010212758809,2040,-7.512878646726593,-7.459310388434734,-0.053568258291858725,-0.0016730122305097465,1963
2.57,8.23770677318418,3.941566906225333,8.23770677318418,8.09928550917252,0.1384212640116604,0.005361475417239382,2142,-0.7053563150849141,-0.6188668777563625,-0.08648943732855163,-0.003760193655647487,2040,-7.532350458099269,-7.480418631416159,-0.051931826683109875,-0.0016012817615920875,1962
2.58,8.2820333162068,3.9379278733323178,8.2820333162068,8.145060558360193,0.136972757846606,0.005289061770220212,2142,-0.7306710815267814,-0.6439850284644044,-0.086686053062377,-0.0037597356265991633,2040,-7.5513622346800195,-7.5010755298957905,-0.050286704784229606,-0.0015293261436211854,1962
2.59,8.325962532512035,3.9339839422148324,8.325962532512035,8.190461398787756,0.1355011337242801,0.005215791097020157,2143,-0.7560512342179174,-0.6691832276827792,-0.08686800653513839,-0.003758635266932408,2039,-7.569911298294119,-7.521278171104977,-0.048633127189141596,-0.0014571558300875394,1962
2.6,8.36948763459722,3.929736015276693,8.36948763459722,8.235481069482871,0.13400656511435022,0.005141673157851169,2143,-0.7814925979023599,-0.6944573627522408,-0.08703523515011896,-0.003756891847391634,2039,-7.587995036694863,-7.5410237067306305,-0.04697132996423275,-0.0013847813104597073,1962
2.61,8.412601882217349,3.9251850442774066,8.412601882217349,8.280112652315522,0.13248922990182702,0.005066717876675873,2144,-0.8069909782096917,-0.7198032989152082,-0.0871876792944835,-0.003754504768323972,2039,-7.6056109040076585,-7.5603093534003145,-0.045301550607343144,-0.0013122131083518306,1961
2.62,8.455298583662437,3.920332030094154,8.455298583662437,8.324349273304374,0.1309493103580622,0.004990935339526612,2144,-0.8325421624998588,-0.7452168801483401,-0.08732528235151858,-0.003751473559833374,2039,-7.622756421162579,-7.579132393156036,-0.04362402800654283,-0.0012394617796929247,1961
2.63,8.497571097027034,3.915178022474866,8.497571097027034,8.36818410391615,0.1293869931108864,0.0049143357927851,2145,-0.8581419207117603,-0.7706939299994529,-0.08744799071230738,-0.0037477978819114854,2038,-7.639429176315276,-7.5974901739166985,-0.041939002398577924,-0.0011665379108734015,1961
2.64,8.539412831471678,3.9097241197825063,8.539412831471678,8.411610362357713,0.12780246911396448,0.0048369296414463026,2145,-0.883786006215433,-0.7962302524286174,-0.08755575378681572,-0.0037434775245400167,2038,-7.655626825256246,-7.615380109929099,-0.04024671532714807,-0.0010934521169061627,1961
2.65,8.580817248475991,3.9039714687305453,8.580817248475991,8.454621314860683,0.12619593361530812,0.004758727447337787,2146,-0.9094701566676956,-0.8218216326532783,-0.08764852401441721,-0.003738512407772554,2038,-7.671347091808299,-7.632799682207407,-0.0385474096008913,-0.0010202150395653394,1961
2.66,8.621777863083283,3.8979212641097205,8.621777863083283,8.497210276958269,0.12456758612501373,0.004679739927323323,2146,-0.9351900948710693,-0.8474638379972325,-0.08772625687383684,-0.0037329025817904593,2037,-7.686587768212214,-7.649746438961038,-0.03684132925117651,-0.0009468373455327186,1961
2.67,8.662288245136288,3.891574748506128,8.662288245136288,8.539370614754139,0.12291763038214827,0.004599977951461001,2147,-0.9609415296357968,-0.8731526187433047,-0.08778891089249212,-0.003726648226928,2037,-7.701346715500492,-7.666217996010836,-0.035128719489655756,-0.0008733297245331921,1960
2.68,8.702342020503963,3.88493321201069,8.702342020503963,8.581095746183069,0.12124627432089369,0.004519452541149657,2147,-0.986720156644845,-0.8988837089895587,-0.0878364476552864,-0.0037197496536826875,2037,-7.715621863859119,-7.682212037193512,-0.033409826665606684,-0.0007997028874669049,1960
2.69,8.741932872298987,3.8779979919200604,8.741932872298987,8.62237914226312,0.11955373003586622,0.00443817486723462,2147,-1.0125216593216795,-0.9246528275088794,-0.08786883181280006,-0.0037122073026949554,2036,-7.729411212977309,-7.697726314754243,-0.031684898223066554,-0.0007259675645396651,1960
2.7,8.781054542085814,3.870770472429042,8.781054542085814,8.663214328339146,0.11784021374666913,0.0043561562480924874,2148,-1.038341709700662,-0.9504556786117647,-0.08788603108889717,-0.0037040217447033225,2036,-7.742712832385155,-7.712758649727382,-0.02995418265777235,-0.0006521345033893107,1960
2.71,8.819700831078984,3.8632520843145643,8.819700831078984,8.703594885317338,0.11610594576164546,0.0042734081476783125,2148,-1.064175969299896,-0.976287953012158,-0.08788801628773805,-0.003695193680473101,2036,-7.755524861779091,-7.727306932305182,-0.02821792947390839,-0.0005782144672053131,1960
2.72,8.85786560133155,3.855444304611268,8.85786560133155,8.743514450890661,0.11435115044088821,0.004189942173558207,2149,-1.0900200899963859,-1.0021453286961606,-0.08787476130022527,-0.003685723940706481,2036,-7.7678455113351665,-7.741369122194501,-0.02647638914066473,-0.0005042182328519407,1960
2.73,8.895542776913327,3.8473486562788044,8.895542776913327,8.782966720754855,0.11257605615847287,0.00410577007490583,2149,-1.1158697149032932,-1.0280234717934553,-0.08784624310983813,-0.0036756134859207415,2035,-7.779673062010037,-7.754943248961401,-0.02472981304863652,-0.00043015658898542825,1960
2.74,8.932726345078772,3.838966707860858,8.932726345078772,8.821945449814848,0.11078089526392491,0.004020903740472721,2150,-1.1417204792491678,-1.0539180374512773,-0.08780244179789039,-0.003664863406306746,2035,-7.7910058658296055,-7.76802741236357,-0.022978453466035734,-0.0003560403341661177,1959
2.75,8.969410357424264,3.830300073136017,8.969410357424264,8.86044445338132,0.10896590404294483,0.003935355196535633,2150,-1.1675680112589455,-1.0798246707107642,-0.08774334054818152,-0.0036534749215575775,2035,-7.801842346165319,-7.780619782670556,-0.021222563494764514,-0.0002818802749779232,1959
2.7600000000000002,9.005588931034604,3.821350410760508,9.005588931034604,8.8984576083572,0.10713132267740302,0.003849136604816731,2150,-1.1934079330365996,-1.1057390073855156,-0.08766892565108426,-0.0036414493806811764,2034,-7.812180997998006,-7.792718600971686,-0.019462397026319966,-0.00020768722413576184,1959
2.77,9.041256249618435,3.8121194239029057,9.041256249618435,8.935978854413872,0.10527739520456354,0.0037622602603744164,2151,-1.2192358614491994,-1.1316566749422021,-0.08757918650699718,-0.0036287882617759837,2034,-7.822020388169236,-7.8043221794716695,-0.017698208697565367,-0.00013347199859809877,1959
2.7800000000000002,9.076406564632478,3.8026088598708596,9.076406564632478,8.973002195156862,0.103404369475616,0.003674738589474612,2151,-1.245047409012291,-1.157573293383048,-0.08747411562924284,-0.0036154931717939875,2034,-7.831359155620187,-7.815428901773813,-0.015930253846374146,-5.924541768044956e-05,1959
2.79,9.111034196394282,3.792820509729935,9.111034196394282,9.00952169928081,0.10151249711347124,0.0035865841474340097,2152,-1.2708381847763712,-1.1834844761300223,-0.08735370864634903,-0.0036015658462716553,2034,-7.840196011617911,-7.826037223150787,-0.0141587884671228,1.4981698837468645e-05,1959
2.8000000000000003,9.14513353518331,3.78275620791462,9.14513353518331,9.045531501713484,0.09960203346982695,0.003497809616437142,2152,-1.2966037952143021,-1.2093858309105687,-0.0872179643037332,-0.0035870081490369655,2033,-7.848529739969011,-7.836145670802916,-0.012384069166094736,8.919853259960198e-05,1959
2.81,9.178699042330184,3.772417831831593,9.178699042330184,9.081025804748629,0.09767323758155597,0.0034084278033319204,2152,-1.3223398451095174,-1.2352729606447095,-0.087066884464808,-0.00357182207189606,2033,-7.856359197220668,-7.845752844103919,-0.01060635311674896,0.00016339426856407102,1959
2.82,9.211725251293824,3.761807301455307,9.211725251293824,9.11599887916744,0.09572637212638525,0.0033184516374024572,2153,-1.3480419384448281,-1.2611414643333463,-0.086900474111482,-0.003556009734292935,2033,-7.8636833128489965,-7.854857414834094,-0.00882589801490287,0.00023755809689061935,1959
2.83,9.244206768726325,3.750926578915997,9.244206768726325,9.150445065348459,0.09376170337786711,0.003227894168113546,2153,-1.3737056792916504,-1.2869869379475962,-0.08671874134405441,-0.003539573382941631,2032,-7.870501089434675,-7.863458127400863,-0.007042962033811702,0.0003116792148283188,1958
2.84,9.276138275525357,3.739777668080166,9.276138275525357,9.184358774365656,0.09177950115970174,0.0031367685628388778,2154,-1.3993266726995233,-1.3128049753189872,-0.08652169738053608,-0.0035225153914408146,2032,-7.876811602825834,-7.8715537990466675,-0.005257803779165269,0.0003857468286022391,1958
2.85,9.30751452787387,3.728362614123641,9.30751452787387,9.217734489074513,0.08978003879935832,0.003045088104560073,2154,-1.4249005255857015,-1.3385911690303487,-0.08630935655535295,-0.0035048382598576087,2032,-7.882614002288169,-7.8791433200441645,-0.0034706822440051834,0.00045975015529768886,1958
2.86,9.338330358266957,3.716683503097287,9.338330358266957,9.25056676518591,0.08776359308104581,0.002952866189549745,2154,-1.4504228476246854,-1.3643411113072215,-0.08608173631746414,-0.003486544614290406,2032,-7.887907510642271,-7.8862256538786895,-0.00168185676358166,0.0005336784247406239,1958
2.87,9.368580676525603,3.704742461485443,9.368580676525603,9.282850232327583,0.08573044419801885,0.0028601163250278443,2155,-1.4758892521375122,-1.3900503949096206,-0.08583885722789143,-0.0034676372064093193,2031,-7.892691424388091,-7.8927998374179635,0.00010841302987238317,0.0006075208813812096,1958
2.88,9.398260470797217,3.692541655757191,9.398260470797217,9.314579595092972,0.08368087570424455,0.002766852126799965,2155,-1.501295356980625,-1.4157146140239825,-0.08558074295664297,-0.0034481189129693494,2031,-7.896965113816592,-7.898864981068992,0.0018998672523990283,0.0006812667861694471,1958
2.89,9.42736480854269,3.680083291910534,9.42736480854269,9.345749634077272,0.0816151744654187,0.0026730873168727453,2155,-1.526636785434156,-1.4413293651551171,-0.08530742027903887,-0.0034279927352985355,2031,-7.9007280231085355,-7.904420268922155,0.003692245813620768,0.0007549054184259303,1958
2.9,9.45588883750982,3.6673696150095556,9.45588883750982,9.376355206900456,0.07953363060936347,0.002578835721051772,2156,-1.5519091670894756,-1.4668902480180108,-0.08501891907146465,-0.003407261798769254,2030,-7.903979670420345,-7.909464958882447,0.005485288462101577,0.000828426077717488,1958
2.91,9.48382778669292,3.654402908714686,9.48382778669292,9.406391249217123,0.07743653747579848,0.0024841112665166983,2156,-1.5771081387357953,-1.4923928664292903,-0.08471527230650508,-0.0033859293522365483,2030,-7.906719647957126,-7.913998382787834,0.007278734830706393,0.0009018180857199012,1958
2.92,9.511176967278423,3.641185494806116,9.511176967278423,9.435852775712933,0.07532419156549014,0.0023889279793757254,2156,-1.6022293452457006,-1.5178328291981946,-0.084396516047506,-0.003363998767460209,2030,-7.908947622032722,-7.918019946514739,0.009072324482016255,0.0009750707880844698,1958
2.93,9.537931773576295,3.627719732700506,9.537931773576295,9.464734881087471,0.07319689248882355,0.0022932999822073627,2156,-1.627268440459413,-1.5432057510168737,-0.08406268944253957,-0.0033414735385006314,2029,-7.910663333116882,-7.921529130070598,0.01086579695371641,0.0010481735562934066,1958
2.94,9.564087683937105,3.614008018961038,9.564087683937105,9.493032741023356,0.0710549429137497,0.0021972414915761938,2157,-1.6522210880676176,-1.5685072533498499,-0.0837138347177679,-0.00331835728108831,2029,-7.911866595869489,-7.924525487673507,0.012658891804017818,0.0011211157895119226,1958
2.95,9.589640261654544,3.6000527868009233,9.589640261654544,9.520741613141375,0.06889864851316942,0.0021007668155333436,2157,-1.677082962492706,-1.5937329653224672,-0.08334999717023872,-0.0032946537319760525,2029,-7.912557299161838,-7.927008647818908,0.014451348657069103,0.0011938869164426734,1958
2.96,9.614585155853252,3.585856505580472,9.614585155853252,9.54785683794151,0.06672831791174189,0.002003890351102525,2157,-1.7018497497682383,-1.618878524608165,-0.08297122516007364,-0.0032703667482623447,2029,-7.912735406085014,-7.928978313333344,0.016242907248330357,0.0012664763971595543,1958
2.97,9.638918102361766,3.5714216802977843,9.638918102361766,9.574373839729645,0.06454426263212044,0.0019066265817445985,2158,-1.7265171484164934,-1.643939578314399,-0.08257757010209421,-0.0032455003066981965,2028,-7.912400953945274,-7.930434261415247,0.018033307469973957,0.0013388737249535121,1958
2.98,9.66263492457042,3.55675085107322,9.66263492457042,9.600288127529794,0.062346797040625616,0.0018089900748033266,2158,-1.7510808703238763,-1.66891178386705,-0.08216908645682613,-0.003220058502960397,2028,-7.911554054246544,-7.931376343662746,0.01982228941620112,0.0014110684281571102,1958
2.99,9.68573153427406,3.541846592627677,9.68573153427406,9.625595295981656,0.06013623829240433,0.0017109954789439217,2158,-1.775536641614105,-1.6937908098931387,-0.08174583172096633,-0.0031940455509156668,2028,-7.9101948926599555,-7.931804486088518,0.021609593428563202,0.0014830500719719602,1958
3.0,9.70820393249937,3.526711513754839,9.70820393249937,9.650291026223353,0.05791290627601516,0.0016126575215645728,2158,-1.7998802035189183,-1.7185723371016903,-0.08130786641722802,-0.0031674657818495113,2028,-7.908323728980451,-7.931718689121666,0.023394960141214647,0.0015548082602851272,1958
3.0100000000000002,9.73031496998848,3.511444524153062,9.73031496998848,9.674391846589636,0.055923123398845274,0.0015792099370574566,2159,-1.8241573230979264,-1.7432559510403676,-0.08090137205755897,-0.003152550338366934,2027,-7.906157646890556,-7.9311358955492715,0.024978248658715473,0.001573340401309852,1958
3.02,9.752329973197126,3.4961428780114567,9.752329973197126,9.697947209230263,0.054382763966863826,0.0016515033588259571,2159,-1.8484164389805997,-1.767847578637623,-0.08056886034297658,-0.003157499061728161,2027,-7.903913534216527,-7.930099630592642,0.02618609637611495,0.001505995702902759,1958
3.0300000000000002,9.774248724846112,3.480806726351095,9.774248724846112,9.72102412356167,0.0532246012844431,0.0017858593832726652,2159,-1.8726573117392566,-1.7923567923914239,-0.0803005193478326,-0.0031747282348191883,2027,-7.901591413106856,-7.928667331170248,0.02707591806339109,0.0013888688515465274,1958
3.04,9.796071008606207,3.4654362205336056,9.796071008606207,9.743695799531427,0.05237520907478001,0.0019490512303611133,2159,-1.8968797021262662,-1.81679477412555,-0.08008492800071614,-0.0031983498269211575,2026,-7.899191306479943,-7.926901025405879,0.027709718925936933,0.0012492985965600126,1958
3.0500000000000003,9.817796609100283,3.4500315122596716,9.817796609100283,9.76603378028732,0.051762828812963235,0.002117228708520431,2160,-1.9210833710764184,-1.8411728657679987,-0.07991050530841985,-0.003224035678385021,2026,-7.896713238023865,-7.924860914519322,0.028147676495457814,0.0011068069698645794,1958
3.06,9.839425311905428,3.4345927535675447,9.839425311905428,9.788102954937212,0.05132235696821568,0.0022744912116524118,2160,-1.9452680797092716,-1.8655016144040635,-0.07976646530520798,-0.003248808089747861,2026,-7.894157232196156,-7.92260134053315,0.02844410833699349,0.0009743168780955531,1958
3.0700000000000003,9.860956903555083,3.4191200968315436,9.860956903555083,9.809958831560346,0.0509980719947359,0.002411342572820891,2160,-1.9694335893315125,-1.889790212917123,-0.07964337641438976,-0.0032707988012400007,2026,-7.89152331422357,-7.920168618643227,0.028645304419655456,0.0008594562284190057,1958
3.08,9.88239117154113,3.4036136947605384,9.88239117154113,9.831646491898317,0.05074467964281275,0.0025231890181736504,2160,-1.9935796614393217,-1.9140462413275319,-0.07953342011179,-0.0032890061227714993,2025,-7.88881151010181,-7.9176002505707865,0.028788740468976854,0.0007658171045976901,1958
3.09,9.903727904315993,3.388073700396463,9.903727904315993,9.853200720903239,0.05052718341275477,0.0026089817439517065,2161,-2.0177060577207095,-1.9382756237752454,-0.07943043394546415,-0.003303069713099409,2025,-7.886021846595284,-7.914925097127993,0.02890325053270937,0.0006940879691476037,1958
3.1,9.92496689129474,3.372500267112785,9.92496689129474,9.874646890324993,0.05032000096974743,0.002670058918293248,2161,-2.041812540057891,-1.9624827290904447,-0.07932981096744622,-0.0033130743196504624,2025,-7.883154351236851,-7.91216416123455,0.029009809997698387,0.0006430154013570564,1958
3.11,9.946107922857143,3.356893548613002,9.946107922857143,9.896002264118964,0.05010565873817853,0.002709207269576663,2161,-2.0658988705296166,-1.986670556943526,-0.07922831358609053,-0.0033193875876474134,2025,-7.880209052327528,-7.909331707175439,0.029122654847911204,0.0006101803180703549,1958
3.12,9.96715079034975,3.3412536989291293,9.96715079034975,9.917277476865936,0.04987331348381562,0.0027299393292325265,2161,-2.0899648114135245,-2.010840965204382,-0.07912384620914235,-0.0033225326165722668,2024,-7.877185978936228,-7.906436511661553,0.02925053272532554,0.0005925932873394697,1958
3.13,9.98809528608796,3.3255808724201636,9.98809528608796,9.93847800995653,0.04961727613142993,0.002735967032128494,2162,-2.114010125188499,-2.034994906455167,-0.07901521873333167,-0.003323093007759468,2024,-7.874085160899462,-7.903483103501363,0.029397942601900543,0.0005871259756309796,1958
3.14,10.008941203358054,3.3098752237705824,10.008941203358054,9.95960555173748,0.04933565162057345,0.002730843882717651,2162,-2.138034574536996,-2.0591326520978095,-0.07890192243918652,-0.0033216464137141542,2024,-7.870906628821059,-7.900472899639672,0.029566270818612274,0.0005908025309963091,1958
3.15,10.029688336419241,3.294136907988792,10.029688336419241,9.98065917661272,0.04902915980652117,0.0027177445274916686,2162,-2.1620379223474027,-2.083253990997996,-0.07878393134940646,-0.0033187217822164,2023,-7.86765041407184,-7.8974051856147245,0.029754771542884494,0.0006009772547246892,1959
3.16,10.0503364805057,3.278366080405615,10.0503364805057,10.00163631487363,0.048700165632069636,0.0026993508027393677,2162,-2.1860199317163675,-2.107358396149413,-0.07866153556695488,-0.0033147753296465694,2023,-7.864316548789335,-7.894277918724218,0.029961369934883644,0.0006154245269070716,1959
3.17,10.070885431828579,3.2625628966727542,10.070885431828579,10.022533511145243,0.04835192068333614,0.0026778158760999643,2163,-2.2099803659511372,-2.131445157602603,-0.07853520834853446,-0.0033101805602846054,2023,-7.860905065877444,-7.891088353542641,0.030183287665197924,0.0006323646841845448,1959
3.18,10.091334987578028,3.2467275127612556,10.091334987578028,10.043346986482153,0.047988001095876795,0.002654781961583975,2163,-2.2339189885718995,-2.155513483135244,-0.07840550543665549,-0.003305228195447537,2023,-7.85741599900613,-7.887833503346909,0.030417504340777904,0.0006504462338636757,1959
3.19,10.111684945925187,3.2308600849599625,10.111684945925187,10.06407302913272,0.047611916792468324,0.002631431502202658,2163,-2.257835563314114,-2.1795625701282817,-0.07827299318583243,-0.0033001325532055455,2022,-7.853849382611075,-7.884510459004438,0.030661076393363313,0.0006687010510028615,1959
3.2,10.13193510602418,3.2149607698739797,10.13193510602418,10.084708243542128,0.04722686248205248,0.002608556146123429,2163,-2.281729854130844,-2.2035916531361526,-0.07813820099469194,-0.003295041628175165,2022,-7.850205251893337,-7.881116590405975,0.03091133851263826,0.0006864854820517081,1959
3.21,10.152085268014105,3.199029724423133,10.152085268014105,10.10524968782991,0.046835580184195896,0.002586631941166654,2163,-2.3056016251950844,-2.2276000319568077,-0.07800159323827675,-0.0032900487953235577,2022,-7.846483642819023,-7.8776496558731015,0.031166013054079268,0.0007034168541565867,1959
3.22,10.172135233020999,3.1830671058404048,10.172135233020999,10.12569492806324,0.04644030495775886,0.002565892736786147,2164,-2.3294506409020963,-2.251587084840665,-0.07786355606143128,-0.0032852046615158004,2022,-7.842684592118904,-7.874107843222576,0.03142325110367083,0.0007193119247296221,1959
3.23,10.192084803159796,3.167073071670399,10.192084803159796,10.14604203420383,0.04604276895596738,0.0025463967226400834,2164,-2.353276665871716,-2.275552271009208,-0.07772439486250808,-0.003280528093198784,2021,-7.8388081372880825,-7.870489763194621,0.03168162590653911,0.0007341313705586635,1959
3.24,10.211933781536302,3.1510477797677763,10.211933781536302,10.166289538435702,0.04564424310059938,0.0025280833385359133,2164,-2.377079464950701,-2.2994951260255627,-0.07758433892513819,-0.003276015852293216,2021,-7.8348543165856,-7.8667944124101385,0.03194009582453762,0.0007479325137573654,1959
3.25,10.231681972249104,3.1349913882956932,10.231681972249104,10.186436372261372,0.045245599987734655,0.002510819504701174,2164,-2.4008588032150344,-2.3234152528757126,-0.07744355033932195,-0.003271650578925518,2021,-7.830823169034073,-7.863021119385658,0.03219795035158571,0.0007608310742240817,1959
3.2600000000000002,10.251329180391542,3.118904055724256,10.251329180391542,10.20648179467245,0.04484738571909069,0.002494435317819465,2165,-2.4246144459722463,-2.347312310952516,-0.0773021350197304,-0.0032674070793665645,2020,-7.826714734419296,-7.859169483719936,0.03245474930063932,0.0007729717615470007,1959
3.27,10.270875212053596,3.102785940828943,10.270875212053596,10.226425320091007,0.04444989196258739,0.0024787501250776566,2165,-2.44834615876373,-2.371186004531022,-0.07716015423270814,-0.0032632570236389045,2020,-7.822529053289866,-7.855239315559987,0.032710262270121145,0.0007845068985614569,1959
3.2800000000000002,10.290319874323826,3.0866372026890394,10.290319874323826,10.246266651755299,0.04405322256852735,0.0024635903164268846,2165,-2.4720537073670648,-2.3950360718076924,-0.07701763555937254,-0.003259172244177712,2020,-7.818266166956763,-7.851230579947608,0.03296441299084518,0.0007955819277513472,1959
3.29,10.30966297529127,3.0704580006860693,10.30966297529127,10.266005623817275,0.043657351473993605,0.002448800349518914,2165,-2.4957368577983186,-2.418862275157347,-0.0768745826409717,-0.0032551268686040373,2020,-7.813926117492953,-7.8471433486599285,0.033217231166975315,0.0008063265190846967,1959
3.3000000000000003,10.328904324047322,3.054248494502226,10.328904324047322,10.285642153600628,0.04326217044669339,0.002434248517589506,2165,-2.519395376314354,-2.442664392938546,-0.07673098337580873,-0.0032510985286888557,2019,-7.8095089477329696,-7.842977760662085,0.033468812929114945,0.0008168500110992474,1959
3.31,10.348043730687646,3.038008844118795,10.348043730687646,10.305176204172959,0.04286752651468627,0.0024198288505815745,2166,-2.543029029415145,-2.466442212942282,-0.07658681647286338,-0.0032470688746593095,2019,-7.805014701272502,-7.8387339912306775,0.033719289958175525,0.000827240024077751,1959
3.3200000000000003,10.367081006314026,3.021739209814566,10.367081006314026,10.32460775653131,0.04247324978271377,0.0024054603538650656,2166,-2.5666375838460795,-2.4901955274181553,-0.07644205642792402,-0.0032430235977907555,2019,-7.8004434224679455,-7.834412229113155,0.033968806645209064,0.000837563243925598,1959
3.33,10.386015963036227,3.0054397521642615,10.386015963036227,10.343936790199164,0.04207917283706413,0.002391084574493406,2166,-2.5902208066002537,-2.5139241295127506,-0.07629667708750343,-0.003238952131446869,2019,-7.795795156435976,-7.830012660686414,0.0342175042504377,0.000847867556953194,1959
3.34,10.40484841397388,2.9891106320369456,10.40484841397388,10.363163270800236,0.04168514317364375,0.002376662268656786,2166,-2.6137784649207827,-2.537627810903105,-0.07615065401767762,-0.0032348471662064244,2018,-7.7910699490530995,-7.8255354598971305,0.03446551084403228,0.0008581848975495387,1959
3.35,10.423578173258294,2.972752010594444,10.423578173258294,10.382287143134489,0.041291030123805195,0.0023621697432465068,2167,-2.63731032630309,-2.5613063603913178,-0.07600396591177247,-0.0032307040817024938,2018,-7.786267846955208,-7.820980782743173,0.03471293578796608,0.0008685343384558066,1959
3.36,10.44220505603431,2.9563640492897494,10.44220505603431,10.401308328370247,0.04089672766406189,0.0023475952694483977,2167,-2.660816158497198,-2.5849595632335123,-0.0758565952636862,-0.0032265203684023573,2018,-7.781388897537112,-7.816348765136735,0.03495986759962351,0.0008789250989542077,1959
3.37,10.460728878462106,2.9399469098654207,10.460728878462106,10.420226724131362,0.040502154330742744,0.0023329358215729247,2167,-2.684295729510037,-2.608587200998679,-0.07570852851135752,-0.003222295087730062,2017,-7.77643314895207,-7.811639523132685,0.03520637418061398,0.0008893592661571997,1960
3.38,10.47914945771904,2.9235007543519957,10.47914945771904,10.439042206460686,0.04010725125835322,0.0023181942805399394,2167,-2.707748807607719,-2.632189051783268,-0.07555975582445089,-0.0032180283990228204,2017,-7.771400650111323,-7.8068531546774205,0.035452504566097665,0.000899834118482718,1960
3.39,10.497466612001432,2.9070257450663886,10.497466612001432,10.457754632851497,0.039711979149934795,0.0023033771566375004,2167,-2.7311751613178354,-2.6557648906406683,-0.07541027067716741,-0.00321372116668166,2017,-7.766291450683599,-7.80198974221083,0.03569829152723301,0.0009103440100444249,1960
3.4,10.515680160526362,2.8905220446102913,10.515680160526362,10.476363845738378,0.03931631478798376,0.002288492826763343,2168,-2.7545745594317306,-2.679314490117292,-0.07526006931443888,-0.0032093746499665472,2017,-7.761105601094635,-7.797049355621091,0.03594375452645591,0.000920881823203378,1960
3.41,10.533789923533458,2.873989815868567,10.533789923533458,10.494869676016071,0.03892024751738749,0.002273550243105516,2168,-2.7779467710067873,-2.7028376208165494,-0.07510915019023781,-0.0032049902706245245,2016,-7.755843152526674,-7.792032055199526,0.0361889026728527,0.0009314400275197039,1960
3.42,10.551795722286673,2.8574292220076365,10.551795722286673,10.513271946303501,0.03852377598317403,0.0022585580486648637,2168,-2.801291565368717,-2.726334051937375,-0.07495751343134231,-0.0032005694491738885,2016,-7.750504156917959,-7.786937894366128,0.03643373744816908,0.0009420114005093102,1960
3.43,10.569697379076045,2.840840426473873,10.569697379076045,10.531570473788863,0.0381269052871805,0.0022435240260303187,2168,-2.824608712113826,-2.7498035517545603,-0.0748051603592661,-0.003196113498543889,2016,-7.74508866696222,-7.781766922034306,0.036678255072086795,0.0009525894725134834,1960
3.44,10.58749471721944,2.8242235929919945,10.58749471721944,10.54976507258155,0.03772964463789034,0.0022284548056820596,2168,-2.847897981111287,-2.77324588802415,-0.0746520930871375,-0.0031916235632771816,2016,-7.739596736108155,-7.776519184557403,0.03692244844924954,0.0009631687575954572,1960
3.45,10.605187561064321,2.8075788855634403,10.605187561064321,10.567855555560879,0.037332005503442296,0.002213355765725099,2169,-2.871159142505415,-2.796660828308799,-0.0744983141966163,-0.0031871005930852753,2015,-7.734028418558908,-7.771194727252083,0.037166308693174804,0.0009737448273604166,1960
3.46,10.62277573598946,2.790906468464751,10.62277573598946,10.585841735754217,0.03693400023524377,0.0021982310639081454,2169,-2.8943919667179405,-2.820048140226001,-0.07434382649193956,-0.0031825453407970253,2015,-7.728383769271524,-7.765793595528219,0.03740982625669619,0.0009843142768886657,1960
3.47,10.64025906840668,2.7742065062459504,10.64025906840668,10.603723427302194,0.03653564110448378,0.0021830837531910986,2169,-2.917596224450271,-2.84340759162706,-0.07418863282321066,-0.003177958376328656,2015,-7.7226628439564085,-7.7603158356751365,0.03765299171872767,0.0009948746231376185,1960
3.48,10.657637385762534,2.7574791637289278,10.657637385762534,10.621500446080562,0.036136939681970986,0.002167915942674366,2169,-2.940771686685743,-2.866738950717305,-0.07403273596843817,-0.003173340109989933,2015,-7.716865699076792,-7.754761495363259,0.03789579628646678,0.0010054241673153304,1960
3.49,10.674910516540056,2.7407246060057964,10.674910516540056,10.639172610050641,0.0357379064894144,0.0021527289755513745,2169,-2.9639181246919084,-2.8900419861289364,-0.07387613856297205,-0.0031686908200626,2014,-7.710992391848149,-7.749130623921707,0.03813823207355805,0.0010159618445109726,1960
3.5,10.692078290260412,2.723942998437281,10.692078290260412,10.656739739406138,0.03533855085427407,0.0021375236043039286,2170,-2.9870353100227627,-2.913316466957581,-0.07371884306518149,-0.0031640106809975835,2014,-7.705042980237651,-7.74342327244856,0.03838029221090822,0.0010264870766938747,1960
3.5100000000000002,10.709140537484616,2.7071345066510717,10.709140537484616,10.674201656576306,0.03493888090830914,0.0021223001505169805,2170,-3.010123014521024,-2.936562162772591,-0.07356085174843276,-0.0031592997898482527,2014,-7.699017522963594,-7.737639493803717,0.03862197084012322,0.0010369996393311395,1960
3.52,10.726097089815166,2.6902992965401933,10.726097089815166,10.691558186135516,0.03453890367964855,0.002107058642276626,2170,-3.033181010320368,-2.959778843609633,-0.07340216671073502,-0.0031545581894838384,2013,-7.6929160794947995,-7.7317793425258845,0.03886326303108568,0.0010474995472073189,1960
3.5300000000000002,10.74294777989774,2.6734375342613768,10.74294777989774,10.708809154659145,0.03413862523859399,0.002091798926332455,2170,-3.0562090698476845,-2.9829662799525165,-0.07324278989516783,-0.0031497858879227536,2013,-7.686738710050057,-7.725842874706628,0.039104164656571065,0.0010579869615896945,1961
3.54,10.759692441422828,2.6565493862334093,10.759692441422828,10.725954390555836,0.03373805086699403,0.0020765207551335244,2170,-3.0792069658253216,-3.0061242427096055,-0.07308272311571565,-0.003144982873632644,2013,-7.680485475597511,-7.71983014784623,0.03934467224872043,0.0010684621184987074,1961
3.5500000000000003,10.776330909127386,2.6396350191354916,10.776330909127386,10.742993723897568,0.0333371852298207,0.0020612238507674158,2171,-3.1021744712733326,-3.0292525031887143,-0.07292196808461855,-0.003140149127024418,2013,-7.674156437854057,-7.7137412207088545,0.039584782854797454,0.0010789252762568096,1961
3.56,10.792863018796451,2.6226945999055995,10.792863018796451,10.759926986261585,0.03293603253486674,0.002045907948919133,2171,-3.1251113595117093,-3.052350833073137,-0.07276052643857207,-0.0031352846285727497,2012,-7.667751659284743,-7.707576153188448,0.039824493903705335,0.0010893766796539585,1961
3.5700000000000003,10.809288607264778,2.6057282957388255,10.809288607264778,10.776754010592466,0.03253459667231152,0.0020305728264226573,2171,-3.1480174041626325,-3.075419004400457,-0.0725983997621755,-0.0031303893641230675,2012,-7.661271203102148,-7.701335006192011,0.040063803089863174,0.0010998165377002472,1961
3.58,10.825607512418433,2.5887362740857527,10.825607512418433,10.793474631088108,0.03213288133032465,0.0020152183159916244,2171,-3.1708923791526766,-3.0984567895449726,-0.07243558960770406,-0.0031254633279368203,2012,-7.654715133265759,-7.695017841543138,0.04030270827738061,0.001110245011945372,1961
3.59,10.841819573196418,2.5717187026507706,10.841819573196418,10.810088683110232,0.03173089008618572,0.0019998443114906906,2171,-3.19373605871508,-3.121463961204019,-0.07227209751106078,-0.003120506524061293,2012,-7.648083514481338,-7.688624721906214,0.04054120742487586,0.0011206622125711045,1961
3.6,10.857924629592235,2.5546757493904373,10.857924629592235,10.82659600311792,0.031328626474314746,0.0019844507666195634,2172,-3.216548217391948,-3.144440292388061,-0.07210792500388707,-0.0031155189664673253,2011,-7.641376412200288,-7.6821557107298615,0.04077929852957273,0.0011310681998478083,1961
3.61,10.873922522655478,2.5376075825118196,10.873922522655478,10.842996428621415,0.030926094034063177,0.0019690376894341477,2172,-3.2393286300364847,-3.1673855564141724,-0.07194307362231213,-0.00311050067840014,2011,-7.634593892618995,-7.675610872207245,0.04101697958824974,0.001141462988966029,1961
3.62,10.889813094493404,2.520514370470836,10.889813094493404,10.859289798152792,0.030523296340613033,0.0019536051345774557,2172,-3.262077071815213,-3.1902995269024066,-0.0717775449128063,-0.0031054516912590755,2011,-7.627736022678192,-7.668990271250387,0.04125424857219486,0.0011518465566817465,1961
3.63,10.905596188272481,2.5033962819705917,10.905596188272481,10.875475951250005,0.03012023702247626,0.0019381531946239148,2172,-3.2847933182101934,-3.213181977774492,-0.07161134043570164,-0.003100372043259002,2011,-7.620802870062287,-7.662293973475514,0.04149110341322696,0.0011622188486354705,1961
3.64,10.921271648219948,2.4862534859597054,10.921271648219948,10.891554728451007,0.029716919768940444,0.0019226819915217118,2172,-3.3074771450212492,-3.2360326832543227,-0.07144446176692638,-0.0030952617780571584,2010,-7.613794503198701,-7.655522045196688,0.041727541997986735,0.001172579786535231,1961
3.65,10.93683931962534,2.4690861516306546,10.93683931962534,10.907525971294978,0.029313348330362997,0.0019071916687588893,2172,-3.3301283283681653,-3.258851417869744,-0.07127691049842132,-0.0030901209434548633,2010,-7.606710991257178,-7.648674553425239,0.041963562168060714,0.001182929274696421,1961
3.66,10.95229904884203,2.451894448418095,10.95229904884203,10.923389522328206,0.028909526513826528,0.0018916823846126755,2173,-3.352746644692909,-3.2816379564552163,-0.07110868823769326,-0.00308494959026115,2010,-7.599552404149125,-7.641751565872993,0.04219916172386792,0.001193267205648497,1962
3.67,10.967650683288735,2.434678545997199,10.967650683288735,10.93914522511265,0.028505458176084363,0.0018761543066249083,2173,-3.37533187076183,-3.3043920741550146,-0.07093979660681553,-0.0030797477713380723,2010,-7.592318812526905,-7.634753150957639,0.04243433843073315,0.001203593464713387,1962
3.68,10.98289407145101,2.4174386142819766,10.98289407145101,10.95479292423572,0.028101147215289522,0.0018606076073016493,2173,-3.39788378366786,-3.327113546426699,-0.07077023724116058,-0.0030745155408466356,2009,-7.5850102877831524,-7.627679377809024,0.04266909002587145,0.0012139079335449594,1962
3.69,10.998029062882775,2.40017482342359,10.998029062882775,10.97033246532018,0.02769659756259487,0.0018450424609481337,2173,-3.420402160832727,-3.3498021490446646,-0.07060001178806291,-0.0030692529536806012,2009,-7.57762690205005,-7.62053031627552,0.04290341422546963,0.001224210492732464,1962
3.7,11.013055508207774,2.3828873438086835,11.013055508207774,10.98576369503349,0.027291813174281244,0.001829459041481546,2173,-3.442886780009141,-3.372457658103634,-0.07042912190550711,-0.003063960065059417,2009,-7.5701687281986345,-7.6133060369298615,0.04313730873122706,0.001234501023577978,1962
3.71,11.027973259121056,2.365576346057707,11.027973259121056,11.00108646109618,0.026886798024874727,0.0018138575210529355,2173,-3.4653374192829824,-3.3950798500220207,-0.0702575692609614,-0.0030586369302630975,2009,-7.562635839838075,-7.606006611074163,0.04337077123608865,0.001244779409210254,1962
3.72,11.042782168390444,2.348242001023214,11.042782168390444,11.016300612289031,0.02648155610141213,0.0017982380693029876,2174,-3.487753857075513,-3.41766850154511,-0.07008535553040314,-0.0030532836044834524,2008,-7.555028311314935,-7.598632110743925,0.04360379942899022,0.0012550455351802454,1962
3.73,11.057482089857979,2.3308844797881973,11.057482089857979,11.03140599845908,0.02607609139890071,0.001782600853081331,2174,-3.5101358721455327,-3.4402233897480423,-0.06991248239749,-0.003047900142745567,2008,-7.547346217712449,-7.59118260871104,0.04383639099859087,0.0012652992896641018,1962
3.74,11.072072878441379,2.313503953664381,11.072072878441379,11.046402470524452,0.025670407916926156,0.0017669460365033023,2174,-3.5324832435915954,-3.462744292038622,-0.06973895155297341,-0.003042486599907072,2008,-7.539589634849785,-7.583658178485833,0.04406854363604805,0.0012755405634037858,1962
3.75,11.08655439013544,2.2961005941905395,11.08655439013544,11.061289880478224,0.025264509657217833,0.0017512737811996634,2174,-3.5547957508541668,-3.48523098615994,-0.06956476469422676,-0.00303704303068124,2008,-7.531758639281276,-7.576058894318287,0.044300255037010114,0.0012857692494817876,1962
3.7600000000000002,11.100926482013497,2.2786745731308056,11.100926482013497,11.076068081391409,0.024858400622087162,0.0017355842466949172,2174,-3.5770731737178063,-3.507683250192866,-0.06938992352494039,-0.0030315694896918713,2007,-7.523853308295693,-7.5683848311985455,0.04453152290285363,0.00129598524299682,1962
3.77,11.115189012228798,2.2612260624729763,11.115189012228798,11.090736927415307,0.02445208481349251,0.0017198775908262125,2174,-3.599315292313342,-3.5301008625584123,-0.06921442975492963,-0.003026066031538118,2007,-7.515873719915458,-7.560636064856897,0.044762344941438714,0.0013061884407120188,1963
3.7800000000000002,11.129341840015936,2.243755234426804,11.129341840015936,11.105296273783313,0.024045566232624146,0.0017041539701583121,2175,-3.621521887120045,-3.5524836020200103,-0.06903828510003493,-0.0030205327108621745,2007,-7.507819952895893,-7.552812671763304,0.044992718867411186,0.001316378740704044,1963
3.79,11.143384825692207,2.2262622614223058,11.143384825692207,11.119745976812382,0.023638848879826313,0.0016884135403643415,2175,-3.6436927389677916,-3.574831247685717,-0.06886149128207464,-0.0030149695824107634,2007,-7.4996920867244175,-7.544914729126667,0.04522264240224872,0.001326556042046268,1963
3.8000000000000003,11.157317830659018,2.2087473161080666,11.157317830659018,11.13408589390425,0.023231936754767382,0.0016726564565601888,2175,-3.6658276290392227,-3.597143579010378,-0.0686840500288445,-0.0030093767010891115,2006,-7.491490201619796,-7.5369423148938735,0.04545211327407792,0.0013367202445288282,1963
3.81,11.171140717403228,2.1912105713495267,11.171140717403228,11.148315883546495,0.02282483385673088,0.001656882873570526,2175,-3.6879263388719075,-3.6194203757977554,-0.06850596307415237,-0.003003754122009285,2006,-7.483214378531321,-7.528895507748743,0.04568112921742149,0.0013468712484388011,1963
3.8200000000000003,11.184853349498532,2.1736522002272745,11.184853349498532,11.162435805313546,0.02241754418498443,0.0016410929461432681,2175,-3.709988650360504,-3.64166141820264,-0.06832723215786461,-0.0029981019005271867,2006,-7.47486469913803,-7.520774387110909,0.04590968797287859,0.001357008954383565,1963
3.83,11.198455591606782,2.156072376035346,11.198455591606782,11.176445519867649,0.0220100717391328,0.0016252868290997004,2175,-3.732014345758904,-3.6638664867329576,-0.06814785902594672,-0.00299242009226813,2006,-7.46644124584788,-7.512579033134692,0.04613778728681154,0.001367133263168,1963
3.84,11.211947309479344,2.1384712722795047,11.211947309479344,11.190344888959864,0.02160242051947887,0.0016094646774473358,2176,-3.754003207682389,-3.686035362251874,-0.06796784543051539,-0.0029867087531486557,2005,-7.457944101796956,-7.504309526707989,0.046365424911034125,0.0013772440757010207,1963
3.85,11.225328369958406,2.120849062675542,11.225328369958406,11.204133775431096,0.021194594527309926,0.0015936266464430847,2176,-3.775955019109766,-3.708167825979897,-0.06778719312986949,-0.00298096793938595,2005,-7.449373350848642,-7.495965949451199,0.04659259860255718,0.0013873412929424596,1963
3.86,11.238598640978308,2.1032059211475542,11.238598640978308,11.217812043213167,0.020786597765142526,0.001577772891630835,2176,-3.797869563385519,-3.730263659496992,-0.0676059038885275,-0.0029751977075078164,2005,-7.440729077592792,-7.487548383716172,0.0468193061233802,0.001397424815876301,1963
3.87,11.251757991566826,2.0855420218262233,11.251757991566826,11.23137955732993,0.02037843423689744,0.00156190356885238,2176,-3.819746624221942,-3.7523226447446976,-0.06742397947724414,-0.002969398114354204,2005,-7.432011367344889,-7.479056912585231,0.04704554524034193,0.0014074945455011438,1963
3.88,11.26480629184649,2.0678575390471043,11.26480629184649,11.24483618389845,0.01997010794803961,0.0015460188342476524,2176,-3.8415859857012773,-3.7743445640282474,-0.06724142167303031,-0.0029635692170789157,2004,-7.423220306145213,-7.470491619870201,0.047271313724988315,0.0014175503828311566,1964
3.89,11.277743413035836,2.0501526473489005,11.277743413035836,11.258181790130193,0.01956162290564332,0.0015301188442374816,2176,-3.8633874322778476,-3.7963292000186963,-0.06705823225915146,-0.0029577110731463583,2004,-7.414355980757989,-7.461852590111495,0.04749660935350575,0.0014275922289089657,1964
3.9,11.290569227450705,2.0324275214717478,11.290569227450705,11.271416244332265,0.019152983118441533,0.0015142037555057886,2176,-3.8851507487801733,-3.8182763357550553,-0.06687441302511804,-0.0029518237403270047,2004,-7.4054184786705335,-7.453139908577209,0.04772142990667492,0.0014376199848210565,1964
3.91,11.303283608505486,2.0146823363554844,11.303283608505486,11.284539415908668,0.018744192596817907,0.0014982737249767744,2177,-3.906875720413107,-3.8401857546464178,-0.06668996576668873,-0.002945907276695808,2004,-7.396407888092383,-7.444353661262252,0.04794577316986924,0.0014476335517190917,1964
3.92,11.315886430714372,1.9969172671379216,11.315886430714372,11.297551175361574,0.01833525535279886,0.0014823289097933732,2177,-3.928562132759948,-3.8620572404740976,-0.06650489228585052,-0.002939961740628678,2003,-7.387324297954427,-7.43549393488748,0.048169636933053255,0.001457632830835897,1964
3.93,11.328377569692595,1.9791324891531177,11.328377569692595,11.31045139429259,0.017926175400007453,0.0014663694672966158,2177,-3.9502097717845657,-3.883890577393758,-0.06631919439080758,-0.0029339871907976085,2003,-7.378167797908033,-7.426560816898835,0.048393018990801714,0.0014676177235015686,1964
3.94,11.340756902157658,1.9613281779296539,11.340756902157658,11.32323994540404,0.017516956753615667,0.0014503955550075973,2177,-3.9718184238334997,-3.9056855499375485,-0.06613287389595185,-0.0029279836861663706,2003,-7.368938478324158,-7.417554395466496,0.048615917142337775,0.0014775881311595452,1964
3.95,11.353024305930543,1.9435045091888965,11.353024305930543,11.335916702500242,0.017107603430299895,0.001434407330614446,2177,-3.9933878756380774,-3.9274419430162255,-0.06594593262185193,-0.002921951285989627,2003,-7.3596364302924675,-7.4084747594840215,0.04883832919155363,0.0014875439553755174,1964
3.96,11.365179659936931,1.9256616588432582,11.365179659936931,11.348481540488768,0.016698119448163,0.0014184049519570894,2177,-4.014917914316518,-3.9491595419212855,-0.06575837239523234,-0.00291589004981029,2002,-7.350261745620415,-7.399321998567484,0.049060252947069345,0.00149748509785324,1964
3.97,11.377222844208383,1.9077998029944658,11.377222844208383,11.360934335381694,0.016288508826689807,0.0014023885770207863,2177,-4.0364083273760345,-3.970838132327084,-0.06557019504895056,-0.0029098000374569977,2002,-7.340814516832351,-7.390096203054613,0.049281686222261555,0.0015074114604362475,1964
3.98,11.389153739883534,1.8899191179318295,11.389153739883534,11.373274964296854,0.0158787755866787,0.0013863583639265832,2178,-4.057858902714922,-3.9924775002929525,-0.0653814024219699,-0.0029036813090408953,2002,-7.331294837168613,-7.380797464003906,0.04950262683529199,0.001517322945114339,1965
3.99,11.400972229209259,1.8720197801304885,11.400972229209259,11.385503305459064,0.01546892375019552,0.0013703144709293468,2178,-4.079269428624666,-4.014077432265316,-0.0651919963593492,-0.0028975339249584734,2002,-7.321702800584597,-7.371425873193752,0.049723072609155275,0.0015272194540291509,1965
4.0,11.41267819554184,1.854101966249685,11.41267819554184,11.397619238201333,0.015058957340508355,0.0013542570564111624,2178,-4.100639693792013,-4.035637715079802,-0.06500197871221106,-0.002891357945885217,2001,-7.312038501749831,-7.361981523121533,0.04994302137170271,0.0015371008894740764,1965
4.01,11.42427152334812,1.836165853131006,11.42427152334812,11.409622642966069,0.014648880382050967,0.0013381862788824118,2178,-4.1219694873010795,-4.057158135963344,-0.06481135133773543,-0.002885153432781097,2001,-7.302302036047042,-7.3524645070027255,0.050162470955683665,0.0015469671538985161,1965
4.0200000000000005,11.435752098206626,1.8182116177966443,11.435752098206626,11.421513401306266,0.014238696900359182,0.0013221022969761177,2178,-4.1432585986354145,-4.078638482536286,-0.0646201160991278,-0.0028789204468847238,2001,-7.292493499571213,-7.342874918769983,0.05038141919876941,0.001556818149908496,1965
4.03,11.447119806808722,1.8002394374476565,11.447119806808722,11.433291395886686,0.013828410922035897,0.0013060052694511739,2178,-4.164506817680081,-4.1000785428144795,-0.06442827486560175,-0.0028726590497141044,2001,-7.282612989128642,-7.333212853072209,0.05059986394356586,0.001566653780262859,1965
4.04,11.458374536959715,1.7822494894622096,11.458374536959715,11.44495651048501,0.013418026474706564,0.0012898953551889452,2178,-4.1857139347237355,-4.121478105211373,-0.06423582951236304,-0.0028663693030676132,2000,-7.272660602235982,-7.3234784052736375,0.05081780303765648,0.0015764739478788146,1965
4.05,11.46951617757996,1.7642419513938248,11.46951617757996,11.45650862999299,0.01300754758697147,0.001273772713192678,2178,-4.206879740460694,-4.142836958540104,-0.06404278192059049,-0.002860051269022291,2000,-7.262636437119269,-7.3136716714528855,0.051035234333616626,0.0015862785558291336,1965
4.0600000000000005,11.480544618705965,1.7462170009696307,11.480544618705965,11.46794764041759,0.012596978288375527,0.0012576375025900094,2179,-4.2280040259930045,-4.164154892015585,-0.06384913397742008,-0.0028537050099354307,2000,-7.252540592712964,-7.303792748402007,0.051252155689042164,0.0015960675073448966,1966
4.07,11.491459751491467,1.7281748160886135,11.491459751491467,11.479273428882113,0.012186322609352615,0.001241489882627565,2179,-4.249086582832491,-4.185431695256578,-0.06365488757591241,-0.0028473305884390682,2000,-7.242373168658976,-7.293841733625538,0.05146856496656058,0.0016058407058115289,1966
4.08,11.502261468208511,1.7101155748198564,11.502261468208511,11.49048588362731,0.011775584581201724,0.0012253300126744545,2179,-4.270127202902828,-4.206667158287776,-0.06346004461505263,-0.002840928067445519,1999,-7.232134265305683,-7.283818725339535,0.051684460033851694,0.0016155980547714653,1966
4.09,11.512949662248515,1.692039455400777,11.512949662248515,11.501584894012472,0.011364768236040837,0.0012091580522179618,2179,-4.291125678541595,-4.227861071541874,-0.06326460699972106,-0.002834497510143816,1999,-7.221823983706921,-7.273723822470602,0.05189983876368101,0.0016253394579259276,1966
4.1,11.523524228123314,1.6739466362353772,11.523524228123314,11.512570350516553,0.010953877606762398,0.0011929741608651193,2179,-4.31208180250231,-4.249013225861637,-0.0630685766406733,-0.0028280389799986306,1999,-7.211442425621008,-7.263557124654918,0.05211469903391089,0.0016350648191337542,1966
4.11,11.533985061466222,1.6558372958924745,11.533985061466222,11.523442144739208,0.01054291672701265,0.0011767784983409387,2179,-4.332995367956495,-4.270123412501963,-0.06287195545453225,-0.002821552540752479,1999,-7.200989693509728,-7.25331873223725,0.0523290387275212,0.0016447740424117055,1966
4.12,11.544332059033032,1.6377116131039504,11.544332059033032,11.534200169401899,0.010131889631131187,0.001160571224485968,2179,-4.3538661684957,-4.291191423131945,-0.06267474536375481,-0.0028150382564210235,1998,-7.190465890537332,-7.243008746269958,0.05254285573262522,0.0016544670319353643,1966
4.13,11.554565118703051,1.619569766762978,11.554565118703051,11.544844318348929,0.009720800354120759,0.0011443524992540846,2179,-4.374693998133546,-4.312217049836927,-0.06247694829661823,-0.0028084961912950897,1998,-7.179871120569506,-7.2326272685120045,0.05275614794249827,0.0016641436920412263,1966
4.14,11.564684139480116,1.6014119359222543,11.564684139480116,11.5553744865485,0.009309652931617039,0.0011281224827159337,2180,-4.395478651307766,-4.333200085120555,-0.06227856618721145,-0.002801926409941684,1998,-7.169205488172352,-7.222174401427947,0.052968913255595204,0.0016738039272257165,1966
4.15,11.574689021493576,1.5832382997922367,11.574689021493576,11.565790570093741,0.008898451399834565,0.001111881335050349,2180,-4.416219922882226,-4.354140321906821,-0.06207960097540406,-0.002795328977200252,1998,-7.158469098611352,-7.211650248186923,0.05318114957557109,0.0016834476421498908,1967
4.16,11.584579665999286,1.5650490377393822,11.584579665999286,11.57609246620375,0.00848719979553652,0.001095629216549581,2180,-4.436917608148945,-4.375037553542117,-0.06188005460682805,-0.0027887039581822397,1998,-7.147662057850343,-7.201054912661635,0.05339285481129233,0.00169307474163285,1967
4.17,11.594355975380575,1.546844329284358,11.594355975380575,11.586280073224584,0.008075902155991792,0.0010793662876111797,2180,-4.45757150283013,-4.395891573797263,-0.061679929032867405,-0.0027820514182735263,1997,-7.136784472550447,-7.190388499427323,0.05360402687687561,0.0017026851306621012,1967
4.18,11.60401785314922,1.5286243541002935,11.60401785314922,11.596353290630281,0.007664562518938403,0.0010630927087431682,2180,-4.478181403080174,-4.416702176869548,-0.06147922621062477,-0.002775371423129129,1997,-7.125836450069047,-7.179651113760733,0.05381466369168637,0.0017122787143859985,1967
4.19,11.613565203946383,1.510389292010984,11.613565203946383,11.606312019023846,0.007253184922538983,0.0010468086405562363,2180,-4.498747105487685,-4.437469157384767,-0.06127794810291824,-0.002768664038677514,1997,-7.114818098458701,-7.168842861639081,0.05402476318037926,0.0017218553981211155,1967
4.2,11.622997933543571,1.4921393229891289,11.622997933543571,11.61615616013823,0.006841773405342593,0.0010305142437652907,2180,-4.519268407077484,-4.458192310399233,-0.06107609667825195,-0.0027619293311161933,1997,-7.10372952646609,-7.157963849738998,0.054234323272908565,0.0017314150873506038,1967
4.21,11.63231594884355,1.4738746271545595,11.63231594884355,11.625885616837301,0.0064303320062497485,0.0010142096791884367,2180,-4.539745105312606,-4.478871431401812,-0.060873673910794596,-0.002755167366911627,1996,-7.092570843530946,-7.1470141854354905,0.05444334190454406,0.0017409576877231818,1967
4.22,11.641519157881268,1.4555953847724443,11.641519157881268,11.635500293116804,0.006018864764464707,0.0009978951077427144,2180,-4.560176998096311,-4.499506316315939,-0.0606706817803715,-0.002748378212801883,1996,-7.0813421597849615,-7.135993976800866,0.054651817015905206,0.0017504831050587713,1967
4.23,11.650607469824772,1.4373017762515319,11.650607469824772,11.645000094105308,0.005607375719463666,0.0009815706904457017,2181,-4.58056388377406,-4.520096761501629,-0.0604671222724304,-0.0027415619357902886,1996,-7.070043586050716,-7.12490333260368,0.05485974655296515,0.0017599912453441172,1968
4.24,11.659580794976087,1.4189939821423503,11.659580794976087,11.654384926065143,0.005195868910942277,0.0009652365884103148,2181,-4.600905561135523,-4.540642563757492,-0.06026299737803113,-0.0027347186031494654,1996,-7.058675233840566,-7.113742362307653,0.055067128467087265,0.0017694820147392079,1968
4.25,11.668439044772118,1.4006721831354332,11.668439044772118,11.663654696393323,0.004784348378794979,0.0009488929628461637,2181,-4.621201829416562,-4.561143520322731,-0.0600583090938313,-0.00272784828242037,1995,-7.047237215355559,-7.102511176070594,0.05527396071503474,0.0017789553195738457,1968
4.26,11.677182131785516,1.3823365600595428,11.677182131785516,11.672809313622462,0.004372818163056154,0.0009325399750568794,2181,-4.6414524883012,-4.581599428879151,-0.059853059422048924,-0.0027209510414075884,1995,-7.035729643484322,-7.091209884743313,0.05548024125899197,0.0017884110663506404,1968
4.2700000000000005,11.685809969725547,1.363987293879879,11.685809969725547,11.681848687421674,0.003961282303871506,0.0009161777864385772,2181,-4.661657337923605,-4.6020100875531496,-0.05964725037045525,-0.002714026948182312,1995,-7.024152631801945,-7.079838599868528,0.05568596806658374,0.001797849161744061,1968
4.28,11.694322473438927,1.3456245656962886,11.694322473438927,11.690772728597473,0.003549744841451937,0.0008998065584767279,2181,-4.681816178870072,-4.622375294917714,-0.059440883952358095,-0.002707076071082049,1995,-7.0125062945688565,-7.0683974336797615,0.05589113911090537,0.0018072695126053347,1968
4.29,11.702719558910681,1.3272485567414827,11.702719558910681,11.699581349094638,0.0031382098160417466,0.000883426452747799,2181,-4.701928812180982,-4.642694849994407,-0.0592339621865748,-0.002700098478708078,1995,-7.000790746729702,-7.056886499100235,0.05609575237053305,0.0018166720259602783,1968
4.3,11.711001143264967,1.3088594483792566,11.711001143264967,11.708274461997101,0.0027266812678661515,0.0008670376309152048,2181,-4.721995039352757,-4.662968552255351,-0.05902648709740674,-0.0026930942399235516,1994,-6.989006103912213,-7.045305909741752,0.05629980582953979,0.0018260566090085306,1968
4.3100000000000005,11.719167144765894,1.2904574221026799,11.719167144765894,11.716851981528784,0.00231516323710902,0.0008506402547287751,2181,-4.742014662339845,-4.683196201625206,-0.0588184607146394,-0.002686063423858165,1994,-6.977152482426051,-7.033655779903582,0.056503297477530384,0.0018354231691293148,1969
4.32,11.72721748281832,1.2720426595323286,11.72721748281832,11.725313823054467,0.0019036597638524434,0.0008342344860219203,2181,-4.761987483556642,-4.703377598483145,-0.058609885073497,-0.0026790060998999167,1994,-6.965229999261682,-7.021936224571327,0.05670622530964535,0.0018447716138781352,1969
4.33,11.73515207796866,1.2536153424144723,11.73515207796866,11.73365990308061,0.0014921748880512905,0.0008178204867111474,2181,-4.781913305879467,-4.7235125436648255,-0.0584007622146417,-0.002671922337700914,1994,-6.953238772089197,-7.010147359415788,0.05690858732659121,0.0018541018509900505,1969
4.34,11.742970851905664,1.2351756526192883,11.742970851905664,11.741890139256176,0.0010807126494886802,0.0008013984187940498,2182,-4.801791932648503,-4.743600838464354,-0.058191094184148986,-0.0026648122071745318,1993,-6.9411789192571645,-6.998289300791824,0.05711038153466031,0.0018634137883806758,1969
4.3500000000000005,11.750673727461189,1.216723772139074,11.750673727461189,11.750004450373451,0.0006692770877394051,0.0007849684443489774,2182,-4.821623167669725,-4.763642284636247,-0.057980883033479015,-0.002657675778492711,1993,-6.929050559791467,-6.986362165737205,0.057311605945738815,0.0018727073341436727,1969
4.36,11.758260628610962,1.1982598830864422,11.758260628610962,11.758002756368839,0.00025787224212222323,0.0007685307255304421,2182,-4.841406815216848,-4.783636684397386,-0.0577701308194623,-0.0026505131220867914,1993,-6.916853813394117,-6.974366071971455,0.057512258577338486,0.0018819823965561156,1969
4.37,11.765731480475333,1.1797841676925216,11.765731480475333,11.765884978323664,-0.0001534978483303574,0.0007520854245712787,2182,-4.86114268003326,-4.803583840428974,-0.05755883960428542,-0.002643324308649058,1993,-6.904588800442077,-6.962301137894691,0.05771233745261498,0.001891238884077421,1969
4.38,11.773086209320006,1.161296808305164,11.773086209320006,11.77365103846493,-0.0005648291449213773,0.0007356327037777955,2182,-4.880830567333942,-4.82348355587848,-0.05734701145546158,-0.002636109409128339,1992,-6.892255641986068,-6.950167482586451,0.05791184060038296,0.0019004767053506801,1970
4.39,11.780324742556784,1.1427979873871406,11.780324742556784,11.781300860166105,-0.0009761176093212309,0.0007191727255302311,2182,-4.900470282807398,-4.843335634361581,-0.05713464844581712,-0.0026288684947324433,1992,-6.87985445974939,-6.937965225804527,0.05811076605513676,0.0019096957692021073,1970
4.4,11.787447008744262,1.1242878875143474,11.787447008744262,11.788834367947873,-0.001387359203607424,0.000702705652280605,2182,-4.920061632617563,-4.8631398799641,-0.056921752653462845,-0.0026216016369239765,1992,-6.8673853761267045,-6.9256944879837725,0.05830911185706868,0.0019188959846431009,1970
4.41,11.794452937588549,1.1057666913740005,11.794452937588549,11.796251487478866,-0.0017985498903186424,0.0006862316465492098,2182,-4.93960442340572,-4.882896097243946,-0.056708326161774986,-0.0026143089074215434,1992,-6.854848514182832,-6.9133553902349245,0.05850687605209283,0.0019280772608721432,1970
4.42,11.801342459943957,1.0872345817628257,11.801342459943957,11.803552145576427,-0.002209685632470655,0.0006697508709282768,2182,-4.9590984622924195,-4.902604091233032,-0.05649437105938722,-0.002606990378201522,1992,-6.842243997651541,-6.900948054343399,0.058704056691857874,0.001937239507273298,1970
4.43,11.808115507813676,1.0686917415852637,11.808115507813676,11.810736270207299,-0.0026207623936231068,0.0006532634880723571,2182,-4.978543556879362,-4.922263667439209,-0.05627988944015332,-0.0025996461214922726,1991,-6.829571950934316,-6.8884726027680925,0.05890065183377563,0.0019463826334201301,1970
4.44,11.814772014350464,1.0501383538516553,11.814772014350464,11.817803790488355,-0.003031776137892238,0.000636769660705189,2182,-4.997939515251324,-4.941874631848182,-0.056064883403142377,-0.0025922762097794886,1991,-6.816832499099142,-6.875929158640177,0.05909665954103461,0.001955506549074443,1970
4.45,11.821311913857288,1.0315746016764575,11.821311913857288,11.824754636687299,-0.003442722830011317,0.0006202695516122512,2182,-5.017286145978016,-4.961436790925421,-0.055849355052594245,-0.002584880715796861,1991,-6.804025767879274,-6.86331784576188,0.059292077882605564,0.001964611164184699,1971
4.46,11.827735141787976,1.0130006682764046,11.827735141787976,11.83158874022334,-0.003853598435364037,0.0006037633236406067,2183,-5.036583258116006,-4.980949951618079,-0.05563330649792674,-0.0025774597125347376,1991,-6.791151883671974,-6.850638788605263,0.05948690493328999,0.0019736963888939965,1971
4.47,11.834041634747866,0.9944167369687207,11.834041634747866,11.838306033667886,-0.004264398920019499,0.0005872511396994278,2183,-5.0558306612105905,-5.000413921356891,-0.055416739853699055,-0.002570013273234464,1990,-6.778210973537279,-6.837892112310996,0.05968113877371776,0.001982762133534939,1971
4.48,11.840231330494415,0.9758229911692998,11.840231330494415,11.844906450745196,-0.004675120250779923,0.0005707331627544387,2183,-5.075028165297674,-5.019828508058077,-0.05519965723959662,-0.002562541471388521,1990,-6.765203165196746,-6.8250779426871215,0.059874777490375744,0.0019918083086340084,1971
4.49,11.846304167937829,0.9572196143909173,11.846304167937829,11.851389926333042,-0.005085758395212451,0.0005542095558305682,2183,-5.094175580905634,-5.039193520125237,-0.054982060780395345,-0.0025550443807369383,1990,-6.752128587032198,-6.812196406207807,0.06006781917560859,0.0020008348249065068,1971
4.5,11.852260087141651,0.9386067902413858,11.852260087141651,11.857756396463348,-0.005496309321695269,0.0005376804820078403,2183,-5.113272719057212,-5.058508766451244,-0.05476395260596799,-0.0025475220752735235,1990,-6.7389873680844445,-6.799247630012107,0.060260261927663254,0.0020098415932657734,1971
4.51,11.858099029323366,0.9199847024217657,11.858099029323366,11.864005798322822,-0.005906768999455768,0.0005211461044188227,2183,-5.1323193912713645,-5.077774056420125,-0.054545334851239614,-0.002539974629238295,1990,-6.725779638052005,-6.7862317419027,0.06045210385069538,0.0020188285248195336,1971
4.5200000000000005,11.86382093685497,0.9013535347245428,11.86382093685497,11.87013807025358,-0.006317133398611896,0.000504606586249858,2183,-5.151315409565128,-5.096989199908951,-0.05432620965617648,-0.0025324021171206166,1989,-6.712505527289843,-6.773148870344632,0.06064334305478917,0.0020277955308709915,1972
4.53,11.869425753263542,0.8827134710318232,11.869425753263542,11.876153151753746,-0.006727398490203962,0.0004880620907375252,2183,-5.170260586455471,-5.116154007289706,-0.05410657916576453,-0.0025248046136564523,1989,-6.699165166808075,-6.759999144464044,0.06083397765596928,0.0020367425229188916,1972
4.54,11.874913423231812,0.8640646953135129,11.874913423231812,11.882050983478056,-0.007137560246245525,0.0004715127811680351,2183,-5.18915473496114,-5.135268289431159,-0.0538864455299808,-0.0025171821938276603,1989,-6.685758688270674,-6.746782694046901,0.06102400577622792,0.002045669412659991,1972
4.55,11.88028389259869,0.8454073916254972,11.88028389259869,11.887831507238445,-0.007547614639755197,0.00045495882087435817,2183,-5.207997668604522,-5.154331857700735,-0.053665810903787074,-0.002509534932864356,1989,-6.6722862239941705,-6.7334996495377135,0.06121342554354227,0.002054576111990055,1972
4.5600000000000005,11.885537108359815,0.8267417441078282,11.885537108359815,11.893494666004612,-0.007957557644797995,0.00043840037323609506,2183,-5.226789201413473,-5.173344523966374,-0.05344467744709802,-0.0025018629062408993,1989,-6.658747906946346,-6.720150142038242,0.06140223509189601,0.002063462533004657,1972
4.57,11.890673018668064,0.8080679369829139,11.890673018668064,11.899040403904594,-0.008367385236529867,0.00042183760167652934,2183,-5.2455291479231425,-5.192306100598387,-0.0532230473247558,-0.0024941661896746995,1988,-6.645143870744924,-6.7067343033062095,0.061590432561285664,0.0020723285879980713,1972
4.58,11.895691572834078,0.7893861545536944,11.895691572834078,11.90446866622531,-0.008777093391231082,0.0004052706696620568,2183,-5.264217323177828,-5.2112164004713115,-0.05300092270651653,-0.002486444859127446,1988,-6.631474249656253,-6.693252265754001,0.06177801609774841,0.002081174189465521,1973
4.59,11.900592721326754,0.7706965812018176,11.900592721326754,11.909779399413104,-0.00918667808635077,0.00038869974069971787,2183,-5.282853542732783,-5.230075236965752,-0.05277830576703121,-0.002478698990804995,1988,-6.617739178593974,-6.679704162447355,0.06196498385338198,0.002089999250105179,1973
4.6000000000000005,11.905376415773734,0.7519994013858246,11.905376415773734,11.914972551074277,-0.009596135300543485,0.0003721249783357793,2183,-5.301437622656049,-5.2488824239702305,-0.05255519868581865,-0.002470928661154731,1988,-6.603938793117687,-6.66609012710405,0.062151333986362134,0.002098803682818886,1973
4.61,11.910042608961884,0.7332947996393369,11.910042608961884,11.920048069975591,-0.010005461013707381,0.00035554654615580633,2183,-5.319969379530254,-5.2676377758830135,-0.052331603647240876,-0.002463133946864697,1987,-6.590073229431633,-6.652410294092582,0.06233706466094826,0.0021075874007088495,1973
4.62,11.914591254837761,0.7145829605692173,11.914591254837761,11.925005906044793,-0.010414651207030327,0.00033896460777954086,2184,-5.338448630454443,-5.286341107613952,-0.05210752284049197,-0.002455314924864533,1987,-6.576142624383323,-6.6386647984308444,0.0625221740475215,0.0021163503170849632,1973
4.63,11.91902230850807,0.6958640688537681,11.91902230850807,11.929846010371095,-0.010823701863023302,0.00032237932686309846,2184,-5.356875193045866,-5.304992234586304,-0.05188295845956307,-0.002447471672322765,1987,-6.562147115462207,-6.624853775784793,0.06270666032258478,0.0021250923454594513,1973
4.64,11.9233357262401,0.6771383092408912,11.9233357262401,11.93456833520566,-0.011232608965560152,0.00030579086709490826,2184,-5.375248885441793,-5.323590972738556,-0.05165791270323683,-0.0024396042666486317,1987,-6.548086840798311,-6.610977362467106,0.06289052166879619,0.0021338133995533817,1974
4.65,11.927531465462156,0.6584058665462712,11.927531465462156,11.93917283396208,-0.0116413684999253,0.0002891993921947597,2184,-5.393569526301298,-5.342137138526245,-0.05143238777505242,-0.0024317127854890166,1987,-6.533961939160861,-6.597035695435838,0.06307375627497773,0.0021425133932944035,1974
4.66,11.931609484763987,0.6396669256515602,11.931609484763987,11.94365946121683,-0.01204997645284396,0.00027260506591146594,2184,-5.411836934807048,-5.360630548923763,-0.05120638588328567,-0.0024237973067272873,1986,-6.519772549956942,-6.583028912293072,0.06325636233612962,0.0021511922408157225,1974
4.67,11.935569743897188,0.6209216715025345,11.935569743897188,11.948028172709716,-0.012458428812528257,0.00025600805202269025,2184,-5.4300509306671,-5.3790710214261654,-0.05097990924093469,-0.002415857908485196,1986,-6.505518813230091,-6.568957151283554,0.06343833805346295,0.0021598498564626275,1974
4.68,11.939412203775602,0.6021702891072898,11.939412203775602,11.952278925344311,-0.012866721568709029,0.00023940851433314897,2184,-5.4482113341166665,-5.397458374050976,-0.050752960065689766,-0.0024078946691198488,1986,-6.491200869658939,-6.5548205512933375,0.0636196816343988,0.002168486154786778,1974
4.69,11.943136826475701,0.5834129635343976,11.943136826475701,11.956411677188385,-0.013274850712685124,0.00022280661667132672,2184,-5.4663179659198935,-5.415792425339979,-0.05052554057991576,-0.002399907667223362,1986,-6.476818860555808,-6.540619251848408,0.06380039129260089,0.0021771010505522766,1974
4.7,11.946743575236958,0.5646498799110862,11.946743575236958,11.960426387474312,-0.013682812237353627,0.0002062025228898156,2184,-5.484370647371644,-5.434072994361009,-0.05029765301063468,-0.002391896981624529,1986,-6.462372927865317,-6.526353393113306,0.0639804652479883,0.002185694458734488,1974
4.71,11.950232414462226,0.5458812234214209,11.950232414462226,11.964323016599485,-0.014090602137257553,0.00018959639686347285,2184,-5.502369200299231,-5.452299900709744,-0.05006929958948827,-0.002383862691382161,1985,-6.447863214162998,-6.512023115889743,0.06415990172674503,0.0021942662945187283,1975
4.72,11.95360330971807,0.5271071793044589,11.95360330971807,11.968101526126688,-0.014498216408617662,0.00017298840248572683,2184,-5.520313447064213,-5.470472964511475,-0.049840482552736466,-0.0023758048757919477,1985,-6.433289862653861,-6.4976285616152145,0.06433869896135333,0.002202816473306052,1975
4.73,11.956856227735107,0.5083279328524417,11.956856227735107,11.971761878784495,-0.014905651049384936,0.00015637870366861945,2184,-5.538203210564108,-5.488592006422894,-0.04961120414121283,-0.0023677236143775024,1985,-6.418653017171005,-6.483169872361601,0.06451685519059618,0.0022113449107087676,1975
4.74,11.959991136408357,0.4895436694089475,11.959991136408357,11.97530403846762,-0.015312902059261254,0.00013976746434193454,2184,-5.5560383142341765,-5.50665684763385,-0.04938146660032615,-0.002359618986898001,1985,-6.403952822174183,-6.468647190833771,0.06469436865958661,0.0022198515225557883,1975
4.75,11.963008004797535,0.47075457436707047,11.963008004797535,11.978727970237285,-0.015719965439751866,0.00012315484845093223,2184,-5.573818582049151,-5.524667309869126,-0.04915127218002545,-0.002351491073341893,1985,-6.3891894227483865,-6.454060660368165,0.06487123761977731,0.0022283362248909557,1975
4.76,11.965906803127366,0.45196083316759555,11.965906803127366,11.982033640321571,-0.016126837194205153,0.00010654101995312068,2184,-5.591543838524962,-5.542623215390192,-0.048920623134771385,-0.0023433399539260903,1984,-6.3743629646024065,-6.439410424931383,0.06504746032897654,0.0022367989339731518,1975
4.7700000000000005,11.968687502787883,0.4331626312971639,11.968687502787883,11.985221016115728,-0.01653351332784444,8.992614281901762e-05,2184,-5.609213908720483,-5.560524386996959,-0.04868952172352429,-0.0023351657090970738,1984,-6.359473594067404,-6.424696629118773,0.06522303505136953,0.0022452395662781745,1976
4.78,11.971350076334703,0.41436015428643636,11.971350076334703,11.98829006618252,-0.016939989847817277,7.331038102827755e-05,2184,-5.626828618239256,-5.578370648029533,-0.04845797020972272,-0.002326968419530271,1984,-6.344521458095451,-6.409919418152993,0.06539796005754159,0.0022536580385022617,1976
4.79,11.973894497489297,0.3955535877082672,11.973894497489297,11.991240760252524,-0.01734626276322568,5.669389857041254e-05,2184,-5.6443877932312105,-5.596161822369954,-0.048225970861257225,-0.002318748166129181,1984,-6.3295067042580895,-6.395078937882575,0.0655722336244845,0.002262054267559148,1976
4.8,11.97632074113926,0.3767431171758815,11.97632074113926,11.994073069224426,-0.01775232808516744,4.007685944203577e-05,2184,-5.661891260394376,-5.613897734443933,-0.04799352595044328,-0.002310505030021658,1984,-6.314429480744885,-6.380175334780498,0.06574585403561231,0.002270428170579882,1976
4.8100000000000005,11.97862878333854,0.35792892834102397,11.97862878333854,11.996786965165322,-0.0181581818267807,2.3459427644877823e-05,2184,-5.679338846976601,-5.631578209222591,-0.047760637754010196,-0.002302239092563883,1983,-6.2992899363619435,-6.365208755942735,0.06591881958079249,0.0022787796649191934,1976
4.82,11.9808186013077,0.339111206892148,11.9808186013077,11.99938242131098,-0.018563820003278893,6.841767184667842e-06,2184,-5.696730380777246,-5.64920307222418,-0.0475273085530661,-0.0022939504353349186,1983,-6.284088220530457,-6.350179349086803,0.06609112855634658,0.00228710866815039,1977
4.83,11.982890173434116,0.3202901385525649,11.982890173434116,12.001859412066105,-0.018969238631990532,-9.775957930913473e-06,2184,-5.714065690148897,-5.666772149515809,-0.047293540633086814,-0.002285639140139696,1983,-6.268824483285222,-6.3350872625503,0.06626277926507815,0.0022954150980707207,1977
4.84,11.98484347927221,0.301465909078618,11.98484347927221,12.004217913004606,-0.01937443373239578,-2.6393583692602487e-05,2184,-5.731344603999049,-5.68428526771516,-0.04705933628388883,-0.0022773052890067767,1983,-6.253498875273163,-6.31993264528945,0.0664337700162862,0.0023036988726992734,1977
4.8500000000000005,11.98667849954364,0.28263870425785503,11.98667849954364,12.006457900869817,-0.01977940132617732,-4.3010946093026414e-05,2184,-5.7485669517917986,-5.7017422539921965,-0.046824697799600676,-0.002268948964185582,1983,-6.238111547751845,-6.304715646877623,0.06660409912577879,0.0023119599102787445,1977
4.86,11.988395216137496,0.2638087099071897,11.988395216137496,12.00857935357474,-0.02018413743724424,-5.96278811276791e-05,2184,-5.76573256354952,-5.719142936070875,-0.046589627478644625,-0.0022605702481475563,1982,-6.22266265258798,-6.289436417503869,0.06677376491588966,0.002320198129275147,1977
4.87,11.989993612110482,0.24497611187106147,11.989993612110482,12.010582250202262,-0.020588638091781294,-7.624422479530178e-05,2184,-5.78284126985456,-5.73648714223084,-0.04635412762372159,-0.0022521692235867234,1982,-6.207152342255925,-6.274095107971427,0.06694276571550367,0.0023284134483819757,1977
4.88,11.99147367168707,0.22614109601960986,11.99147367168707,12.012466571005357,-0.020992899318285515,-9.285981310139767e-05,2184,-5.799892901850894,-5.7537747013091165,-0.04611820054177773,-0.0022437459734163307,1982,-6.191580769836179,-6.258691869696243,0.06711109986006404,0.0023366057865177054,1978
4.89,11.992835380259672,0.20730384824683476,11.992835380259672,12.014232297407277,-0.02139691714760278,-0.00010947448205764904,2184,-5.816887291245801,-5.771005442701811,-0.045881848543990154,-0.0022353005807699924,1982,-6.175948089013875,-6.243226854705468,0.06727876569159293,0.0023447750628276323,1978
4.9,11.994078724388778,0.1884645544687694,11.994078724388778,12.015879412001748,-0.021800687612970722,-0.00012608806768630004,2184,-5.833824270311516,-5.788179196365784,-0.04564507394573268,-0.0022268331289979648,1982,-6.160254454077265,-6.227700215635967,0.0674457615587026,0.0023529211966840727,1978
4.91,11.995203691803079,0.16962340062164036,11.995203691803079,12.017407898553135,-0.022204206750056937,-0.00014270040601941335,2184,-5.85070367188689,-5.8052957928203295,-0.04540787906656158,-0.0022183437016686045,1981,-6.14450001991619,-6.212112105732809,0.06761208581661772,0.0023610441076877,1978
4.92,11.9962102713996,0.15078057266002687,11.9962102713996,12.018817741996596,-0.022607470596997126,-0.00015931133310159024,2184,-5.867525329379049,-5.822355063148853,-0.045170266230194885,-0.0022098323825687385,1981,-6.128684942020554,-6.1964626788477455,0.06777773682719201,0.002369143715670114,1978
4.93,11.99709845324381,0.13193625655503383,11.99709845324381,12.02010892843824,-0.023010475194433264,-0.00017592068499078847,2184,-5.884289076765021,-5.839356839000537,-0.044932237764483726,-0.0022012992556999776,1981,-6.112809376478791,-6.180752089437708,0.06794271295891778,0.0023772199406908116,1978
4.94,11.997868228569708,0.11309063829244809,11.997868228569708,12.021281445155267,-0.023413216585559723,-0.00019252829776174145,2184,-5.900994748593394,-5.856300952592,-0.04469379600139491,-0.0021927444052809945,1981,-6.096873479976317,-6.164980492563272,0.06810701258695463,0.0023852727030429593,1979
4.95,11.998519589779928,0.09424390387092425,11.998519589779928,12.022335280596076,-0.023815690816148715,-0.00020913400750569196,2184,-5.917642179985922,-5.87318723670895,-0.0444549432769719,-0.0021841679157403185,1981,-6.080877409794009,-6.149148043887129,0.06827063409312062,0.002393301923245967,1979
4.96,11.999052530445793,0.07539623930011702,11.999052530445793,12.023270424380396,-0.02421789393460436,-0.0002257376503323012,2184,-5.934231206639182,-5.890015524707846,-0.044215681931335626,-0.002175569871724861,1980,-6.064821323806614,-6.133254899672554,0.06843357586594079,0.0024013075220571333,1979
4.97,11.999467045307398,0.05654783059886659,11.999467045307398,12.024086867299387,-0.024619821991989727,-0.00024233906237145202,2184,-5.950761664826179,-5.906785650517531,-0.04397601430864792,-0.0021669503580921835,1980,-6.0487053804812225,-6.117301216781861,0.06859583630063845,0.002409289420463812,1979
4.98,11.999763130273644,0.03769886379335209,11.999763130273644,12.024784601315723,-0.025021471042076117,-0.00025893807977694396,2184,-5.967233391397968,-5.923497448640875,-0.04373594275709323,-0.002158309459913455,1980,-6.032529738875681,-6.10128715267485,0.06875741379916855,0.0024172475396905257,1979
4.99,11.999940782422298,0.01884952491527694,11.999940782422298,12.025363619563668,-0.025422837141370114,-0.0002755345387237323,2184,-5.983646223785249,-5.94015075415641,-0.04349546962883884,-0.0021496472624669056,1980,-6.016294558637052,-6.085212865407261,0.06891830677020816,0.0024251818011903387,1980
5.0,12.0,7.347880794884119e-16,12.0,12.025823916349164,-0.02582391634916447,-0.00029212827541351665,2185,-5.9999999999999964,-5.956745402719958,-0.04325459728003964,-0.0021409638512446916,1980,-6.000000000000005,-6.069078513629209,0.06907851362920253,0.0024330921266579996,1980
5.01,11.999940782422298,-0.018849524915275473,11.999940782422298,12.026165487149866,-0.026224704727566727,-0.00030871912607366957,2184,-6.016294558637043,-5.973281230566247,-0.043013328070796046,-0.0021322593119478535,1980,-5.983646223785258,-6.05288425658362,0.06923803279836119,0.002440978438021188,1980
5.0200000000000005,11.999763130273644,-0.037698863793353285,11.999763130273644,12.026388328615194,-0.026625198341548514,-0.0003253069269616594,2184,-6.032529738875674,-5.989758074510537,-0.04277166436513641,-0.002123533730485169,1979,-5.967233391397976,-6.036630254104658,0.06939686270668333,0.0024488406574465936,1980
5.03,11.999467045307398,-0.05654783059886512,11.999467045307398,12.026492438566374,-0.027025393258975763,-0.00034189151436356084,2184,-6.048705380481213,-6.006175771950224,-0.04252960853098846,-0.0021147871929730316,1979,-5.950761664826189,-6.020316666616151,0.06955500178996263,0.0024566787073364233,1980
5.04,11.999052530445793,-0.07539623930011555,11.999052530445793,12.026477815996445,-0.027425285550651653,-0.00035847272459898615,2184,-6.064821323806605,-6.022534160866445,-0.042287162940159426,-0.002106019785733769,1979,-5.934231206639191,-6.003943655130002,0.06971244849081028,0.002464492510332624,1980
5.05,11.998519589779928,-0.09424390387092277,11.998519589779928,12.026344461070279,-0.027824871290351588,-0.00037505039401798494,2184,-6.080877409793998,-6.038833079825679,-0.042044329968319284,-0.0020972315952981187,1979,-5.917642179985931,-5.987511381244603,0.06986920125867087,0.002472281989316195,1981
5.0600000000000005,11.997868228569708,-0.11309063829244927,11.997868228569708,12.026092375124579,-0.028224146554870915,-0.0003916243590087569,2184,-6.09687347997631,-6.0550723679813405,-0.041801111994969824,-0.0020884227084008397,1979,-5.900994748593401,-5.971020007143242,0.07002525854984074,0.0024800470674098437,1981
5.07,11.99709845324381,-0.13193625655503238,11.99709845324381,12.025721560667858,-0.02862310742405035,-0.00040819445599413196,2184,-6.112809376478781,-6.071251865075363,-0.04155751140341833,-0.002079593211980183,1978,-5.884289076765031,-5.9544696955925,0.07018061882746868,0.0024877876679744743,1981
5.08,11.9962102713996,-0.1507805726600254,11.9962102713996,12.025232021380425,-0.02902174998082689,-0.0004247605214354978,2184,-6.128684942020545,-6.087371411439787,-0.041313530580757776,-0.0020707431931776487,1978,-5.867525329379057,-5.937860609940643,0.07033528056158467,0.00249550371461325,1981
5.09,11.995203691803079,-0.1696234006216389,11.995203691803079,12.024623762114341,-0.029420070311264018,-0.00044132239183368276,2184,-6.144500019916181,-6.103430847998332,-0.041069171917848486,-0.0020618727393388885,1978,-5.850703671886899,-5.921192914116013,0.0704892422291125,0.002503195131172635,1981
5.1000000000000005,11.994078724388778,-0.1884645544687706,11.994078724388778,12.023896788893374,-0.029818064504596214,-0.0004578799037319994,2184,-6.160254454077259,-6.119430016267969,-0.040824437809289515,-0.002052981938010812,1978,-5.833824270311523,-5.904466772625409,0.07064250231388573,0.002510861841742852,1982
5.11,11.992835380259672,-0.2073038482468333,11.992835380259672,12.023051108912936,-0.03021572865326398,-0.00047443289371576405,2184,-6.1759480890138665,-6.135368758360477,-0.04057933065338847,-0.0020440708769391283,1978,-5.816887291245811,-5.887682350552464,0.07079505930665325,0.00251850377065492,1982
5.12,11.99147367168707,-0.22614109601960838,11.99147367168707,12.022086730540023,-0.030613058852953557,-0.0004909811984151807,2184,-6.191580769836169,-6.1512469169840145,-0.04033385285215431,-0.0020351396440728008,1978,-5.799892901850903,-5.870839813556014,0.07094691170510946,0.0025261208424881953,1982
5.13,11.989993612110482,-0.24497611187105997,11.989993612110482,12.021003663313117,-0.031010051202635114,-0.0005075246545066777,2184,-6.207152342255915,-6.1670643354446595,-0.04008800681125603,-0.0020261883275569485,1977,-5.782841269854569,-5.853939327868462,0.07109805801389193,0.0025337129820639705,1982
5.14,11.988395216137496,-0.26380870990718824,11.988395216137496,12.0198019179421,-0.031406701804604094,-0.0005240630987155027,2184,-6.222662652587971,-6.182820857647962,-0.039841794940008314,-0.002017217015736253,1977,-5.765732563549529,-5.836981060294142,0.0712484967446132,0.002541280114451802,1982
5.15,11.98667849954364,-0.28263870425785625,11.98667849954364,12.018481506308152,-0.031803006764513,-0.0005405963678149078,2184,-6.238111547751837,-6.198516328100487,-0.03959521965135091,-0.0020082257971531384,1977,-5.748566951791805,-5.81996517820767,0.07139822641586471,0.0025488221649680853,1983
5.16,11.98484347927221,-0.3014659090786165,11.98484347927221,12.017042441463627,-0.03219896219141597,-0.0005571242986296045,2184,-6.253498875273154,-6.21415059191134,-0.0393482833618144,-0.0019992147605453242,1977,-5.731344603999059,-5.80289184955229,0.07154724555323116,0.0025563390591749604,1983
5.17,11.982890173434118,-0.32029013855256344,11.982890173434118,12.015484737631922,-0.032594564197805286,-0.0005736467280370817,2184,-6.268824483285214,-6.229723494793707,-0.0391009884915067,-0.001990183994847722,1977,-5.714065690148907,-5.78576124283822,0.07169555268931278,0.002563830722884833,1983
5.18,11.9808186013077,-0.33911120689214663,11.9808186013077,12.013808410207352,-0.03298980889965119,-0.0005901634929702049,2184,-6.284088220530448,-6.245234883066368,-0.03885333746407805,-0.001981133589187287,1977,-5.6967303807772565,-5.768573527140986,0.07184314636373003,0.0025712970821575214,1983
5.19,11.97862878333854,-0.3579289283410224,11.97862878333854,12.012013475754976,-0.03338469241643524,-0.000606674430415617,2184,-6.299289936361933,-6.260684603655222,-0.038605332706711515,-0.0019720636328879578,1976,-5.67933884697661,-5.751328872099757,0.07199002512314676,0.002578738063303597,1983
5.2,11.97632074113926,-0.37674311717588005,11.97632074113926,12.010099952010453,-0.03377921087119328,-0.0006231793774193733,2184,-6.314429480744876,-6.276072504094788,-0.038356976650088755,-0.0019629742154655947,1976,-5.661891260394386,-5.734027447915667,0.07213618752128204,0.0025861535928848015,1984
5.21,11.973894497489297,-0.39555358770826576,11.973894497489297,12.008067857879851,-0.03417336039055517,-0.0006396781710854985,2184,-6.32950670425808,-6.291398432529719,-0.038108271728361426,-0.0019538654266258466,1976,-5.644387793231219,-5.716669425350137,0.0722816321189158,0.0025935435977112336,1984
5.22,11.971350076334703,-0.41436015428643486,11.971350076334703,12.005917213439481,-0.03456713710477661,-0.0006561706485793857,2184,-6.34452145809544,-6.306662237716296,-0.037859220379145596,-0.0019447373562695518,1976,-5.626828618239265,-5.6992549757231865,0.07242635748392141,0.002600908004848672,1984
5.23,11.968687502787883,-0.43316263129716254,11.968687502787883,12.003648039935667,-0.034960537147783646,-0.0006726566471287089,2184,-6.359473594067395,-6.32186376902392,-0.03760982504347484,-0.0019355900944837798,1976,-5.609213908720493,-5.68178427091175,0.07257036219125769,0.002608246741612305,1984
5.24,11.965906803127366,-0.45196083316759406,11.965906803127366,12.001260359784576,-0.035353556657209274,-0.0006891360040249426,2184,-6.374362964602398,-6.337002876436603,-0.03736008816579467,-0.0019264237315478267,1975,-5.591543838524971,-5.664257483347974,0.07271364482300235,0.0026155597355726444,1984
5.25,11.963008004797535,-0.47075457436706897,11.963008004797535,11.99875419657196,-0.035746191774425236,-0.0007056085566245415,2184,-6.389189422748378,-6.352079410554444,-0.03711001219393313,-0.0019172383579296958,1975,-5.57381858204916,-5.646674786017517,0.07285620396835599,0.002622846914553957,1985
5.26,11.959991136408357,-0.48954366940894606,11.959991136408357,11.996129575052947,-0.03613843864458971,-0.0007220741423521878,2184,-6.403952822174174,-6.367093222595107,-0.03685959957906737,-0.0019080340642828246,1975,-5.556038314234185,-5.629036352457841,0.07299803822365548,0.0026301082066346173,1985
5.2700000000000005,11.956856227735107,-0.5083279328524403,11.956856227735107,11.99338652115179,-0.03653029341668072,-0.0007385325987000453,2184,-6.418653017170995,-6.382044164395285,-0.03660885277570937,-0.0018988109414480349,1975,-5.538203210564117,-5.611342356756505,0.0731391461923877,0.0026373435401479913,1985
5.28,11.95360330971807,-0.5271071793044575,11.95360330971807,11.990525061961606,-0.03692175224353432,-0.000754983763232419,2184,-6.433289862653852,-6.396932088412171,-0.03635777424168126,-0.0018895690804534263,1975,-5.520313447064222,-5.593592973549435,0.0732795264852132,0.0026445528436855785,1985
5.29,11.950232414462226,-0.5458812234214193,11.950232414462226,11.98754522574411,-0.03731281128188432,-0.0007714274735848136,2184,-6.4478632141629895,-6.4117568477249005,-0.036106366438089094,-0.00188030857251093,1975,-5.502369200299242,-5.575788378019213,0.07341917771997103,0.0026517360460953454,1985
5.3,11.946743575236958,-0.5646498799110846,11.946743575236958,11.984447041929354,-0.037703466692394105,-0.000787863567464569,2184,-6.462372927865309,-6.426518296036014,-0.03585463182929502,-0.0018710295090162065,1974,-5.484370647371653,-5.55792874589334,0.07355809852168674,0.0026588930764806784,1986
5.3100000000000005,11.943136826475701,-0.5834129635343962,11.943136826475701,11.981230541115401,-0.038093714639701175,-0.0008042918826564648,2184,-6.476818860555799,-6.441216287672898,-0.03560257288290138,-0.0018617319815498416,1974,-5.466317965919904,-5.540014253442505,0.07369628752260177,0.0026660238642064104,1986
5.32,11.939412203775602,-0.6021702891072883,11.939412203775602,11.977895755068058,-0.03848355129245528,-0.0008207122570212527,2184,-6.491200869658931,-6.455850677589216,-0.03535019206971414,-0.0018524160818715013,1974,-5.448211334116675,-5.522045077478845,0.07383374336217022,0.002673128338892997,1986
5.33,11.935569743897188,-0.620921671502533,11.935569743897188,11.97444271672054,-0.03887297282335344,-0.0008371245284982815,2184,-6.505518813230082,-6.47042132136635,-0.03509749186373171,-0.0018430819019249374,1974,-5.430050930667109,-5.504021395354197,0.07397046468708675,0.0026802064304237583,1986
5.34,11.931609484763987,-0.6396669256515587,11.931609484763987,11.970871460173163,-0.03926197540917492,-0.000853528535106245,2184,-6.519772549956933,-6.484928075214817,-0.034844474742116396,-0.00183372953383439,1974,-5.411836934807058,-5.48594338495835,0.07410645015129291,0.0026872580689411892,1986
5.3500000000000005,11.927531465462156,-0.6584058665462724,11.927531465462156,11.967182020692983,-0.03965055523082734,-0.0008699241149465369,2184,-6.5339619391608545,-6.499370795975695,-0.03459114318515936,-0.0018243590699012374,1974,-5.393569526301305,-5.467811224717292,0.07424169841598749,0.0026942831848481516,1987
5.36,11.9233357262401,-0.6771383092408898,11.9233357262401,11.963374434713474,-0.04003870847337371,-0.0008863111062025857,2184,-6.548086840798301,-6.5137493411220335,-0.0343374996762687,-0.001814970602606665,1974,-5.375248885441803,-5.449625093591444,0.07437620814964241,0.002701281708809315,1987
5.37,11.91902230850807,-0.6958640688537667,11.91902230850807,11.959448739834148,-0.040426431326076956,-0.000902689347142601,2184,-6.562147115462198,-6.528063568760255,-0.03408354670194323,-0.0018055642246103095,1973,-5.356875193045877,-5.431385171073897,0.07450997802802098,0.0027082535717527652,1987
5.38,11.914591254837761,-0.7145829605692158,11.914591254837761,11.955404974820203,-0.040813719982438115,-0.0009190586761212184,2184,-6.576142624383315,-6.542313337631567,-0.033829286751747026,-0.0017961400287484644,1973,-5.338448630454452,-5.4130916371886375,0.07464300673418595,0.002715198704869784,1987
5.39,11.910042608961884,-0.7332947996393353,11.910042608961884,11.951243179602116,-0.04120057064023129,-0.0009354189315822744,2183,-6.590073229431624,-6.556498507113345,-0.033574722318280785,-0.0017866981080327839,1973,-5.319969379530264,-5.394744672488776,0.07477529295851287,0.00272211703961513,1987
5.4,11.905376415773734,-0.7519994013858257,11.905376415773734,11.946963395275278,-0.041586979501544996,-0.0009517699520581449,2183,-6.603938793117679,-6.570618937220523,-0.0333198558971572,-0.001777238555649107,1973,-5.3014376226560564,-5.376344458054758,0.07490683539870219,0.002729008507707305,1988
5.41,11.900592721326754,-0.7706965812018162,11.900592721326754,11.942565664099563,-0.04197294277280922,-0.0009681115761721254,2183,-6.617739178593964,-6.584674488606983,-0.033064689986981054,-0.0017677614649578947,1973,-5.282853542732794,-5.3578911754925835,0.07503763275979028,0.002735873041129867,1988
5.42,11.895691572834078,-0.789386154553693,11.895691572834078,11.938050029498926,-0.042358456664847874,-0.0009844436426409532,2183,-6.631474249656245,-6.598665022566919,-0.03280922708932541,-0.0017582669294933205,1973,-5.264217323177838,-5.339385006932011,0.07516768375417328,0.0027427105721341744,1988
5.43,11.890673018668064,-0.8080679369829123,11.890673018668064,11.93341653606097,-0.04274351739290425,-0.0010007659902751135,2183,-6.645143870744914,-6.612590401036214,-0.032553469708701356,-0.00174875504296137,1972,-5.245529147923153,-5.320826135024759,0.07529698710160561,0.0027495210332364214,1988
5.44,11.885537108359815,-0.8267417441078293,11.885537108359815,11.928665229536497,-0.04312812117668238,-0.001017078457981116,2183,-6.6587479069463384,-6.626450486593796,-0.03229742035254289,-0.0017392258992404049,1972,-5.226789201413479,-5.302214742942704,0.07542554152922527,0.0027563043572214783,1989
5.45,11.88028389259869,-0.8454073916254956,11.88028389259869,11.923796156839076,-0.04351226424038678,-0.001033380884763166,2183,-6.672286223994162,-6.6402451424630025,-0.03204108153115927,-0.0017296795923752491,1972,-5.2079976686045315,-5.283551014376077,0.07555334577154606,0.0027630604771383873,1989
5.46,11.874913423231812,-0.8640646953135116,11.874913423231812,11.918809366044568,-0.04389594281275424,-0.0010496731097236669,2183,-6.685758688270666,-6.653974232512924,-0.0317844557577421,-0.0017201162165846866,1972,-5.18915473496115,-5.264835133531646,0.07568039857049634,0.002769789326308333,1989
5.47,11.869425753263542,-0.8827134710318217,11.869425753263542,11.913704906390645,-0.04427915312710315,-0.0010659549720683443,2183,-6.699165166808066,-6.6676376212597495,-0.03152754554831607,-0.0017105358662531074,1972,-5.17026058645548,-5.246067285130899,0.07580669867541842,0.002776490838321247,1989
5.48,11.863820936854966,-0.9013535347245438,11.863820936854966,11.908482828276318,-0.044661891421350984,-0.001082226311102506,2183,-6.712505527289835,-6.681235173868103,-0.03127035342173181,-0.0017009386359348126,1972,-5.151315409565134,-5.227247654408217,0.075932244843082,0.00278316494703737,1989
5.49,11.858099029323366,-0.919984702421764,11.858099029323366,11.90314318326143,-0.045044153938063596,-0.001098486966234817,2183,-6.725779638051996,-6.694766756152378,-0.03101288189961814,-0.001691324620347539,1971,-5.132319391271375,-5.208376427109055,0.07605703583768014,0.002789811586581999,1990
5.5,11.852260087141651,-0.9386067902413843,11.852260087141651,11.897686024066154,-0.04542593692450133,-0.001114736776982702,2183,-6.738987368084434,-6.7082322345780545,-0.030755133506379723,-0.001681693914376667,1971,-5.113272719057221,-5.189453789488102,0.07618107043088027,0.0027964306913593182,1990
5.51,11.846304167937829,-0.9572196143909159,11.846304167937829,11.892111404570464,-0.045807236632636535,-0.0011309755829680456,2183,-6.75212858703219,-6.721631476263025,-0.030497110769165246,-0.0016720466130729587,1971,-5.094175580905643,-5.170479928307443,0.07630434740180099,0.002803022196040962,1990
5.5200000000000005,11.840231330494415,-0.9758229911693012,11.840231330494415,11.886419379813615,-0.04618804931919966,-0.0011472032239213522,2183,-6.765203165196738,-6.734964348978901,-0.030238816217837992,-0.0016623828116503537,1971,-5.075028165297681,-5.151455030834719,0.07642686553703766,0.002809586035571669,1990
5.53,11.834041634747866,-0.9944167369687191,11.834041634747866,11.880610005993585,-0.04656837124572062,-0.0011634195396843083,2183,-6.77821097353727,-6.748230721152318,-0.029980252384952003,-0.0016527026054843517,1971,-5.0558306612106,-5.1323792848412735,0.07654862363067341,0.0028161221451688187,1990
5.54,11.827735141787976,-1.013000668276403,11.827735141787976,11.874683340466538,-0.046948198678562175,-0.001179624370210514,2183,-6.791151883671963,-6.761430461866237,-0.029721421805726615,-0.0016430060901129447,1971,-5.036583258116016,-5.1132528786003055,0.07666962048429038,0.0028226304603237566,1991
5.55,11.821311913857288,-1.031574601676456,11.821311913857288,11.86863944174624,-0.04732752788895174,-0.0011958175555657168,2182,-6.804025767879265,-6.774563440861235,-0.02946232701802978,-0.001633293361236578,1971,-5.017286145978026,-5.094076000885008,0.0767898549069831,0.002829110916802688,1991
5.5600000000000005,11.814772014350464,-1.0501383538516564,11.814772014350464,11.86247836950349,-0.047706355153025924,-0.00121199893593236,2182,-6.816832499099137,-6.787629528536792,-0.029202970562343857,-0.0016235645147145371,1970,-4.997939515251331,-5.074848840966703,0.07690932571537216,0.0028355634506471708,1991
5.57,11.808115507813676,-1.0686917415852626,11.808115507813676,11.85620018456554,-0.04808467675186233,-0.0012281683516069987,2182,-6.829571950934307,-6.800628595952565,-0.028943354981742577,-0.0016138196465651069,1970,-4.978543556879371,-5.055571588612978,0.07702803173360649,0.002841987998172494,1991
5.58,11.801342459943957,-1.0872345817628246,11.801342459943957,11.849804948915473,-0.048462488971516116,-0.0012443256430060149,2182,-6.842243997651531,-6.813560514829668,-0.028683482821863972,-0.0016040588529643999,1970,-4.959098462292428,-5.03624443408581,0.07714597179338088,0.002848384495970499,1992
5.59,11.794452937588549,-1.1057666913739992,11.794452937588549,11.843292725691615,-0.04883978810306456,-0.0012604706506661682,2182,-6.854848514182823,-6.826425157551931,-0.02842335663089213,-0.0015942822302462438,1970,-4.93960442340573,-5.016867568139686,0.07726314473395589,0.0028547528809120927,1992
5.6000000000000005,11.787447008744262,-1.1242878875143485,11.787447008744262,11.836663579186892,-0.04921657044262926,-0.0012766032152423858,2182,-6.8673853761266965,-6.839222397167165,-0.028162978959530124,-0.001584489874901997,1970,-4.9200616326175695,-4.997441182019728,0.07737954940215859,0.002861093090144174,1992
5.61,11.780324742556788,-1.142797987387139,11.780324742556788,11.829917574848212,-0.04959283229142552,-0.0012927231775152776,2182,-6.879854459749381,-6.851952107388417,-0.027902352360964243,-0.0015746818835752985,1970,-4.900470282807408,-4.977965467459796,0.07749518465238818,0.002867405061090249,1992
5.62,11.773086209320006,-1.1612968083051627,11.773086209320006,11.823054779275804,-0.04996856995579566,-0.0013088303783894192,2182,-6.8922556419860594,-6.864614162595204,-0.027641479390856056,-0.001564858353066907,1970,-4.880830567333952,-4.958440616680602,0.07761004934665092,0.0028736887314559094,1992
5.63,11.765731480475333,-1.1797841676925203,11.765731480475333,11.816075260222572,-0.05034377974723929,-0.001324924658893483,2182,-6.904588800442066,-6.877208437834767,-0.027380362607300247,-0.0015550193803287636,1969,-4.86114268003327,-4.938866822387809,0.07772414235454034,0.00287994403922215,1993
5.64,11.758260628610962,-1.198259883086441,11.758260628610962,11.808979086593423,-0.050718457982460996,-0.0013410058601862384,2182,-6.916853813394107,-6.889734808823295,-0.027119004570812698,-0.0015451650624666684,1969,-4.841406815216858,-4.919244277770133,0.07783746255327528,0.002886170922653227,1993
5.65,11.750673727461189,-1.2167237721390751,11.750673727461189,11.801766328444584,-0.05109260098339736,-0.0013570738235542017,2182,-6.92905055979146,-6.902193151947158,-0.026857407844301066,-0.001535295496738088,1969,-4.821623167669731,-4.899573176497432,0.07795000882770002,0.002892369320292704,1993
5.66,11.742970851905664,-1.235175652619287,11.742970851905664,11.794437056982916,-0.051466205077251984,-0.0013731283904140296,2182,-6.941178919257156,-6.914583344264124,-0.026595574993032195,-0.0015254107805496185,1969,-4.801791932648512,-4.8798537127187975,0.07806178007028577,0.0028985391709639317,1993
5.67,11.73515207796866,-1.2536153424144707,11.73515207796866,11.786991344565202,-0.051839266596541575,-0.0013891694023154275,2181,-6.953238772089187,-6.926905263504569,-0.026333508584618578,-0.0015155110114586099,1969,-4.781913305879477,-4.860086081060638,0.07817277518116095,0.0029046804137742408,1994
5.68,11.72721748281832,-1.2720426595323273,11.72721748281832,11.779429264697447,-0.05221178187912458,-0.0014051967009420978,2181,-6.965229999261673,-6.9391587880726915,-0.02607121118898179,-0.0015055962871695439,1969,-4.76198748355665,-4.840270476624757,0.07828299306810636,0.002910792988111597,1994
5.69,11.719167144765894,-1.2904574221026786,11.719167144765894,11.771750892034131,-0.05258374726823777,-0.0014212101281121312,2181,-6.9771524824260425,-6.951343797047706,-0.025808685378337387,-0.0014956667055358898,1969,-4.742014662339855,-4.82040709498643,0.07839243264657517,0.002916876833647808,1994
5.7,11.71100114326497,-1.3088594483792548,11.71100114326497,11.763956302377503,-0.05295515911253441,-0.0014372095257807038,2181,-6.989006103912203,-6.963460170185037,-0.025545933727166275,-0.0014857223645583818,1968,-4.721995039352768,-4.800496132192469,0.07850109283970068,0.0029229318903389472,1994
5.71,11.702719558910681,-1.3272485567414813,11.702719558910681,11.756045572676802,-0.05332601376612238,-0.0014531947360424428,2181,-7.0007907467296935,-6.975507787917512,-0.02528295881218051,-0.0014757633623806226,1968,-4.7019288121809915,-4.780537784759293,0.07860897257830131,0.002928958098422782,1995
5.72,11.694322473438927,-1.345624565696287,11.694322473438927,11.74801878102752,-0.05369630758859448,-0.001469165601131213,2181,-7.012506294568848,-6.987486531356535,-0.025019763212312987,-0.0014657897972941312,1968,-4.681816178870081,-4.760532249670987,0.07871607080090587,0.002934955398425148,1995
5.73,11.685809969725547,-1.3639872938798776,11.685809969725547,11.739876006670615,-0.05406603694506808,-0.001485121963422432,2181,-7.024152631801936,-6.99939628229326,-0.024756349508676057,-0.0014558017677311864,1968,-4.661657337923614,-4.740479724377356,0.07882238645374175,0.0029409237311532857,1995
5.74,11.67718213178552,-1.3823365600595412,11.67718213178552,11.73161732999174,-0.0544351982062202,-0.0015010636654347537,2181,-7.035729643484314,-7.011236923199762,-0.024492720284551222,-0.001445799372269357,1968,-4.6414524883012085,-4.720380406791978,0.07892791849076904,0.002946863037703682,1995
5.75,11.66843904477212,-1.4006721831354316,11.66843904477212,11.723242832520443,-0.05480378774832402,-0.0015169905498317376,2181,-7.047237215355551,-7.023008337230195,-0.024228878125356516,-0.0014357827096271166,1968,-4.621201829416573,-4.70023449529025,0.07903266587367735,0.0029527732594583542,1995
5.76,11.659580794976089,-1.4189939821423485,11.659580794976089,11.714752596929372,-0.05517180195328392,-0.0015329024594230994,2181,-7.058675233840558,-7.034710408221943,-0.02396482561861471,-0.0014257518786628762,1968,-4.600905561135534,-4.6800421887074295,0.07913662757189624,0.0029586543380858113,1996
5.7700000000000005,11.650607469824772,-1.4373017762515305,11.650607469824772,11.706146707033444,-0.05553923720867199,-0.0015487992371660802,2181,-7.070043586050707,-7.046343020696769,-0.023700565353936606,-0.0014157069783753574,1968,-4.580563883774069,-4.659803686336675,0.07923980256260621,0.0029645062155413044,1996
5.78,11.641519157881268,-1.455595384772443,11.641519157881268,11.69742524778903,-0.0559060899077599,-0.0015646807261676544,2180,-7.081342159784953,-7.057906059861956,-0.023436099922995595,-0.0014056481079027941,1967,-4.5601769980963205,-4.639519187927075,0.0793421898307547,0.0029703288340703323,1996
5.79,11.63231594884355,-1.4738746271545577,11.63231594884355,11.688588305293111,-0.056272356449560225,-0.001580546769684616,2180,-7.092570843530938,-7.069399411611436,-0.023171431919502213,-0.0013955753665218689,1967,-4.539745105312615,-4.619188893681678,0.07944378836906243,0.0029761221362067736,1996
5.8,11.622997933543575,-1.4921393229891273,11.622997933543575,11.679635966782433,-0.05663803323885982,-0.001596397211127992,2180,-7.103729526466084,-7.080822962526917,-0.022906563939165975,-0.0013854888536436114,1967,-4.519268407077494,-4.598813004255519,0.0795445971780258,0.002981886064771978,1997
5.8100000000000005,11.613565203946383,-1.5103892920109827,11.613565203946383,11.67056832063264,-0.057003116686256426,-0.0016122318940623402,2180,-7.114818098458693,-7.092176599879006,-0.02264149857968743,-0.0013753886688174337,1967,-4.498747105487693,-4.578391720753637,0.07964461526594385,0.002987620562880209,1997
5.82,11.60401785314922,-1.528624354100292,11.60401785314922,11.661385456357406,-0.05736760320818727,-0.0016280506622065186,2180,-7.125836450069039,-7.103460211628319,-0.022376238440719978,-0.0013652749117262246,1967,-4.478181403080182,-4.557925244729089,0.07974384164890724,0.0029933255739328446,1997
5.83,11.594355975380578,-1.546844329284357,11.594355975380578,11.652087464607547,-0.057731489226972035,-0.0016438533594366669,2180,-7.13678447255044,-7.1146736864265865,-0.02211078612385318,-0.0013551476821879347,1967,-4.457571502830139,-4.537413778180963,0.07984227535082442,0.002999001041624663,1997
5.84,11.584579665999286,-1.5650490377393806,11.584579665999286,11.642674437170136,-0.058094771170849394,-0.001659639829789502,2180,-7.147662057850335,-7.125816913617754,-0.02184514423258097,-0.0013450070801528553,1967,-4.436917608148954,-4.516857523552384,0.07993991540342957,0.0030046469099422038,1998
5.8500000000000005,11.574689021493576,-1.583238299792238,11.574689021493576,11.63314646696758,-0.05845744547400408,-0.0016754099174596674,2180,-7.158469098611348,-7.136889783239071,-0.021579315372276968,-0.0013348532057034087,1967,-4.416219922882232,-4.496256683728511,0.08003676084627946,0.0030102631231627725,1998
5.86,11.564684139480116,-1.6014119359222532,11.564684139480116,11.623503648056726,-0.058819508576608226,-0.0016911634668038515,2180,-7.169205488172344,-7.147892186022179,-0.021313302150165102,-0.001324686159051727,1966,-4.395478651307775,-4.475611462034547,0.08013281072677253,0.0030158496258555585,1998
5.87,11.554565118703051,-1.6195697667629765,11.554565118703051,11.613746075627908,-0.059180956924856316,-0.001706900322343309,2179,-7.1798711205695,-7.158824013394191,-0.02104710717530844,-0.0013145060405425658,1966,-4.374693998133555,-4.4549220622337184,0.08022806410016317,0.0030214063628856615,1998
5.88,11.544332059033032,-1.6377116131039486,11.544332059033032,11.60387384600403,-0.05954178697099865,-0.001722620328762998,2179,-7.190465890537324,-7.16968515747876,-0.020780733058564687,-0.0013043129506476155,1966,-4.353866168495709,-4.434188688525271,0.08032252002956254,0.0030269332794106533,1998
5.89,11.533985061466222,-1.6558372958924732,11.533985061466222,11.593887056639598,-0.059901995173376264,-0.0017383233309142135,2179,-7.2009896935097215,-7.180475511097145,-0.020514182412576635,-0.0012941069899684706,1966,-4.332995367956505,-4.413411545542455,0.08041617758595052,0.0030324303208825033,1999
5.9,11.523524228123316,-1.6739466362353757,11.523524228123316,11.583785806119772,-0.06026157799645594,-0.0017540091738164803,2179,-7.211442425620999,-7.191194967769271,-0.02024745785172763,-0.0012838882592309912,1966,-4.31208180250232,-4.392590838350501,0.08050903584818199,0.0030378974330473353,1999
5.91,11.512949662248515,-1.6920394554007758,11.512949662248515,11.573570194159378,-0.06062053191086363,-0.0017696777026578086,2179,-7.221823983706913,-7.201843421714777,-0.019980561992136804,-0.0012736568592888993,1966,-4.291125678541603,-4.371726772444602,0.08060109390299884,0.003043334561946405,1999
5.92,11.502261468208511,-1.7101155748198547,11.502261468208511,11.563240321601935,-0.06097885339342416,-0.001785328762797688,2179,-7.232134265305675,-7.212420767854056,-0.01971349745161853,-0.0012634128911208587,1966,-4.270127202902838,-4.350819553747881,0.08069235084504268,0.0030487416539189136,1999
5.93,11.491459751491467,-1.728174816088612,11.491459751491467,11.55279629041866,-0.061336538927194664,-0.0018009621997688626,2179,-7.242373168658968,-7.222926901809306,-0.019446266849663333,-0.0012531564558299572,1966,-4.249086582832501,-4.3298693886093576,0.0807828057768572,0.0030541186555988623,2000
5.94,11.480544618705965,-1.7462170009696318,11.480544618705965,11.54223820370746,-0.06169358500149479,-0.001816577859277104,2179,-7.252540592712958,-7.2333617199055436,-0.01917887280741403,-0.001242887654642433,1966,-4.22800402599301,-4.3088764838019165,0.08087245780890723,0.0030594655139193606,2000
5.95,11.46951617757996,-1.7642419513938232,11.46951617757996,11.5315661656919,-0.06204998811194009,-0.0018321755872023329,2178,-7.262636437119259,-7.243725119171638,-0.018911317947621215,-0.0012326065889030112,1965,-4.206879740460704,-4.287841046520263,0.08096130605955972,0.0030647821761054057,2000
5.96,11.458374536959715,-1.782249489462208,11.458374536959715,11.520780281720203,-0.062405744760486555,-0.0018477552296037453,2178,-7.272660602235974,-7.254016997341324,-0.018643604894649612,-0.0012223133600830364,1965,-4.185713934723744,-4.266763284378879,0.08104934965513458,0.0030700685896866173,2000
5.97,11.447119806808722,-1.8002394374476547,11.447119806808722,11.509880658264185,-0.06276085145546241,-0.0018633166327184023,2178,-7.282612989128635,-7.264237252854211,-0.018375736274424008,-0.0012120080697705874,1965,-4.16450681768009,-4.245643405409973,0.08113658772988404,0.00307532470248867,2001
5.98,11.435752098206624,-1.8182116177966452,11.435752098206624,11.498867402918215,-0.06311530471159199,-0.0018788596429630856,2178,-7.292493499571207,-7.274385784856786,-0.018107714714419704,-0.00120169081967352,1965,-4.14325859863542,-4.2244816180614295,0.0812230194260101,0.0030805504626365676,2001
5.99,11.42427152334812,-1.8361658531310046,11.42427152334812,11.487740624398157,-0.06346910105003704,-0.0018943841069349026,2178,-7.302302036047034,-7.284462493203409,-0.017839542843625954,-0.0011913617116169452,1965,-4.121969487301088,-4.2032781311947485,0.08130864389366062,0.0030857458185516093,2001
6.0,11.412678195541844,-1.8541019662496836,11.412678195541844,11.476500432540282,-0.06382223699843975,-0.001909889871416444,2178,-7.312038501749823,-7.294467278457299,-0.017571223292523683,-0.0011810208475439002,1965,-4.100639693792023,-4.182033154082986,0.08139346029096264,0.0030909107189601636,2001
6.01,11.400972229209259,-1.872019780130487,11.400972229209259,11.465146938300204,-0.06417470909094487,-0.0019253767833732295,2178,-7.321702800584589,-7.304400041891521,-0.01730275869306801,-0.0011706683295135724,1965,-4.079269428624674,-4.160746896408687,0.0814774677840129,0.003096045112887238,2002
6.0200000000000005,11.389153739883534,-1.8899191179318284,11.389153739883534,11.45368025375177,-0.06452651386823645,-0.0019408446899574954,2178,-7.331294837168605,-7.314260685489954,-0.017034151678651667,-0.001160304259700544,1965,-4.057858902714931,-4.139419568261819,0.08156066554688812,0.003101148949658324,2002
6.03,11.377222844208383,-1.9077998029944663,11.377222844208383,11.442100492085956,-0.06487764787757269,-0.0019562934385081807,2177,-7.340814516832345,-7.324049111948264,-0.016765404884081132,-0.0011499287403920278,1964,-4.036408327376042,-4.118051380137695,0.08164305276165382,0.003106222178900396,2002
6.04,11.365179659936931,-1.9256616588432565,11.365179659936931,11.430407767609756,-0.06522810767282736,-0.0019717228765544917,2177,-7.350261745620407,-7.33376522467486,-0.016496520945548026,-0.0011395418739883626,1964,-4.014917914316526,-4.0966425429349,0.081724628618373,0.0031112647505427814,2002
6.05,11.353024305930544,-1.9435045091888947,11.353024305930544,11.418602195745052,-0.06557788981450728,-0.0019871328518149788,2177,-7.3596364302924595,-7.343408927791847,-0.016227502500611602,-0.0011291437630026524,1964,-3.9933878756380876,-4.075193267953204,0.0818053923151165,0.003116276614817384,2003
6.0600000000000005,11.340756902157658,-1.961328177929655,11.340756902157658,11.406683893027466,-0.065926990869808,-0.002002523212202432,2177,-7.368938478324153,-7.352980126135984,-0.015958352188170124,-0.001118734510059824,1964,-3.971818423833507,-4.053703766891483,0.08188534305797653,0.003121257722261686,2003
6.07,11.328377569692595,-1.9791324891531186,11.328377569692595,11.39465297710522,-0.06627540741262486,-0.002017893805819569,2177,-7.378167797908025,-7.362478725259598,-0.01568907264842748,-0.0011083142178921722,1964,-3.9502097717845728,-4.032174251845624,0.08196448006105153,0.003126208023711918,2003
6.08,11.315886430714372,-1.99691726713792,11.315886430714372,11.382509566737978,-0.06662313602360395,-0.0020332444809674447,2177,-7.387324297954419,-7.371904631431545,-0.015419666522874092,-0.0010978829893437654,1964,-3.9285621327599562,-4.010604935306435,0.08204280254647804,0.003131127470311316,2003
6.09,11.303283608505486,-2.0146823363554835,11.303283608505486,11.370253781795657,-0.06697017329017074,-0.0020485750861431538,2177,-7.396407888092375,-7.381257751638116,-0.015150136454259874,-0.0010874409273645812,1964,-3.906875720413115,-3.988996030157546,0.08212030974443141,0.003136016013507794,2004
6.1000000000000005,11.290569227450705,-2.032427521471749,11.290569227450705,11.357885743257265,-0.06731651580656021,-0.0020638854700403154,2176,-7.405418478670527,-7.390537993583961,-0.014880485086567218,-0.0010769881350128135,1964,-3.885150748780181,-3.96734774967331,0.08219700089312902,0.0031408736050535496,2004
6.11,11.277743413035836,-2.0501526473488996,11.277743413035836,11.34540557320969,-0.06766216017385514,-0.00207917548155415,2176,-7.414355980757982,-7.3997452656929985,-0.014610715064983933,-0.0010665247154514395,1964,-3.863387432277856,-3.9456603075166954,0.08227287523883987,0.0031457001970060672,2004
6.12,11.26480629184649,-2.0678575390471035,11.26480629184649,11.332813394846504,-0.06800710300001461,-0.0020944449697792343,2176,-7.423220306145205,-7.408879477109326,-0.014340829035879412,-0.0010560507719498489,1964,-3.8415859857012866,-3.9239339177371813,0.08234793203589483,0.0031504957417294093,2004
6.13,11.251757991566826,-2.0855420218262224,11.251757991566826,11.32010933246674,-0.06835134089991386,-0.002109693784013893,2176,-7.43201136734488,-7.417940537698105,-0.014070829646774405,-0.0010455664078792004,1963,-3.8197466242219495,-3.902168794768639,0.08242217054668907,0.0031552601918933224,2005
6.140000000000001,11.238598640978307,-2.1032059211475524,11.238598640978307,11.307293511473679,-0.06869487049537285,-0.0021249217737598037,2176,-7.440729077592783,-7.426928358046463,-0.013800719546320353,-0.0010350717267155083,1963,-3.7978695633855275,-3.8803651534272205,0.08249559004169321,0.003159993500474894,2005
6.15,11.225328369958406,-2.1208490626755427,11.225328369958406,11.294366058373598,-0.06903768841519126,-0.0021401287887237693,2176,-7.449373350848635,-7.435842849464364,-0.013530501384272347,-0.0010245668320356446,1963,-3.7759550191097735,-3.858523208909237,0.0825681897994636,0.0031646956207595214,2005
6.16,11.211947309479346,-2.1384712722795034,11.211947309479346,11.281327100774524,-0.06937979129517872,-0.0021553146788205746,2176,-7.45794410179695,-7.444683923985492,-0.013260177811457323,-0.001014051827517363,1963,-3.7540032076823984,-3.8366431767890345,0.08263996910663605,0.0031693665063376297,2005
6.17,11.198455591606782,-2.1560723760353446,11.198455591606782,11.268176767384984,-0.06972117577820094,-0.002170479294173888,2175,-7.466441245847872,-7.45345149436812,-0.012989751479753394,-0.0010035268169378483,1963,-3.7320143457589134,-3.8147252730168666,0.08271092725795355,0.0031740061111117197,2006
6.18,11.184853349498532,-2.1736522002272736,11.184853349498532,11.254915188012722,-0.0700618385141908,-0.002185622485115806,2175,-7.474864699138022,-7.462145474095962,-0.012719225042059629,-0.000992991904173555,1963,-3.7099886503605135,-3.7927697139167624,0.08278106355624965,0.003178614389289156,2006
6.19,11.17114071740323,-2.1912105713495253,11.17114071740323,11.24154249356343,-0.07040177616020087,-0.0022007441021912972,2175,-7.483214378531315,-7.470765777379039,-0.012448601152276972,-0.000982447193198237,1963,-3.687926338871917,-3.7707767161843933,0.08285037731247624,0.003183191295389392,2006
6.2,11.157317830659018,-2.208747316108067,11.157317830659018,11.228058816039441,-0.0707409853804256,-0.002215843996157067,2175,-7.491490201619789,-7.479312319154513,-0.012177882465276438,-0.000971892788083982,1963,-3.6658276290392293,-3.7487464968849316,0.08291886784570204,0.0031877367842409465,2006
6.21,11.143384825692207,-2.226262261422305,11.143384825692207,11.214464288538446,-0.07107946284623963,-0.002230922017984756,2175,-7.499692086724412,-7.487785015087539,-0.011907071636872074,-0.0009613287929961939,1963,-3.6436927389678,-3.72667927345091,0.08298653448311011,0.003192250810980681,2007
6.22,11.129341840015936,-2.2437552344268026,11.129341840015936,11.200759045252163,-0.07141720523622785,-0.002245978018862062,2175,-7.507819952895885,-7.49618378157209,-0.011636171323795517,-0.000950755312196014,1963,-3.6215218871200543,-3.704575263680076,0.08305337656002178,0.003196733331058077,2007
6.23,11.115189012228798,-2.261226062472975,11.115189012228798,11.18694322146502,-0.07175420923622049,-0.0022610118501943813,2174,-7.515873719915453,-7.504508535731779,-0.011365184183672142,-0.0009401724500381833,1963,-3.59931529231335,-3.6824346857332406,0.08311939341989104,0.003201184300232363,2007
6.24,11.100926482013497,-2.278674573130804,11.100926482013497,11.173016953552816,-0.07209047153932009,-0.0022760233636040872,2174,-7.523853308295685,-7.51275919542069,-0.011094112874994025,-0.0009295803109700251,1962,-3.5770731737178156,-3.6602577581321283,0.08318458441431291,0.0032056036745738677,2007
6.25,11.08655439013544,-2.2961005941905377,11.08655439013544,11.158980378981386,-0.07242598884594449,-0.0022910124109363226,2174,-7.531758639281268,-7.5209356792241735,-0.010822960057094494,-0.0009189789995308218,1962,-3.554795750854175,-3.6380446997572147,0.083248948903039,0.003209991410467449,2008
6.26,11.072072878441379,-2.31350395366438,11.072072878441379,11.144833636305227,-0.07276075786384907,-0.0023059788442564887,2174,-7.539589634849777,-7.529037906459657,-0.010551728390119515,-0.0009083686203498953,1962,-3.532483243591604,-3.615795729845572,0.08331248625396778,0.00321434746460639,2008
6.2700000000000005,11.05748208985798,-2.330884479788196,11.05748208985798,11.130576865166146,-0.07309477530816488,-0.0023209225158528574,2174,-7.547346217712442,-7.537065797177445,-0.010280420534997468,-0.0008977492781453737,1962,-3.510135872145542,-3.593511067988703,0.08337519584316076,0.003218671793998229,2008
6.28,11.042782168390444,-2.3482420010232126,11.042782168390444,11.116210206291873,-0.07342803790142893,-0.0023358432782396377,2174,-7.555028311314926,-7.545019272161502,-0.010009039153423245,-0.0008871210777249396,1962,-3.4877538570755213,-3.571190934130373,0.0834370770548518,0.0032229643559646627,2008
6.29,11.027973259121056,-2.3655763460577055,11.027973259121056,11.101733801494676,-0.07376054237362073,-0.002350740984156432,2173,-7.562635839838067,-7.552898252930238,-0.00973758690782804,-0.0008764841239844844,1962,-3.4653374192829913,-3.5488355485644414,0.08349812928144958,0.0032272251081408715,2009
6.3,11.013055508207774,-2.382887343808682,11.013055508207774,11.087147793669958,-0.07409228546218453,-0.0023656154865691345,2173,-7.570168728198628,-7.560702661737281,-0.009466066461347535,-0.0008658385219037596,1962,-3.4428867800091507,-3.5264451319326824,0.08355835192353206,0.0032314540084730503,2009
6.3100000000000005,10.998029062882773,-2.400174823423589,10.998029062882773,11.072452326794851,-0.07442326391207864,-0.002380466638676826,2173,-7.577626902050042,-7.568432421572241,-0.009194480477801237,-0.0008551843765496666,1962,-3.420402160832735,-3.504019905222615,0.08361774438988026,0.0032356510152266914,2009
6.32,10.98289407145101,-2.417438614281975,10.98289407145101,11.057647545926793,-0.07475347447578339,-0.002395294293902641,2173,-7.585010287783144,-7.57608745616148,-0.008922831621662252,-0.0008445217930731375,1962,-3.397883783667869,-3.4815600897653156,0.08367630609744643,0.003239816086976104,2009
6.33,10.967650683288735,-2.4346785459971976,10.967650683288735,11.042733597202092,-0.07508291391335838,-0.0024100983059073544,2173,-7.592318812526897,-7.583667689968859,-0.00865112255803821,-0.0008338508767086212,1962,-3.3753318707618396,-3.459065907233236,0.08373403647139659,0.0032439491826159114,2010
6.34,10.952299048842033,-2.4518944484180936,10.952299048842033,11.027710627834491,-0.07541157899245676,-0.00242487852858212,2173,-7.599552404149117,-7.591173048196477,-0.008379355952639453,-0.0008231717327726344,1962,-3.352746644692919,-3.436537579638015,0.08379093494509622,0.0032480502613548077,2010
6.3500000000000005,10.93683931962534,-2.469086151630653,10.93683931962534,11.012578786113707,-0.07573946648836664,-0.002439634816054046,2172,-7.606710991257172,-7.598603456785423,-0.008107534471748825,-0.0008124844666624392,1961,-3.330128328368174,-3.4139753293282897,0.08384700096011509,0.0032521192827160376,2010
6.36,10.921271648219948,-2.4862534859597045,10.921271648219948,10.997338221403984,-0.07606657318403648,-0.002454367022685056,2172,-7.613794503198693,-7.605958842416492,-0.007835660782200998,-0.0008017891838548123,1961,-3.3074771450212577,-3.391379378987495,0.08390223396623747,0.0032561562065399462,2010
6.37,10.905596188272481,-2.50339628197059,10.905596188272481,10.981989084142596,-0.07639289587011323,-0.002469075003076246,2172,-7.620802870062282,-7.613239132510924,-0.007563737551357023,-0.0007910859899079702,1961,-3.284793318210203,-3.3687499516316746,0.08395663342147146,0.0032601609929844644,2011
6.38,10.889813094493404,-2.5205143704708375,10.889813094493404,10.966531525838375,-0.07671843134497265,-0.0024837586120686084,2172,-7.627736022678185,-7.6204442552311065,-0.007291767447078886,-0.0007803749904563735,1961,-3.262077071815219,-3.3460872706072706,0.08401019879205153,0.003264133602525249,2011
6.390000000000001,10.873922522655477,-2.5376075825118205,10.873922522655477,10.950965699070217,-0.07704317641474147,-0.002498417704740922,2172,-7.634593892618987,-7.627574139481294,-0.007019753137692941,-0.0007696562912122631,1961,-3.2393286300364905,-3.3233915595889263,0.08406292955243562,0.0032680739959531756,2011
6.4,10.857924629592231,-2.554675749390436,10.857924629592231,10.93529175748557,-0.07736712789333881,-0.0025130521364145862,2172,-7.64137641220028,-7.634628714908302,-0.0067476972919787645,-0.0007589299979632886,1961,-3.2165482173919564,-3.300663042577274,0.08411482518531758,0.003271982134377777,2011
6.41,10.841819573196418,-2.571718702650769,10.841819573196418,10.919509855798928,-0.07769028260251112,-0.0025276617626565964,2171,-7.648083514481333,-7.641607911902204,-0.006475602579127819,-0.0007481962165724878,1961,-3.1937360587150887,-3.2779019438967283,0.08416588518163932,0.003275857979228923,2012
6.42,10.825607512418435,-2.588736274085752,10.825607512418435,10.903620149790289,-0.07801263737185286,-0.002542246439276665,2171,-7.654715133265752,-7.648511661597024,-0.006203471668727543,-0.000737455052976399,1961,-3.170892379152686,-3.2551084881932684,0.08421610904058238,0.003279701492253346,2012
6.43,10.809288607264776,-2.605728295738827,10.809288607264776,10.887622796303624,-0.07833418903884787,-0.002556806022332688,2171,-7.661271203102141,-7.655339895871405,-0.005931307230735912,-0.000726706613185378,1961,-3.1480174041626383,-3.232282900432223,0.08426549626958497,0.0032835126355184544,2012
6.44,10.792863018796451,-2.622694599905598,10.792863018796451,10.871517953245338,-0.07865493444888684,-0.002571340368127969,2171,-7.667751659284735,-7.662092547349293,-0.005659111935441678,-0.000715951003280391,1961,-3.1251113595117177,-3.20942540589605,0.0843140463843317,0.0032872913714087305,2012
6.45,10.776330909127386,-2.6396350191354903,10.776330909127386,10.855305779582697,-0.07897487045531025,-0.002585849333214837,2171,-7.674156437854049,-7.668769549400593,-0.005386888453456419,-0.0007051883294139742,1961,-3.102174471273342,-3.1865362301821105,0.08436175890876865,0.0032910376626290767,2013
6.46,10.759692441422832,-2.656549386233408,10.759692441422832,10.838986435342271,-0.07929399391944021,-0.002600332774398739,2170,-7.680485475597504,-7.6753708361418305,-0.005114639455673194,-0.0006944186978082353,1961,-3.079206965825331,-3.1636155992004458,0.0844086333751146,0.0032947514722068832,2013
6.47,10.74294777989774,-2.6734375342613776,10.74294777989774,10.822560081608346,-0.07961230171060744,-0.002614790548735697,2170,-7.686738710050051,-7.681896342436805,-0.004842367613245865,-0.0006836422147531666,1961,-3.0562090698476916,-3.1406637391715466,0.08445466932385529,0.0032984327634889158,2013
6.48,10.726097089815166,-2.6902992965401924,10.726097089815166,10.806026880521339,-0.07992979070617198,-0.0026292225135326162,2170,-7.692916079494792,-7.688346003897226,-0.004570075597566837,-0.0006728589866078554,1960,-3.0331810103203773,-3.117680876624119,0.084499866303742,0.0033020815001407137,2013
6.49,10.709140537484616,-2.7071345066510704,10.709140537484616,10.789386995276194,-0.08024645779158042,-0.0026436285263560406,2170,-7.699017522963586,-7.69471975688335,-0.0042977660802352505,-0.0006620691197967389,1960,-3.0101230145210325,-3.09466723839285,0.08454422387181766,0.0033056976461530592,2014
6.5,10.692078290260415,-2.7239429984372796,10.692078290260415,10.77264059012078,-0.08056229986036594,-0.00265800844502433,2170,-7.7050429802376454,-7.701017538504616,-0.004025441733028358,-0.0006512727208101898,1960,-2.9870353100227724,-3.0716230516161684,0.08458774159339588,0.003309281165834444,2014
6.51,10.674910516540058,-2.740724606005795,10.674910516540058,10.755787830354256,-0.08087731381419913,-0.0026723621276147635,2169,-7.710992391848141,-7.707239286620259,-0.0037531052278824387,-0.0006404698962030331,1960,-2.963918124691918,-3.048548543734003,0.08463041904208475,0.003312832023818052,2014
6.5200000000000005,10.657637385762534,-2.7574791637289264,10.657637385762534,10.738828882325453,-0.08119149656291827,-0.0026866894324649553,2169,-7.716865699076784,-7.713384939839919,-0.0034807592368657652,-0.0006296607525943763,1960,-2.940771686685752,-3.0254439424855373,0.08467225579978482,0.003316350185059336,2015
6.53,10.64025906840668,-2.774206506245949,10.64025906840668,10.721763913431221,-0.08150484502454361,-0.002700990218170869,2169,-7.7226628439564005,-7.719454437524262,-0.0032084064321388464,-0.0006188453966632741,1960,-2.9175962244502793,-3.0023094759069635,0.08471325145668404,0.0033198356148341655,2015
6.54,10.622775735989462,-2.7909064684647498,10.622775735989462,10.70459309211479,-0.08181735612532667,-0.0027152643435912668,2169,-7.728383769271517,-7.725447719785563,-0.0029360494859544265,-0.0006080239351535762,1960,-2.89439196671795,-2.9791453723292296,0.0847534056112795,0.0033232882787443993,2015
6.55,10.605187561064321,-2.807578885563439,10.605187561064321,10.68731658786409,-0.08212902679976934,-0.002729511667847812,2169,-7.7340284185589,-7.731364727488304,-0.0026636910705954663,-0.0005971964748652794,1960,-2.8711591425054244,-2.955951860375788,0.0847927178703636,0.0033267081427126094,2015
6.5600000000000005,10.58749471721944,-2.824223592991995,10.58749471721944,10.669934571210097,-0.08243985399065726,-0.0027437320503259028,2168,-7.739596736108149,-7.737205402249762,-0.002391333858387863,-0.0005863631226622401,1960,-2.8478979811112946,-2.932729168960338,0.08483118784904353,0.0033300951729875287,2016
6.57,10.569697379076045,-2.8408404264738714,10.569697379076045,10.652447213725136,-0.0827498346490932,-0.00275792535067848,2168,-7.745088666962212,-7.742969686440572,-0.0021189805216384303,-0.0005755239854616087,1960,-2.824608712113835,-2.909477527284566,0.08486881517073085,0.0033334493361398604,2016
6.58,10.551795722286673,-2.857429222007635,10.551795722286673,10.634854688021198,-0.08305896573452258,-0.0027720914288247916,2168,-7.750504156917952,-7.748657523185315,-0.00184663373263649,-0.0005646791702417732,1960,-2.8012915653687256,-2.886197164835885,0.08490559946715907,0.0033367705990666996,2016
6.59,10.533789923533458,-2.8739898158685655,10.533789923533458,10.617157167748223,-0.08336724421476198,-0.0027862301449527614,2168,-7.755843152526666,-7.754268856363056,-0.0015742961636093422,-0.0005538287840342881,1960,-2.7779467710067958,-2.862888311385168,0.0849415403783717,0.0033400589289873253,2016
6.6000000000000005,10.51568016052636,-2.8905220446102917,10.51568016052636,10.599354827592398,-0.08367466706603739,-0.002800341359520617,2168,-7.761105601094627,-7.75980363060792,-0.0013019704867063637,-0.0005429729339284806,1960,-2.754574559431737,-2.8395511969844804,0.08497663755274376,0.003343314293448996,2017
6.61,10.497466612001434,-2.9070257450663872,10.497466612001434,10.581447843274434,-0.0839812312730017,-0.0028144249332569754,2167,-7.766291450683591,-7.7652617913096265,-0.0010296593739640215,-0.0005321117270641962,1960,-2.731175161317845,-2.816186051964811,0.0850108906469661,0.003346536660321296,2017
6.62,10.479149457719041,-2.9235007543519926,10.479149457719041,10.563436391547821,-0.08428693382877755,-0.0028284807271651904,2167,-7.771400650111315,-7.770643284614025,-0.0007573654972899701,-0.0005212452706369617,1960,-2.707748807607731,-2.792793106933798,0.08504429932606673,0.0033497259978019505,2017
6.63,10.460728878462106,-2.939946909865419,10.460728878462106,10.54532065019709,-0.08459177173498296,-0.0028425086025217657,2167,-7.776433148952062,-7.775948057423639,-0.0004850915284232949,-0.0005103736718926532,1960,-2.684295729510046,-2.7693725927734505,0.08507686326340505,0.0033528822744144727,2017
6.640000000000001,10.442205056034304,-2.9563640492897503,10.442205056034304,10.527100798036058,-0.08489574200175176,-0.00285650842087843,2167,-7.781388897537105,-7.7811760573981825,-0.00021284013892178936,-0.000499497038128959,1959,-2.660816158497203,-2.7459247406378746,0.08510858214067156,0.0033560054590069345,2018
6.65,10.423578173258294,-2.972752010594445,10.423578173258294,10.508777014906062,-0.08519884164776877,-0.0028704800440628453,2167,-7.786267846955202,-7.786327232955076,5.938599987462099e-05,-0.0004886154766913665,1959,-2.637310326303096,-2.722449781950988,0.08513945564789256,0.0033590955207538917,2018
6.66,10.40484841397388,-2.989110632036944,10.40484841397388,10.490349481674192,-0.08550106770031106,-0.002884423334183422,2166,-7.7910699490530915,-7.791401533269956,0.00033158421686455214,-0.0004777290949759235,1959,-2.613778464920793,-2.6989479484042387,0.08516948348344612,0.003362152429159505,2018
6.67,10.386015963036229,-3.0054397521642575,10.386015963036229,10.47181838023149,-0.08580241719526072,-0.0028983381536272614,2166,-7.795795156435967,-7.796398908277177,0.0006037518412106061,-0.00046683800042612595,1959,-2.5902208066002657,-2.6754194719543154,0.08519866535404931,0.003365176154053387,2019
6.68,10.367081006314026,-3.021739209814564,10.367081006314026,10.453183893491168,-0.08610288717714452,-0.002912224365062675,2166,-7.8004434224679375,-7.80131930867031,0.000875886202372767,-0.000455942300530845,1959,-2.5666375838460884,-2.651864584820859,0.08522700097477055,0.003368166665593608,2019
6.69,10.348043730687646,-3.038008844118796,10.348043730687646,10.434446205386797,-0.08640247469915155,-0.002926081831439069,2166,-7.805014701272495,-7.806162685902625,0.0011479846301290738,-0.0004450421028252974,1959,-2.5430290294151523,-2.628283519484174,0.08525449006902208,0.0033711239342642243,2019
6.7,10.328904324047322,-3.0542484945022275,10.328904324047322,10.415605500870495,-0.08670117682317124,-0.002939910415988809,2165,-7.809508947732965,-7.810928992187566,0.0014200444546010663,-0.0004341375148886424,1959,-2.5193953763143617,-2.60467650868293,0.08528113236856859,0.0033740479308772484,2019
6.71,10.30966297529127,-3.070458000686068,10.30966297529127,10.396661965911097,-0.08699899061982688,-0.0029537099822328503,2165,-7.8139261174929455,-7.815618180499232,0.0016920630062871795,-0.0004232286443431833,1959,-2.4957368577983274,-2.5810437854118664,0.08530692761353892,0.0033769386265758827,2020
6.72,10.290319874323826,-3.0866372026890385,10.290319874323826,10.377615787492324,-0.0872959131684962,-0.002967480393976523,2165,-7.818266166956757,-7.820230204572834,0.001964037616077056,-0.00041231559885423954,1959,-2.472053707367074,-2.557385582919492,0.08533187555241795,0.003379795992830746,2020
6.73,10.270875212053596,-3.102785940828942,10.270875212053596,10.358467153610935,-0.08759194155733846,-0.0029812215153117395,2165,-7.822529053289859,-7.824765018905152,0.0022359656152928955,-0.00040139848612780627,1959,-2.44834615876374,-2.533702134705784,0.08535597594204436,0.0033826200014397184,2020
6.74,10.251329180391542,-3.1189040557242573,10.251329180391542,10.339216253274873,-0.08788707288333257,-0.0029949332106220415,2165,-7.8267147344192916,-7.829222578754992,0.002507844335700583,-0.000390477413910551,1959,-2.4246144459722525,-2.5099936745198828,0.08537922854763001,0.003385410624532508,2020
6.75,10.231681972249108,-3.1349913882956923,10.231681972249108,10.3198632765014,-0.08818130425229305,-0.0030086153445783763,2164,-7.830823169034066,-7.833602840143617,0.00277967110955104,-0.0003795524899871403,1959,-2.400858803215044,-2.4862604363577847,0.08540163314274081,0.0033881678345652503,2021
6.76,10.211933781536302,-3.1510477797677723,10.211933781536302,10.30040841431522,-0.08847463277891611,-0.003022267782145936,2164,-7.834854316585593,-7.837905759855186,0.003051443269592944,-0.000368623822181181,1959,-2.377079464950713,-2.4625026544600344,0.08542318950932119,0.003390891604327022,2021
6.7700000000000005,10.1920848031598,-3.1670730716703983,10.1920848031598,10.280851858746589,-0.0887670555867908,-0.0030358903885827184,2164,-7.838808137288075,-7.842131295437181,0.003323158149104534,-0.0003576915183535869,1959,-2.353276665871726,-2.4387205633094093,0.08544389743768348,0.003393581906936223,2021
6.78,10.172135233021,-3.183067105840403,10.172135233021,10.261193802829434,-0.08905856980843396,-0.0030494830294393385,2164,-7.842684592118899,-7.846279405200825,0.0035948130819270087,-0.0003467556863999757,1959,-2.329450640902106,-2.4149143976286096,0.08546375672650339,0.0033962387158387613,2022
6.79,10.152085268014106,-3.199029724423131,10.152085268014106,10.241434440599434,-0.08934917258532685,-0.0030630455705648206,2163,-7.846483642819015,-7.850350048221495,0.003866405402480427,-0.0003358164342508532,1959,-2.3056016251950946,-2.391084392377938,0.08548276718284324,0.00339886200481547,2022
6.8,10.131935106024182,-3.2149607698739784,10.131935106024182,10.221573967092105,-0.08963886106792467,-0.003076577878102414,2163,-7.85020525189333,-7.854343184339123,0.004137932445792333,-0.00032487386987180636,1959,-2.281729854130854,-2.3672307827529835,0.08550092862212953,0.0034014517479739603,2022
6.8100000000000005,10.111684945925186,-3.2308600849599616,10.111684945925186,10.201612578340892,-0.08992763241570581,-0.003090079818496145,2163,-7.853849382611067,-7.858258774158594,0.004409391547526384,-0.0003139281012601875,1959,-2.257835563314122,-2.3433538041822985,0.08551824086817662,0.003404007919756224,2022
6.82,10.09133498757803,-3.246727512761254,10.09133498757803,10.181550471375209,-0.09021548379717989,-0.0031035512584875434,2163,-7.8574159990061245,-7.862096779050135,0.00468078004401097,-0.00030297923644484904,1959,-2.2339189885719093,-2.3194536923250757,0.08553470375316653,0.0034065304949321903,2023
6.83,10.070885431828579,-3.2625628966727547,10.070885431828579,10.161387844218517,-0.09050241238993859,-0.0031169920651224195,2163,-7.860905065877437,-7.865857161149696,0.004952095272258304,-0.00029202738348521693,1959,-2.2099803659511443,-2.295530683068823,0.08555031711767831,0.003409019448607861,2023
6.84,10.0503364805057,-3.2783660804056134,10.0503364805057,10.141124895886357,-0.09078841538065566,-0.0031304021057446743,2162,-7.864316548789327,-7.869539883359323,0.00522333456999622,-0.0002810726504715016,1959,-2.1860199317163764,-2.271585012527033,0.08556508081065706,0.0034114747562162045,2023
6.8500000000000005,10.029688336419241,-3.2941369079887908,10.029688336419241,10.120761826384385,-0.09107348996514258,-0.0031437812480060836,2162,-7.867650414071832,-7.873144909347529,0.005494495275695215,-0.0002701151455202248,1959,-2.1620379223474115,-2.2476169170368565,0.0855789946894454,0.003413896393526303,2023
6.86,10.008941203358054,-3.309875223770581,10.008941203358054,10.100298836706408,-0.09135763334835337,-0.003157129359859837,2162,-7.870906628821051,-7.876672203549641,0.005765574728590706,-0.00025915497677664583,1958,-2.1380345745370053,-2.223626633156766,0.08559205861976107,0.0034162843366363597,2024
6.87,9.988095286087963,-3.3255808724201623,9.988095286087963,10.079736128832387,-0.09164084274442583,-0.003170446309567046,2162,-7.8740851608994555,-7.880121731168167,0.006036570268711661,-0.0002481922524118106,1958,-2.1140101251885093,-2.1996143976642237,0.08560427247571456,0.0034186385619790413,2024
6.88,9.967150790349752,-3.3412536989291275,9.967150790349752,10.059073905726464,-0.09192311537671188,-0.0031837319656977383,2161,-7.87718597893622,-7.883493458173123,0.0063074792369028606,-0.00023722708062252386,1958,-2.0899648114135343,-2.1755804475533425,0.08561563613980823,0.003420959046320662,2024
6.890000000000001,9.946107922857141,-3.3568935486130025,9.946107922857141,10.038312371334928,-0.09220444847778866,-0.0031969861971288894,2161,-7.880209052327522,-7.886787351302383,0.006578298974861471,-0.00022625956962944727,1958,-2.065898870529623,-2.1515250200325493,0.0856261495029264,0.003423245766758211,2025
6.9,9.92496689129474,-3.372500267112783,9.92496689129474,10.017451730584236,-0.09248483928949501,-0.0032102088730462126,2161,-7.883154351236843,-7.890003378061998,0.006849026825154542,-0.00021528982767506175,1958,-2.041812540057901,-2.127448352522242,0.08563581246434127,0.0034254987007215636,2025
6.91,9.903727904315994,-3.388073700396461,9.903727904315994,9.996492189378962,-0.0927642850629666,-0.00322339986295007,2161,-7.886021846595278,-7.893141506726519,0.00711966013124127,-0.0002043179630265863,1958,-2.0177060577207206,-2.103350682652447,0.08564462493172613,0.00342771782597704,2025
6.92,9.882391171541132,-3.4036136947605367,9.882391171541132,9.975433954599783,-0.09304278305865173,-0.0032365590366525898,2160,-7.888811510101802,-7.896201706339313,0.0073901962375111626,-0.0001933440839698942,1958,-1.9935796614393317,-2.0792322482604737,0.08565258682114177,0.003429903120622838,2025
6.93,9.860956903555083,-3.419120096831542,9.860956903555083,9.95427723410143,-0.09332033054634636,-0.0032496862642796354,2160,-7.891523314223565,-7.899183946712866,0.007660632489301531,-0.0001823682988123694,1958,-1.9694335893315218,-2.055093287388567,0.08565969805704522,0.0034320545630919562,2026
6.94,9.839425311905426,-3.434592753567546,9.839425311905426,9.933022236710634,-0.09359692480520841,-0.003262781416271396,2160,-7.894157232196151,-7.902088198429081,0.007930966232929302,-0.00017139071587793202,1958,-1.9452680797092765,-2.030934038281558,0.0856659585722819,0.003434172132149787,2026
6.95,9.81779660910028,-3.4500315122596708,9.81779660910028,9.911669172224077,-0.09387256312379594,-0.0032758443633843885,2160,-7.896713238023857,-7.904914432839568,0.00820119481571168,-0.00016041144351066142,1958,-1.9210833710764263,-2.0067547393845144,0.08567136830808783,0.003436255806895467,2026
6.96,9.796071008606209,-3.4654362205336047,9.796071008606209,9.890218251406306,-0.09414724280009733,-0.0032888749766955662,2159,-7.899191306479936,-7.90766262206593,0.008471315585993197,-0.00014943059007033709,1958,-1.896879702126275,-1.982555629340383,0.0856759272141077,0.0034383055667664883,2026
6.97,9.774248724846112,-3.480806726351096,9.774248724846112,9.868669685987664,-0.094420961141552,-0.003301873127600153,2159,-7.901591413106852,-7.910332739000031,0.008741325893179091,-0.00013844826393216627,1958,-1.8726573117392624,-1.9583369469876384,0.08567963524837609,0.0034403213915328397,2027
6.98,9.752329973197128,-3.496142878011455,9.752329973197128,9.847023688662194,-0.09469371546506469,-0.0033148386878117638,2159,-7.903913534216523,-7.912924757304274,0.009011223087751225,-0.00012746457348586284,1958,-1.8484164389806088,-1.9340989313579244,0.08568249237731586,0.003442303261297619,2027
6.99,9.73031496998848,-3.511444524153061,9.73031496998848,9.825280473085542,-0.09496550309705956,-0.0033277715293679117,2159,-7.906157646890548,-7.915438651411849,0.00928100452130147,-0.00011647962713466197,1958,-1.8241573230979349,-1.909841821673694,0.0856844985757593,0.003444251156502885,2027
7.0,9.70820393249937,-3.526711513754838,9.70820393249937,9.803440253872846,-0.09523632137347697,-0.0033406715246272487,2158,-7.908323728980443,-7.917874396527,0.00955066754655557,-0.00010549353329510763,1958,-1.7998802035189267,-1.8855658573458498,0.08568565382692299,0.003446165057922014,2028
7.01,9.685997078956804,-3.541943696137766,9.685997078956804,9.781503246596627,-0.09550616763982278,-0.0033535385462735217,2158,-7.9104117591078555,-7.920231968625252,0.009820209517395396,-9.450640039383555e-05,1958,-1.7755853198489513,-1.8612712779713796,0.08568595812242819,0.00344804494666686,2028
7.0200000000000005,9.663694628533463,-3.5571409209663547,9.663694628533463,9.75946966778465,-0.09577503925118591,-0.0033663724673167663,2158,-7.912421716664767,-7.922511344453661,0.01008962778889394,-8.351833686775188e-05,1958,-1.7512729118686992,-1.836958323330992,0.08568541146229317,0.003449890804184485,2028
7.03,9.641296801345533,-3.572303038250128,9.641296801345533,9.73733973491779,-0.09604293357225734,-0.0033791731610914337,2158,-7.9143535818137085,-7.924712501531042,0.010358919717332804,-7.252945116419801e-05,1958,-1.7269432195318266,-1.8126272333867528,0.08568401385492612,0.0034517026122557175,2028
7.04,9.618803818450518,-3.587429898345113,9.618803818450518,9.715113666427893,-0.09630984797737467,-0.003391940501263303,2157,-7.916207335487951,-7.926835418148184,0.010628082660234005,-6.153985173724171e-05,1958,-1.7025964829625695,-1.788278248279711,0.08568176531714165,0.003453480353000715,2029
7.05,9.596215901845087,-3.602521351955303,9.596215901845087,9.692791681695608,-0.09657577985052214,-0.003404674361823374,2157,-7.917982959391694,-7.928880073368076,0.01089711397638224,-5.0549647049056255e-05,1958,-1.6782329424533946,-1.7639116083275344,0.0856786658741397,0.003455224008872223,2029
7.0600000000000005,9.573533274462852,-3.617577250134148,9.573533274462852,9.670374001048232,-0.0968407265853815,-0.0034173746170965127,2157,-7.919680436000249,-7.9308464470261,0.011166011025851925,-3.95589455670373e-05,1958,-1.6538528384626054,-1.7395275540221338,0.08567471555952837,0.0034569335626630344,2029
7.07,9.55075616017219,-3.632597444286007,9.55075616017219,9.64786084575753,-0.09710468558533995,-0.003430041141736173,2157,-7.921299748560203,-7.932734519730239,0.0114347711700374,-2.8567855763429045e-05,1958,-1.6294564116119905,-1.7151263260272915,0.08566991441530115,0.0034586089974993025,2029
7.08,9.527884783774022,-3.647581786167632,9.527884783774022,9.625252438037553,-0.09736765426352992,-0.003442673810732014,2156,-7.9228408810895985,-7.9345442728612685,0.011703391771670435,-1.75764861154986e-05,1958,-1.6050439026844279,-1.6907081651762854,0.0856642624918577,0.003460250296847067,2030
7.09,9.504919370999605,-3.6625301278896143,9.504919370999605,9.602549001042442,-0.09762963004283859,-0.003455272499404338,2156,-7.924303818378075,-7.936275688572933,0.011971870194856793,-6.5849451014446045e-06,1958,-1.580615552621532,-1.6662733124695124,0.0856577598479806,0.0034618574445055717,2030
7.1000000000000005,9.481860148508284,-3.67744232191786,9.481860148508284,9.579750758864236,-0.09789061035595245,-0.0034678370834126775,2156,-7.925688545987038,-7.93792874979213,0.012240203805092144,4.406658797325054e-06,1958,-1.5561716025212482,-1.6418220090721092,0.08565040655086091,0.003463430424615346,2030
7.11,9.45870734388528,-3.6923182210750287,9.45870734388528,9.556857936530642,-0.09815059264536202,-0.003480367438748932,2156,-7.926995050249779,-7.939503440219073,0.012508389969293862,1.5398217099622802e-05,1958,-1.5317122936355034,-1.6173544963115722,0.08564220267606877,0.0034649692216497325,2031
7.12,9.435461185639427,-3.707157678542004,9.435461185639427,9.533870760002834,-0.09840957436340644,-0.003492863441747019,2155,-7.928223318271634,-7.940999744327461,0.01277642605582648,2.638962132367386e-05,1958,-1.5072378673677973,-1.5928710156753765,0.08563314830757936,0.0034664738204231486,2031
7.13,9.41212190320092,-3.7219605478593363,9.41212190320092,9.510789456173207,-0.09866755297228613,-0.0035053249690771126,2155,-7.929373337930091,-7.942417647364617,0.013044309434525529,3.7380762990398345e-05,1958,-1.4827485652708323,-1.5683718088085916,0.08562324353775921,0.0034679442060867737,2031
7.140000000000001,9.388689726919054,-3.736726682928676,9.388689726919054,9.487614252863144,-0.09892452594408989,-0.003517751897751037,2155,-7.930445097874917,-7.943757135351648,0.01331203747673095,4.8371533623682746e-05,1958,-1.4582446290441393,-1.543857117511497,0.08561248846735794,0.0034693803641271926,2031
7.15,9.365164888059956,-3.751455938014231,9.365164888059956,9.46434537882077,-0.0991804907608139,-0.003530144105118178,2155,-7.93143858752828,-7.945018195083577,0.013579607555296623,5.936182474856194e-05,1958,-1.4337263005316787,-1.5193271837371958,0.08560088320551726,0.0034707822803695955,2032
7.16,9.341547618804281,-3.7661481677442015,9.341547618804281,9.440983063718695,-0.09943544491441426,-0.003542501468877887,2154,-7.932353797084835,-7.9462008141294715,0.013847017044636492,7.035152789809044e-05,1958,-1.4091938217194486,-1.494782249589226,0.08558842786977738,0.003472149940979823,2032
7.17,9.317838152244946,-3.7808032271122123,9.317838152244946,9.417527538151736,-0.09968938590679113,-0.0035548238670673913,2154,-7.933190717511831,-7.947304980832568,0.014114263320735695,8.134053460906367e-05,1958,-1.384647434733115,-1.470222557319172,0.08557512258605703,0.003473483332458632,2032
7.18,9.294036722384806,-3.7954209714787464,9.294036722384806,9.393979033634656,-0.09994231124985063,-0.0035671111780725866,2154,-7.9339493405492085,-7.948330684310388,0.014381343761179189,9.232873642447785e-05,1958,-1.3600873818356,-1.4456483493242724,0.08556096748867244,0.0034747824416482176,2033
7.19,9.270143564134372,-3.8100012565725647,9.270143564134372,9.370337782599872,-0.10019421846550015,-0.0035793632806230035,2153,-7.934629658709657,-7.949277914454845,0.014648255745188327,0.00010331602489827355,1958,-1.3355139054247167,-1.4210598681450293,0.08554596272031283,0.003476047255725143,2033
7.2,9.24615891330947,-3.8245439384921376,9.24615891330947,9.346604018395155,-0.10044510508568494,-0.003591580053796134,2153,-7.935231665278714,-7.950146661932344,0.014914996653630396,0.00011430229159038827,1958,-1.3109272480307597,-1.3964573564628129,0.08553010843205355,0.003477277762205645,2033
7.21,9.222083006628921,-3.8390488737070694,9.222083006628921,9.32277797528134,-0.10069496865241984,-0.003603761377019641,2153,-7.935755354314817,-7.950936918183874,0.01518156386905679,0.00012528742807224168,1958,-1.2863276523141056,-1.3718410570974682,0.08551340478336245,0.0034784739489472374,2033
7.22,9.197916081712197,-3.853515919059506,9.197916081712197,9.298859888430004,-0.10094380671780685,-0.0036159071300709434,2153,-7.936200720649368,-7.95164867542509,0.01544795477572209,0.00013627132592618219,1958,-1.2617153610628322,-1.3472112130049159,0.08549585194208396,0.0034796358041444576,2034
7.23,9.1736583770771,-3.8679449317655474,9.1736583770771,9.27484999392115,-0.1011916168440494,-0.0036280171930757887,2152,-7.936567759886779,-7.9522819266463936,0.01571416675961428,0.00014725387674699789,1958,-1.2370906171903233,-1.3225680672747573,0.08547745008443391,0.0034807633163286317,2034
7.24,9.149310132137373,-3.8823357694166654,9.149310132137373,9.25074852874087,-0.1014383966034969,-0.00364009144651659,2152,-7.936856468404521,-7.952836665612999,0.015980197208477,0.00015823497214251855,1958,-1.2124536637328538,-1.2979118631278725,0.0854581993950189,0.003481856474373763,2034
7.25,9.12487158720037,-3.8966882899811006,9.12487158720037,9.226555730779017,-0.1016841435786479,-0.003652129771224185,2152,-7.9370668433531595,-7.953312886864998,0.016246043511838202,0.00016921450373475443,1958,-1.187804743847213,-1.273242843914023,0.0854381000668099,0.0034829152674895536,2034
7.26,9.100342983464664,-3.9110023518052706,9.100342983464664,9.202271838826853,-0.10192885536218986,-0.003664132048387719,2152,-7.937198882656379,-7.95371058571741,0.01651170306103078,0.00018019236316063093,1958,-1.1631441008082877,-1.2485612531094463,0.08541715230115848,0.003483939685226974,2035
7.2700000000000005,9.075724563017664,-3.925277813615166,9.075724563017664,9.177897092574684,-0.10217252955701982,-0.003676098159552497,2151,-7.937252585011001,-7.95402975826023,0.016777173249229185,0.00019116844207593253,1958,-1.1384719780066639,-1.2238673343144553,0.08539535630779144,0.003484929717476863,2035
7.28,9.051016568833246,-3.9395145345177367,9.051016568833246,9.153431732609503,-0.10241516377625554,-0.003688027986616978,2151,-7.937227949887009,-7.954270401358472,0.017042451471462123,0.00020214263215097977,1958,-1.1137886189462403,-1.1991613312510343,0.08537271230479401,0.003485885354466152,2035
7.29,9.026219244769337,-3.953712374002301,9.026219244769337,9.128876000412616,-0.10265675564327842,-0.0036999214118419873,2151,-7.937124977527541,-7.954432512652187,0.017307535124645966,0.00021311482507654477,1958,-1.0890942672417985,-1.1744434877604317,0.08534922051863304,0.003486806586765394,2036
7.3,9.001332835565515,-3.96787119194191,9.001332835565515,9.104230138357252,-0.10289730279173827,-0.0037117783178441735,2150,-7.936943668948889,-7.954516090556503,0.017572421607613364,0.00022408491256397257,1958,-1.0643891666166276,-1.1497140478007546,0.08532488118412689,0.0034876934052805583,2036
7.3100000000000005,8.97635758684059,-3.981990848594751,8.97635758684059,9.07949438970618,-0.10313680286559151,-0.0037235985876024756,2150,-7.936684025940501,-7.954521134261625,0.017837108321122796,0.00023505278634172733,1958,-1.0396735609000909,-1.1249732554445615,0.08529969454447031,0.0034885458012610423,2036
7.32,8.951293745090187,-3.9960712046055082,8.951293745090187,9.054668998609303,-0.10337525351911547,-0.0037353821044570465,2150,-7.936346051064944,-7.954447643732854,0.018101592667909453,0.00024601833816462366,1958,-1.0149476940252447,-1.1002213548764521,0.08527366085120741,0.0034893637662927286,2036
7.33,8.9261415576843,-4.010112121006758,8.9261415576843,9.029754210101238,-0.10361265241693855,-0.003747128752111682,2150,-7.935929747657899,-7.954295619710584,0.018365872052685243,0.00025698145980650785,1958,-0.9902118100264057,-1.0754585903906582,0.08524678036425251,0.0034901472923047627,2037
7.34,8.900901272864871,-4.024113459220319,8.900901272864871,9.004750270098924,-0.10384899723405144,-0.0037588384146311823,2149,-7.935435119828106,-7.954065063710293,0.01862994388218809,0.00026794204306879437,1958,-0.9654661530367695,-1.0506852063886327,0.08521905335186315,0.0034908963715623584,2037
7.3500000000000005,8.875573139743315,-4.038075081058641,8.875573139743315,8.979657425399166,-0.10408428565585,-0.0037705109764500427,2149,-7.934862172457346,-7.953755978022531,0.018893805565185103,0.000278899979775012,1958,-0.9407109672859731,-1.0259014473766364,0.0851904800906633,0.003491610996674678,2037
7.36,8.850157408298086,-4.051996848726146,8.850157408298086,8.954475923676215,-0.1043185153781273,-0.003782146322362883,2149,-7.934210911200377,-7.953368365712891,0.019157454512515538,0.00028985516177632703,1958,-0.9159464970977145,-1.0011075579633264,0.08516106086561195,0.00349229116058636,2038
7.37,8.824654329372192,-4.065878624820613,8.824654329372192,8.929206013479327,-0.10455168410713411,-0.0037937443375368764,2148,-7.933481342484884,-7.952902230621989,0.019420888137105075,0.00030080748095062844,1958,-0.8911729868873116,-0.9763037828573409,0.08513079597002923,0.0034929368565864505,2038
7.38,8.799064154670718,-4.079720272334515,8.799064154670718,8.903847944230296,-0.10478378955957886,-0.0038053049075070953,2148,-7.932673473511416,-7.952357577365417,0.019684103853999248,0.00031175682920378707,1958,-0.8663906811593057,-0.9514903668648835,0.08509968570557783,0.0034935480783030606,2038
7.390000000000001,8.773387136758364,-4.093521654656379,8.773387136758364,8.878401966221007,-0.10501482946264193,-0.003816827918174512,2148,-7.931787312253316,-7.951734411333701,0.019947099080385694,0.00032270309847164287,1958,-0.8415998245050532,-0.9266675548873083,0.08506773038225524,0.0034941248197025974,2038
7.4,8.747623529056936,-4.107282635572132,8.747623529056936,8.852868330610953,-0.10524480155401544,-0.003828313255812303,2148,-7.930822867456636,-7.951032738692253,0.02020987123561641,0.00033364618071976375,1958,-0.8168006616003035,-0.9018355919187024,0.08503493031839884,0.0034946670750924474,2039
7.41,8.721773585842834,-4.1210030792664485,8.721773585842834,8.827247289424761,-0.10547370358192713,-0.0038397608070683004,2147,-7.929780148640057,-7.950252566381298,0.02047241774124116,0.0003445859679467233,1958,-0.7919934372027807,-0.8769947230434679,0.08500128584068718,0.0034951748391218915,2039
7.42,8.695837562244561,-4.134682850324088,8.695837562244561,8.801539095549714,-0.10570153330515303,-0.003851170458961174,2147,-7.92865916609479,-7.949393902115815,0.02073473602102337,0.00035552235218126726,1958,-0.7671783961497727,-0.8521451934339027,0.08496679728412995,0.003495648106780261,2039
7.43,8.669815714240197,-4.148321813731238,8.669815714240197,8.775744002733235,-0.1059282884930381,-0.0038625420988836747,2147,-7.927459930884488,-7.948456754385458,0.020996823500970364,0.0003664552254861314,1958,-0.7423557833557131,-0.8272872483477806,0.08493146499206745,0.003496086873397475,2040
7.44,8.64370829865488,-4.16191983487683,8.64370829865488,8.749862265580406,-0.10615396692552502,-0.0038738756146033024,2146,-7.926182454845109,-7.947441132454477,0.02125867760936831,0.00037738447996177055,1958,-0.7175258438097741,-0.8024211331259312,0.0848952893161571,0.0034964911346416277,2040
7.45,8.617515573158265,-4.175476779553886,8.617515573158265,8.723894139551433,-0.1063785663931667,-0.0038851708942630714,2146,-7.924826750584833,-7.946347046361617,0.021520295776783847,0.0003883100077399608,1958,-0.6926888225734359,-0.7775470931898188,0.08485827061638296,0.0034968608865229636,2040
7.46,8.591237796261975,-4.188992513960835,8.591237796261975,8.697839880959139,-0.10660208469716459,-0.003896427826385966,2146,-7.923392831483909,-7.945174506920023,0.02178167543611496,0.0003992317009929346,1958,-0.6678449647780693,-0.7526653740391197,0.08482040926105024,0.0034971961253930477,2040
7.47,8.564875227317055,-4.202466904702838,8.564875227317055,8.671699746966436,-0.10682451964937976,-0.0039076462998725164,2145,-7.921880711694542,-7.94392352571714,0.02204281402259734,0.00041014945192795974,1958,-0.6429945156225171,-0.7277762212492986,0.08478170562678153,0.003497496847944496,2041
7.48,8.538428126511425,-4.215899818793094,8.538428126511425,8.64547399558377,-0.10704586907234406,-0.003918826204000719,2145,-7.920290406140743,-7.942594115114585,0.022303708973842554,0.0004210631527928818,1958,-0.6181377203706858,-0.7028798804691863,0.08474216009850052,0.003497763051207625,2041
7.49,8.511896754867285,-4.2292911236541695,8.511896754867285,8.619162885666594,-0.10726613079930938,-0.003929967428432503,2145,-7.918621930518184,-7.941186288248043,0.022564357729858712,0.0004319726958752247,1958,-0.5932748243491028,-0.6779765974185539,0.08470177306945097,0.0034979947325573047,2041
7.5,8.48528137423857,-4.242640687119284,8.48528137423857,8.592766676912804,-0.10748530267423335,-0.0039410698632077286,2145,-7.916875301294051,-7.939700059027118,0.02282475773306797,0.00044287797350307453,1958,-0.5684060729445235,-0.6530666178856886,0.08466054494116508,0.0034981918897045946,2042
7.51,8.458582247308339,-4.255948377433643,8.458582247308339,8.566285629860174,-0.10770338255183662,-0.0039521333987527964,2144,-7.915050535706865,-7.938135442135212,0.023084906428347866,0.00045377887804680384,1958,-0.5435317116014776,-0.6281501877249674,0.08461847612348995,0.0034983545207059987,2042
7.5200000000000005,8.431799637586188,-4.269214063255712,8.431799637586188,8.539720005883794,-0.1079203682976044,-0.003963157925877288,2144,-7.913147651766325,-7.936492453029367,0.02334480126304247,0.0004646753019209816,1958,-0.5186519858198675,-0.6032275528544307,0.08457556703456322,0.003498482623956863,2042
7.53,8.404933809405678,-4.282437613658526,8.404933809405678,8.513070067193475,-0.10813625778779765,-0.003974143335772751,2144,-7.91116666825313,-7.934771107940125,0.023604439686994164,0.00047556713758214325,1958,-0.49376714115255077,-0.5782989592533554,0.08453181810080468,0.003498576198190824,2042
7.54,8.377985027921673,-4.295618898130987,8.377985027921673,8.486336076831176,-0.10835104890950391,-0.003985089520021596,2143,-7.909107604718787,-7.932971423871353,0.023863819152565934,0.00048645427753419863,1958,-0.4688774232028875,-0.5533646529598263,0.08448722975693877,0.0034986352424875287,2043
7.55,8.350953559107772,-4.308757786579132,8.350953559107772,8.459518298668398,-0.10856473956062622,-0.003995996370588373,2143,-7.9069704814854225,-7.931093418600093,0.02412293711467155,0.0004973366143262558,1958,-0.44398307762235373,-0.5284248800683092,0.08444180244595546,0.0034986597562619206,2043
7.5600000000000005,8.323839669753658,-4.321854149327441,8.323839669753658,8.43261699740359,-0.1087773276499308,-0.004006863779829726,2143,-7.904755319645576,-7.929137110676373,0.024381791030796286,0.0005082140405561555,1958,-0.4190843501080853,-0.503479886727221,0.08439553661913571,0.003498649739273836,2043
7.57,8.296643627462476,-4.334907857120098,8.296643627462476,8.405632438559522,-0.10898881109704543,-0.004017691640489519,2142,-7.9024621410620055,-7.927102519423024,0.02464037836101914,0.0005190864488681633,1958,-0.3941814864004745,-0.4785299191365008,0.0843484327360263,0.003498605191621253,2044
7.58,8.26936570064818,-4.34791878112228,8.26936570064818,8.378564888480678,-0.10919918783249771,-0.004028479845703254,2142,-7.900090968367455,-7.924989664935501,0.02489869656804625,0.0005299537319579514,1958,-0.369274732280728,-0.45357522354517976,0.08430049126445176,0.0034985261137453357,2044
7.59,8.242006158532899,-4.360886792921416,8.242006158532899,8.351414614330618,-0.10940845579771973,-0.004039228288995614,2142,-7.8976418249644444,-7.922798568081671,0.025156743117226807,0.0005408157825701294,1958,-0.3443643335684585,-0.428616046248951,0.08425171268049253,0.0034984125064253936,2044
7.6000000000000005,8.214565271144263,-4.37381176452847,8.214565271144263,8.324181884089352,-0.10961661294508945,-0.0040499368642873245,2141,-7.895114735025025,-7.920529250501615,0.025414515476589607,0.0005516724935027235,1958,-0.3194505361192397,-0.4036526335877384,0.0842020974684987,0.003498264370784376,2044
7.61,8.187043309312758,-4.386693568379184,8.187043309312758,8.29686696655068,-0.10982365723792123,-0.004060605465888149,2141,-7.89250972349056,-7.9181817346074155,0.025672011116855787,0.0005625237576051519,1958,-0.29453358582219996,-0.37868523194326564,0.08415164612106563,0.0034980817082828613,2045
7.62,8.159440544669032,-4.399532077335358,8.159440544669032,8.269470131319547,-0.11002958665051657,-0.0040712339885064465,2141,-7.889826816071457,-7.915756043582926,0.025929227511469043,0.0005733694677814436,1958,-0.26961372859757615,-0.35371408773662444,0.08410035913904826,0.003497864520725041,2045
7.63,8.131757249641225,-4.412327164686094,8.131757249641225,8.241991648809393,-0.11023439916816744,-0.00408182232724441,2140,-7.887066039246934,-7.913252201383555,0.02618616213662107,0.0005842095169889027,1958,-0.24469121039429512,-0.32873944742584216,0.08404823703154705,0.003497612810255471,2045
7.640000000000001,8.10399369745229,-4.425078704149043,8.10399369745229,8.214431790239464,-0.11043809278717208,-0.00409237037759984,2140,-7.88422742026474,-7.910670232736018,0.026442812471277007,0.0005950437982425736,1958,-0.2197662771875543,-0.3037615575034497,0.08399528031589537,0.0034973265793572317,2046
7.65,8.07615016211728,-4.437786569871658,8.07615016211728,8.186790827632146,-0.1106406655148653,-0.00410287803546888,2140,-7.881310987140901,-7.908010163138101,0.026699175997200876,0.0006058722046136042,1958,-0.19483917497638314,-0.2787806644940488,0.08394148951766567,0.0034970058308553525,2046
7.66,8.048226918440642,-4.450450636432434,8.048226918440642,8.159069033810281,-0.11084211536963907,-0.00411334519714743,2140,-7.878316768659431,-7.905272018858406,0.026955250198974674,0.0006166946292311647,1958,-0.1699101497812137,-0.25379701495187873,0.08388686517066506,0.0034966505679167436,2046
7.67,8.02022424201352,-4.463070778842148,8.02022424201352,8.131266682394472,-0.1110424403809537,-0.004123771759330571,2139,-7.875244794372059,-7.902455826936093,0.027211032564033354,0.000627510965283351,1958,-0.14497944764146292,-0.22881085545838314,0.08383140781692024,0.00349626079404721,2046
7.68,7.99214240921102,-4.475646872545092,7.99214240921102,8.103384047800382,-0.11124163858936328,-0.00413415761911406,2139,-7.872095094597932,-7.89956161518061,0.027466520582677557,0.0006383211060185046,1958,-0.12004731461308968,-0.20382243261977567,0.083775118006686,0.003495836513095567,2047
7.69,7.963981697189499,-4.488178793420295,7.963981697189499,8.075421405236026,-0.11143970804652681,-0.0041445026739937675,2139,-7.868867700423315,-7.896589412171423,0.027721711748106986,0.0006491249447460774,1958,-0.09511399676618809,-0.17883199306460687,0.08371799629841879,0.0034953777292474073,2047
7.7,7.935742383883821,-4.500666417782757,7.935742383883821,8.047379030699059,-0.11163664681523681,-0.004154806821869129,2138,-7.865562643701283,-7.8935392472577295,0.02797660355644587,0.000659922374837957,1959,-0.07017974018254002,-0.15383978344133006,0.08366004325879003,0.003494884447031046,2047
7.71,7.907424748004604,-4.513109622384667,7.907424748004604,8.01925720097404,-0.11183245296943682,-0.004165069961044276,2138,-7.862179957051418,-7.890411150558175,0.028231193506757277,0.000670713289727766,1959,-0.045244790953188285,-0.12884605041586664,0.08360125946267835,0.0034943566713162687,2047
7.72,7.879029069035477,-4.525508284416623,7.879029069035477,7.991056193629718,-0.1120271245942421,-0.004175291990229216,2138,-7.858719673859465,-7.887205152960547,0.02848547910108286,0.0006814975829165385,1959,-0.02030939517601391,-0.1038510406691715,0.0835416454931576,0.003493794407312437,2048
7.73,7.850555627230335,-4.537862281508831,7.850555627230335,7.962776287016279,-0.11222065978594438,-0.004185472808535509,2137,-7.855181828277025,-7.883921286121481,0.02873945784445557,0.0006922751479676408,1959,0.004626201046688268,-0.07885500089479895,0.08348120194148723,0.003493197660567588,2048
7.74,7.822004703610544,-4.550171491732329,7.822004703610544,7.9344177602626,-0.11241305665205635,-0.004195612315486879,2137,-7.851566455221202,-7.880559582466135,0.028993127244931503,0.0007030458785133352,1959,0.029561751610656235,-0.053858177796467316,0.08341992940712355,0.003492566436973358,2048
7.75,7.793376579962205,-4.562435793600184,7.793376579962205,7.905980893273501,-0.11260431331129582,-0.004205710411008553,2137,-7.847873590374276,-7.877120075187878,0.02924648481360257,0.0007138096682499069,1959,0.05449701041206849,-0.028860818085624504,0.08335782849769299,0.003491900742758578,2049
7.76,7.764671538833334,-4.574655066068684,7.764671538833334,7.877465966726978,-0.11279442789364297,-0.004215766995439715,2136,-7.844103270183326,-7.873602798247966,0.02949952806464106,0.0007245664109459139,1959,0.0794317313499883,-0.003863168479012971,0.08329489982900125,0.003491200584493996,2049
7.7700000000000005,7.735889863531096,-4.586829188538549,7.735889863531096,7.84887326207143,-0.1129833985403339,-0.004225781969528427,2136,-7.840255531859894,-7.870007786375198,0.0297522545153044,0.0007353160004361474,1959,0.1043656683287944,0.02113452430376593,0.08323114402502847,0.003490465969092113,2049
7.78,7.707031838119014,-4.598958040856097,7.707031838119014,7.820203061522889,-0.11317122340387506,-0.004235755234429621,2136,-7.836330413379598,-7.866335075065575,0.03000466168597809,0.0007460583306302523,1959,0.1292985752605816,0.046132013542685694,0.08316656171789591,0.0034896969037995374,2049
7.79,7.6780977474141405,-4.6110415033144605,7.6780977474141405,7.791455648062226,-0.11335790064808612,-0.004245686691714956,2135,-7.832327953481779,-7.862584700581959,0.030256747100178887,0.0007567932955042352,1959,0.154230206067636,0.0711290525197308,0.08310115354790519,0.003488893396210435,2050
7.8,7.649087876984278,-4.623079456654736,7.649087876984278,7.762631305432367,-0.11354342844808883,-0.0042555762433639805,2135,-7.828248191669099,-7.858756699953699,0.03050850828460092,0.000767520789111271,1959,0.17916031468481797,0.09612539452133093,0.08303492016348701,0.0034880554542526514,2050
7.8100000000000005,7.620002513145126,-4.635071782067186,7.620002513145126,7.733730318135481,-0.11372780499035479,-0.004265423791775098,2135,-7.824091168207154,-7.854851110976281,0.030759942769125238,0.0007782407055766305,1959,0.20408865506202553,0.12112079284079641,0.08296786222122912,0.0034871830861983076,2050
7.82,7.590841942957494,-4.647018361192402,7.590841942957494,7.704752971430184,-0.11391102847269104,-0.004275229239755197,2134,-7.819856924124097,-7.850867972210943,0.03101104808684525,0.0007889529390988359,1959,0.2290149811665998,0.1461150007807529,0.08289998038584691,0.0034862763006565465,2051
7.83,7.561606454224428,-4.65891907612247,7.561606454224428,7.67569955132872,-0.11409309710429265,-0.004284992490532643,2134,-7.815545501210199,-7.846807322984301,0.03126182177410171,0.0007996573839550375,1959,0.2539390469857682,0.17110777165557634,0.08283127533019184,0.0034853351065780996,2051
7.84,7.5322963354884065,-4.670773809402139,7.5322963354884065,7.646570344594132,-0.11427400910572515,-0.004294713447747126,2134,-7.81115694201747,-7.842669203387962,0.031512261370493844,0.0008103539344961018,1959,0.2788606065290609,0.1960988587938275,0.08276174773523343,0.0034843595132516905,2051
7.8500000000000005,7.5029118760284605,-4.682582444029978,7.5029118760284605,7.617365638737437,-0.114453762708977,-0.004304392015460883,2133,-7.806691289859214,-7.838453654278128,0.03176236441891435,0.0008210424851536925,1959,0.30377941383075147,0.22108801554068697,0.0826913982900645,0.00348334953030756,2051
7.86,7.473453365857352,-4.694344863459528,7.473453365857352,7.588085722014792,-0.11463235615744062,-0.004314028098148486,2133,-7.802148588809618,-7.834160717275186,0.032012128465566884,0.0008317229304365178,1959,0.328695222952264,0.2460749952603887,0.08262022769187533,0.003482305167711779,2052
7.87,7.443921095718673,-4.70606095160046,7.443921095718673,7.558730883424641,-0.11480978770596631,-0.004323621600709558,2133,-7.797528883703303,-7.8297904347633,0.03226155105999786,0.0008423951649362566,1959,0.35360778798462666,0.27105955133865484,0.08254823664597181,0.0034812264357736997,2052
7.88,7.4143153570840115,-4.717730592819715,7.4143153570840115,7.529301412704865,-0.11498605562085437,-0.004333172428461512,2132,-7.792832220134896,-7.825342849890002,0.032510629755106005,0.0008530590833214814,1959,0.3785168630508828,0.29604143718512976,0.082475425865753,0.0034801133451407523,2052
7.890000000000001,7.384636442150056,-4.72935367194264,7.384636442150056,7.499797600329932,-0.11516115817987581,-0.004342680487141553,2132,-7.7880586444585695,-7.820818006565751,0.03275936210718209,0.0008637145803450721,1959,0.40342220230851095,0.32102040623581346,0.08240179607269756,0.003478965906796914,2053
7.9,7.3548846438357165,-4.740930074254142,7.3548846438357165,7.470219737508013,-0.11533509367229614,-0.004352145682910225,2132,-7.78320820378759,-7.816215949463513,0.03300774567592329,0.0008743615508422509,1959,0.42832355995186994,0.34599621195549485,0.08232734799637509,0.0034777841320681032,2053
7.91,7.325060255779231,-4.752459685499802,7.325060255779231,7.44056811617812,-0.11550786039888969,-0.004361567922351907,2131,-7.778280945993847,-7.8115367240183105,0.03325577802446333,0.0008849998897334631,1960,0.4532206902146125,0.3709686078401856,0.08225208237442691,0.003476568032618173,2053
7.92,7.295163572335267,-4.76394239188701,7.295163572335267,7.410843029007225,-0.11567945667195874,-0.004370947112474273,2131,-7.773276919707384,-7.806780376426782,0.033503456719398,0.0008956294920243624,1960,0.4781133473721156,0.39593734741955244,0.08217599995256313,0.0034753176204501066,2053
7.930000000000001,7.265194888572018,-4.775378080086092,7.265194888572018,7.3810447693873655,-0.1158498808153478,-0.004380283160710596,2131,-7.768196174315924,-7.801946953646718,0.03375077933079466,0.0009062502528049661,1960,0.5030012857439031,0.42090218425935044,0.0820991014845526,0.0034740329079052676,2054
7.94,7.235154500268295,-4.786766637231426,7.235154500268295,7.351173631432749,-0.11601913116445474,-0.004389575974918923,2130,-7.763038759964372,-7.797036503396607,0.03399774343223517,0.000916862067254067,1960,0.527884259696074,0.4458628719638548,0.08202138773221918,0.0034727139076641098,2054
7.95,7.205042703910609,-4.798107950922542,7.205042703910609,7.321229909976858,-0.11618720606624985,-0.004398825463382209,2130,-7.757804727554324,-7.792049074155154,0.03424434660083023,0.0009274648306398696,1960,0.5527620236437121,0.47081916417829234,0.08194285946541972,0.0034713606327422663,2054
7.96,7.174859796690228,-4.809401909225259,7.174859796690228,7.291213900569532,-0.11635410387930296,-0.004408031534814933,2130,-7.752494128743567,-7.786984715160809,0.03449058641724162,0.0009380584383168978,1960,0.5776343320533359,0.49577081459127315,0.08186351746206283,0.0034699730964981128,2055
7.97,7.144606076500258,-4.820648400672766,7.144606076500258,7.261125899474052,-0.11651982297379446,-0.004417194098359795,2129,-7.747107015945567,-7.781843476411279,0.034736460465710835,0.0009486427857327319,1960,0.602500939445308,0.520717576937222,0.08178336250808602,0.0034685513126274663,2055
7.98,7.114281841932712,-4.831847314266732,7.114281841932712,7.230966203664222,-0.11668436173151062,-0.00442631306358385,2129,-7.741643442328958,-7.776625408663034,0.03498196633407658,0.0009592177684236442,1960,0.6273616003962427,0.5456592049988084,0.08170239539743422,0.0034670952951601297,2055
7.99,7.083887392275534,-4.842998539478401,7.083887392275534,7.200735110821432,-0.1168477185458976,-0.004435388340490899,2129,-7.736103461816994,-7.77133056343081,0.03522710161381612,0.000969783282022422,1960,0.6522160695414586,0.5705954526093766,0.08162061693208197,0.00346560505846848,2055
8.0,7.053423027509678,-4.854101966249684,7.053423027509678,7.170432919331719,-0.11700989182204082,-0.004444419839510878,2128,-7.7304871290870585,-7.765958992987098,0.035471863900038904,0.0009803392222504917,1960,0.6770641015773772,0.5955260736553758,0.08153802792200142,0.0034640806172600855,2056
8.01,7.022889048306124,-4.865157484994239,7.022889048306124,7.14005992828283,-0.11717087997670628,-0.004453407471509231,2128,-7.7247944995700815,-7.76051075036162,0.035716250791539055,0.0009908854849279758,1960,0.7019054512639549,0.6204508220787879,0.08145462918516702,0.0034625219865812035,2056
8.02,6.9922857560229135,-4.876164986598562,6.9922857560229135,7.109616437461263,-0.1173306814383485,-0.004462351147783707,2128,-7.719025629450017,-7.754985889340822,0.03596025989080492,0.0010014219659681151,1960,0.726739873427101,0.6453694518795577,0.08137042154754319,0.0034609291818155346,2056
8.03,6.961613452702194,-4.887124362423054,6.961613452702194,7.079102747349307,-0.11748929464711295,-0.004471250780063288,2127,-7.713180575663288,-7.749384464467328,0.03620388880403971,0.0010119485613803848,1960,0.7515671229610916,0.6702817171180199,0.08128540584307176,0.0034593022186827234,2057
8.040000000000001,6.930872441067211,-4.898035504303103,6.930872441067211,7.048519159122085,-0.11764671805487419,-0.004480106280515092,2127,-7.707259395898217,-7.743706531039413,0.036447135141196546,0.0010224651672725558,1960,0.7763869548310021,0.6951873719173264,0.08119958291367566,0.0034576411132417597,2057
8.05,6.900063024519341,-4.908898304550142,6.900063024519341,7.017865974644574,-0.11780295012523426,-0.004488917561739553,2126,-7.701262148594452,-7.73795214511045,0.03668999651599747,0.001032971679853226,1960,0.8011991240751088,0.7200861704658731,0.0811129536092358,0.003455945881886252,2057
8.06,6.869185507135089,-4.919712655952716,6.869185507135089,6.987143496468628,-0.1179579893335394,-0.004497684536773412,2126,-7.695188892942407,-7.732121363488356,0.03693247054594941,0.001043467995426521,1960,0.8260033858073152,0.7449778670197258,0.0810255187875895,0.0034542165413468766,2057
8.07,6.838240193663087,-4.930478451777542,6.838240193663087,6.956352027829992,-0.11811183416690632,-0.004506407119092052,2126,-7.689039688882661,-7.726214243735041,0.03717455485237913,0.0010539540104000508,1961,0.8507994952195723,0.7698622159050456,0.08093727931452688,0.003452453108692198,2058
8.08,6.807227389521077,-4.941195585770565,6.807227389521077,6.925491872645311,-0.11826448312423406,-0.004515085222610488,2125,-7.682814597105378,-7.720230844165826,0.037416247060449145,0.001064429621281744,1961,0.8755872075842966,0.7947389715205138,0.08084823606378291,0.00345065560132843,2058
8.09,6.776147400792926,-4.951863952157996,6.776147400792926,6.894563335509124,-0.11841593471619845,-0.004523718761677885,2125,-7.676513679049696,-7.714171223848883,0.03765754479918634,0.0010748947246834663,1961,0.9003662782567681,0.8196078883397562,0.08075838991701201,0.0034488240369945607,2058
8.1,6.74500053422557,-4.962483445647369,6.74500053422557,6.863566721690867,-0.1185661874652975,-0.004532307651087732,2125,-7.670136996903139,-7.7080354426046345,0.0378984457014947,0.0010853492173187795,1961,0.9251364626775667,0.8444687209137652,0.08066774176380151,0.0034469584337689157,2059
8.11,6.713787097226008,-4.97305396142857,6.713787097226008,6.832502337131853,-0.1187152399058457,-0.00454085180607205,2124,-7.663684613600982,-7.701823561005179,0.03813894740419665,0.0010957929960079406,1961,0.9498975163749717,0.8693212238733242,0.08057629250164747,0.0034450588100640757,2059
8.120000000000001,6.682507397858253,-4.983575395174876,6.682507397858253,6.801370488442255,-0.118863090584002,-0.004549351142307093,2124,-7.657156592825641,-7.695535640373685,0.03837904754804419,0.0011062259576770017,1961,0.9746491949673848,0.8941651519314278,0.080484043035957,0.003443125184630083,2059
8.13,6.651161744840327,-4.99404764304398,6.651161744840327,6.770171482898082,-0.11900973805775376,-0.004557805575904333,2124,-7.650552999006049,-7.689171742783786,0.0386187437777364,0.0011166479993563782,1961,0.9993912541657193,0.9190002598857028,0.08039099428001657,0.0034411575765478436,2059
8.14,6.6197504475411595,-5.004470601679029,6.6197504475411595,6.73890562843814,-0.1191551808969805,-0.004566215023426862,2123,-7.643873897317013,-7.68273193105897,0.03885803374195758,0.0011270590181863783,1961,1.024123449775851,0.9438263026208283,0.08029714715502254,0.0034391560052404995,2060
8.15,6.588273815977581,-5.014844168209622,6.588273815977581,6.707573233661002,-0.1192994176834212,-0.004574579401875924,2123,-7.637119353678565,-7.676216268771958,0.03909691509339317,0.0011374589114162923,1961,1.0488455377009824,0.9686430351109555,0.08020250259002683,0.003437120490459727,2060
8.16,6.55673216081123,-5.025168240252851,6.55673216081123,6.676174607821953,-0.11944244701072282,-0.004582898628701748,2123,-7.630289434755327,-7.669624820244079,0.039335385488752025,0.001147847576403709,1961,1.0735572739440935,0.9934502124221251,0.0801070615219684,0.0034350510522978056,2060
8.17,6.525125793345513,-5.03544271591429,6.525125793345513,6.644710060829945,-0.1195842674844324,-0.004591172621797908,2122,-7.623384207955838,-7.662957650544632,0.039573442588793424,0.001158224910618652,1961,1.0982584146103234,1.0182475897146852,0.08001082489563818,0.003432947711179084,2060
8.18,6.493455025522511,-5.045667493789014,6.493455025522511,6.613179903244533,-0.11972487772202325,-0.0045994012995056715,2122,-7.616403741431902,-7.6562148254902445,0.03981108405834298,0.0011685908116420714,1961,1.122948715909389,1.043034922245708,0.07991379366368087,0.0034308104878637644,2061
8.19,6.461720169919925,-5.055842472962592,6.461720169919925,6.581584446272816,-0.11986427635289099,-0.004607584580610103,2122,-7.609348104077905,-7.649396411644224,0.0400483075663181,0.0011789451771667086,1961,1.1476279341579774,1.0678119653714055,0.07981596878657168,0.003428639403443447,2061
8.2,6.429921539747964,-5.065967553012088,6.429921539747964,6.549924001766357,-0.1200024620183933,-0.004615722384348915,2121,-7.602217365530138,-7.642502476315902,0.04028511078576297,0.001189287905001102,1962,1.1722958257821732,1.0925784745495426,0.07971735123263052,0.0034264344793478885,2061
8.21,6.3980594488462605,-5.076042634007054,6.3980594488462605,6.51819888221811,-0.12013943337184994,-0.004623814630408153,2121,-7.595011596166114,-7.635533087559965,0.0405214913938517,0.0011996188930680106,1962,1.1969521473198508,1.1173342053418531,0.07961794197799785,0.003424195737340237,2062
8.22,6.3661342116808095,-5.086067616510499,6.3661342116808095,6.486409400759341,-0.12027518907853238,-0.004631861238916434,2120,-7.587730867103867,-7.628488314175793,0.04075744707192654,0.0012099380394048386,1962,1.2215966554230544,1.1420789134164493,0.07951774200660523,0.0034219231995114064,2062
8.23,6.334146143340798,-5.096042401579898,6.334146143340798,6.454555871156527,-0.12040972781572905,-0.004639862130462775,2120,-7.580375250201251,-7.621368225706766,0.04099297550551534,0.0012202452421685044,1962,1.2462291068604496,1.1668123545502351,0.0794167523102145,0.0034196168882944748,2062
8.24,6.302095559535546,-5.105966890768152,6.302095559535546,6.422638607808268,-0.12054304827272141,-0.004647817226083125,2120,-7.572944818055236,-7.614172892439589,0.041228074384352234,0.0012305403996313588,1962,1.2708492585196864,1.191534284631317,0.07931497388836938,0.003417276826452046,2062
8.25,6.2699827765913865,-5.115840986124555,6.2699827765913865,6.390657925742178,-0.12067514915079201,-0.00465572644726287,2119,-7.56543964400119,-7.606902385403593,0.04146274140240467,0.0012408234101853035,1962,1.295456867409801,1.216244459661412,0.07921240774838934,0.003414903037077902,2063
8.26,6.237808111448517,-5.125664590195771,6.237808111448517,6.358614140611781,-0.12080602916326334,-0.00466358971594346,2119,-7.557859802112149,-7.599556776370038,0.04169697425788933,0.0012510941723422237,1962,1.3200516906636295,1.2409426357582554,0.0791090549053742,0.0034124955436012246,2063
8.27,6.205571881657886,-5.135437606026798,6.205571881657886,6.326507568693388,-0.12093568703550188,-0.004671406954521007,2119,-7.55020536719809,-7.592136137851402,0.04193077065331186,0.0012613525847361613,1962,1.3446334855402016,1.2656285691580105,0.079004916382191,0.0034100543697848968,2063
8.28,6.173274405378079,-5.145159937161913,6.173274405378079,6.294338526882987,-0.12106412150490771,-0.0046791780858406115,2118,-7.542476414805202,-7.5846405431006625,0.04216412829546054,0.0012715985461200924,1962,1.3692020094271184,1.2903020162176715,0.07889999320944698,0.003407579539720264,2064
8.290000000000001,6.140916001372139,-5.154831487645632,6.140916001372139,6.2621073326931045,-0.12119133132096546,-0.004686903033208582,2118,-7.5346730212151165,-7.577070066110578,0.0423970448954619,0.0012818319553737443,1962,1.393757019842974,1.3149627334174698,0.07879428642550416,0.0034050710778349563,2064
8.3,6.108496989004452,-5.164452162023662,6.108496989004452,6.229814304249676,-0.12131731524522361,-0.004694581720382324,2117,-7.526795263444185,-7.569424781612958,0.04262951816877282,0.00129205271149608,1962,1.4182982744397292,1.3396104773632773,0.07868779707645218,0.0034025290088865187,2064
8.31,6.07601768823759,-5.174021865343824,6.07601768823759,6.19745976028891,-0.12144207205131988,-0.004702214071576818,2117,-7.518843219242694,-7.56170476507792,0.04286154583522662,0.0013022607136148265,1962,1.4428255310051004,1.3642450047890073,0.07858052621609307,0.0033999533579619923,2064
8.32,6.043478419629132,-5.18354050315701,6.043478419629132,6.165044020154134,-0.12156560052500359,-0.004709800011467048,2117,-7.510816967094108,-7.5539100927131555,0.04309312561904736,0.0013124558609824725,1963,1.467338547464973,1.3888660725590172,0.07847247490595563,0.003397344150484193,2065
8.33,6.010879504328519,-5.1930079815181145,6.010879504328519,6.132567403792652,-0.1216878994641332,-0.0047173394651844665,2116,-7.502716586214297,-7.546040841463163,0.04332425524886577,0.0013226380529781168,1963,1.4918370818857751,1.4134734376705074,0.07836364421526763,0.003394701412206289,2065
8.34,5.978221264073891,-5.202424206986941,5.978221264073891,6.1000302317525765,-0.1218089676786859,-0.004724832358317213,2116,-7.494542156550748,-7.5380970890085,0.043554932457751036,0.001332807189108678,1963,1.5163208924768543,1.4380668572559192,0.07825403522093526,0.003392025169208686,2065
8.35,5.945504021188892,-5.211789086629147,5.945504021188892,6.067432825179676,-0.12192880399078301,-0.00473227861691609,2116,-7.486293758781783,-7.530078913765012,0.043785154983228325,0.001342963169010036,1963,1.5407897375928885,1.4626460885853323,0.07814364900755628,0.0033893154479064003,2066
8.36,5.912728098579503,-5.221102528017154,5.912728098579503,6.034775505814195,-0.12204740723469161,-0.00473967816749043,2115,-7.47797147431576,-7.521986394883059,0.04401492056729941,0.0013531058924473637,1963,1.5652433757362527,1.48721088906886,0.0780324866673928,0.0033865722750430196,2066
8.370000000000001,5.879893819730837,-5.230364439231053,5.879893819730837,6.0020585959876875,-0.12216477625684996,-0.004747030937013483,2115,-7.469575385290258,-7.513819612246735,0.04424422695647608,0.0013632352593187843,1963,1.5896815655594196,1.5117610162590451,0.07792054930037448,0.0033837956776950158,2066
8.38,5.847001508703987,-5.23957472885952,5.847001508703987,5.969282418619826,-0.12228090991583968,-0.004754336852912768,2115,-7.461105574571299,-7.505578646473079,0.0444730719017802,0.0013733511696496655,1963,1.614104065867309,1.5362962278532506,0.07780783801405808,0.0033809856832626474,2066
8.39,5.814051490132772,-5.248733306000718,5.814051490132772,5.936447297215226,-0.12239580708245412,-0.0047615958430868065,2114,-7.45256212575249,-7.497263578911282,0.04470145315879291,0.0013834535236033757,1963,1.6385106356197132,1.560816281696052,0.07769435392366102,0.0033781423194830223,2067
8.4,5.7810440892205825,-5.257840080263181,5.7810440892205825,5.903553555860245,-0.1225094666396634,-0.0047688078358912225,2114,-7.443945123154218,-7.488874491641875,0.04492936848765787,0.0013935422214750221,1963,1.662901033933633,1.5853209357816274,0.07758009815200573,0.0033752656144165035,2067
8.41,5.747979631737134,-5.266894961766729,5.747979631737134,5.870601519219785,-0.12262188748265257,-0.0047759727601499125,2113,-7.435254651822824,-7.480411467475934,0.04515681565310989,0.0014036171636933057,1963,1.6872750200856872,1.609809948256145,0.07746507182954228,0.0033723555964564277,2067
8.42,5.714858444015273,-5.275897861143336,5.714858444015273,5.8375915125340905,-0.12273306851881836,-0.0047830905451486955,2113,-7.426490797529749,-7.471874589954245,0.04538379242449555,0.0014136782508244279,1964,1.7116323535144744,1.6342830774201524,0.07734927609432221,0.0033694122943242946,2067
8.43,5.681680852947746,-5.2848486895380224,5.681680852947746,5.804523861615536,-0.1228430086677892,-0.004790161120640446,2113,-7.4176536467707,-7.463263943346498,0.045610296575798716,0.0014237253835704417,1964,1.7359727938229503,1.65874008173096,0.07723271209199009,0.0033664357370699724,2068
8.44,5.6484471859839935,-5.29374735860972,5.6484471859839935,5.771398892845412,-0.12295170686141872,-0.0047971844168404245,2112,-7.408743286764785,-7.454579612650441,0.04583632588565637,0.0014337584627711615,1964,1.7602961007807885,1.6831807198050261,0.07711538097576234,0.003363425954069188,2068
8.45,5.615157771126886,-5.302593780532159,5.615157771126886,5.738216933170705,-0.12305916204381923,-0.004804160364434222,2112,-7.399759805453659,-7.445821683591044,0.04606187813738572,0.0014437773894061608,1964,1.7846020343267708,1.7076047504203375,0.07699728390643311,0.0033603829750282004,2068
8.46,5.581812936929498,-5.31138786799473,5.581812936929498,5.704978310100865,-0.12316537317136723,-0.004811088894575731,2111,-7.390703291500652,-7.436990242619658,0.04628695111900638,0.0014537820645933877,1964,1.8088903545711534,1.7320119325187933,0.07687842205236026,0.003357306829982244,2069
8.47,5.548413012491901,-5.320129534203337,5.548413012491901,5.67168335170458,-0.12327033921267963,-0.004817969938878583,2111,-7.381573834289912,-7.428085376913162,0.046511542623249996,0.001463772389590065,1964,1.8331608217980095,1.7564020252085806,0.07675879658942904,0.003354197549288299,2069
8.48,5.5149583274578555,-5.328818692881266,5.5149583274578555,5.638332386606538,-0.12337405914868205,-0.004824803429434593,2111,-7.372371523925489,-7.419107174373093,0.04673565044760469,0.0014737482657986634,1964,1.857413196467631,1.780774787766554,0.07663840870107716,0.0033510551636358713,2069
8.49,5.481449212011593,-5.337455258270029,5.481449212011593,5.604925743984174,-0.12347653197258182,-0.004831589298802584,2110,-7.363096451230472,-7.410055723624789,0.04695927239431675,0.0014837095947620215,1964,1.881647239218877,1.8051299796406124,0.07651725957826427,0.0033478797040405227,2069
8.5,5.447885996874562,-5.346039145130206,5.447885996874562,5.571463753564435,-0.12357775668987357,-0.004838327480007039,2110,-7.353748707746082,-7.400931114016507,0.047182406270425505,0.0014936562781672955,1964,1.905862710871518,1.8294673604520704,0.07639535041944767,0.0033446712018399545,2070
8.51,5.414269013302143,-5.3545702687423065,5.414269013302143,5.537946745620515,-0.1236777323183726,-0.004845017906548212,2110,-7.344328385730778,-7.39173343561855,0.04740504988777137,0.0015035882178447268,1964,1.9300593724286315,1.8537866899980322,0.07627268243059926,0.003341429688703043,2070
8.52,5.380598593080387,-5.363048544907583,5.380598593080387,5.5043750509686,-0.1237764578882125,-0.004851660512396139,2109,-7.33483557815933,-7.382462779222365,0.04762720106303553,0.0015135053157729105,1965,1.9542369850789387,1.8780877282537636,0.07614925682517537,0.003338155196622917,2070
8.53,5.346875068522758,-5.37147388994887,5.346875068522758,5.4707490009646005,-0.12387393244184274,-0.004858255231989891,2109,-7.325270378721917,-7.373119236339659,0.04784885761774319,0.0015234074740746086,1965,1.9783953101991567,1.9023702353750576,0.07602507482409875,0.003334847757915448,2071
8.540000000000001,5.313098772466819,-5.379846220711414,5.313098772466819,5.437068927500885,-0.12397015503406686,-0.0048648020002463955,2108,-7.315632881823198,-7.363702899201493,0.04807001737829374,0.0015332945950196006,1965,2.002534109356377,1.926633971700606,0.07590013765577114,0.0033315074052266114,2071
8.55,5.279270038270979,-5.388165454563693,5.279270038270979,5.4033351630030015,-0.12406512473202184,-0.004871300752551592,2108,-7.305923182581376,-7.354213860757363,0.0482906781759878,0.001543166581028513,1965,2.0266531443103926,1.9508786977543602,0.07577444655603247,0.0033281341715227426,2071
8.56,5.245389199811195,-5.396431509398225,5.245389199811195,5.369548040426395,-0.12415884061520109,-0.00487775142476508,2108,-7.296141376827262,-7.344652214674294,0.04851083784703358,0.0015530233346687898,1965,2.0507521770160646,1.9751041742478985,0.07564800276816591,0.003324728090096334,2071
8.57,5.211456591477657,-5.404644303632387,5.211456591477657,5.335707893253128,-0.12425130177547114,-0.004884153953224695,2107,-7.2862875611033315,-7.335018055335914,0.048730494232583486,0.001562864758659202,1965,2.074830969625672,1.9993101620827851,0.07552080754288686,0.0033212891945653103,2072
8.58,5.177472548171505,-5.412803756209216,5.177472548171505,5.30181505548858,-0.1243425073170741,-0.004890508274742324,2107,-7.276361832662765,-7.325311477841515,0.04894964517874997,0.0015726907558717292,1965,2.0988892844912566,2.023496422352932,0.07539286213832491,0.0033178175188711386,2072
8.59,5.143437405301541,-5.420909786598207,5.143437405301541,5.26786986165816,-0.12443245635661886,-0.004896814326601873,2107,-7.266364289468498,-7.315532578005117,0.04916828853661832,0.0015825012293265587,1965,2.122926884166954,2.047662716346954,0.07526416781999974,0.0033143130972752865,2072
8.6,5.109351498780875,-5.428962314796116,5.109351498780875,5.233872646803998,-0.12452114802312324,-0.004903072046568525,2106,-7.256295030192243,-7.305681452354529,0.049386422162286336,0.0015922960822013859,1965,2.1469435314113667,2.071808805550529,0.0751347258608377,0.003310775964367599,2072
8.61,5.075215165023644,-5.4369612613277365,5.075215165023644,5.199823746481641,-0.1246085814579973,-0.004909281372882156,2106,-7.246154154213525,-7.29575819813039,0.04960404391686439,0.0016020752178245198,1966,2.170938989189879,2.0959344516487475,0.07500453754113173,0.003307206155057463,2073
8.620000000000001,5.041028740941672,-5.444906547246702,5.041028740941672,5.165723496756741,-0.1246947558150688,-0.004915442244262361,2105,-7.235941761618695,-7.285762913285211,0.04982115166651676,0.001611838539682511,1966,2.194913020677019,2.120039416528468,0.07487360414855083,0.003303603704579631,2073
8.63,5.006792563941183,-5.452798094136241,5.006792563941183,5.131572234201739,-0.12477967026055609,-0.004921554599900089,2105,-7.2256579531999465,-7.2756956964824075,0.050037743282461626,0.0016215859514148163,1966,2.2188653892587604,2.1441234622806666,0.07474192697809366,0.003299968648485123,2073
8.64,4.972506971919406,-5.460635824109973,4.972506971919406,5.097370295892544,-0.12486332397313818,-0.004927618379475034,2105,-7.215302830454312,-7.2655566470953294,0.05025381664101718,0.0016313173568217182,1966,2.2427958585349037,2.1681863512027824,0.0746095073321214,0.0032963010226533984,2074
8.65,4.938172303261305,-5.46841965981267,4.938172303261305,5.063118019405201,-0.12494571614389667,-0.004933633523137663,2104,-7.204876495582682,-7.25534586520627,0.050469369623587314,0.0016410326598560823,1966,2.266704192321375,2.192227845801066,0.07447634652030896,0.0032926008632817227,2074
8.66,4.90378889683619,-5.476149524421015,4.90378889683619,5.028815742812567,-0.12502684597637692,-0.004939599971524907,2104,-7.194379051488766,-7.245063451605493,0.05068440011672685,0.0016507317646351069,1966,2.290590154652574,2.2162477087929235,0.07434244585965046,0.0032888682068900896,2074
8.67,4.869357091994403,-5.483825341644365,4.869357091994403,4.994463804680966,-0.12510671268656265,-0.0049455176657509595,2103,-7.1838106017781,-7.234709507790224,0.0508989060121256,0.001660414575433141,1966,2.3144535097836947,2.2402457031092577,0.07420780667443705,0.0032851030903180167,2074
8.68,4.834877228563953,-5.491447035725505,4.834877228563953,4.960062544066854,-0.1251853155029014,-0.004951386547413207,2103,-7.173171250757014,-7.224284135963664,0.05111288520664973,0.0016700809966860401,1966,2.3382940221930597,2.264221591896807,0.07407243029625246,0.0032813055507271084,2075
8.69,4.80034964684718,-5.499014531441387,4.80034964684718,4.925612300513472,-0.12526265366629258,-0.004957206558586797,2103,-7.162461103431611,-7.21378743903396,0.05132633560234972,0.0016797309329913243,1967,2.362111456584429,2.288175138520486,0.07393631806394287,0.003277475625595437,2075
8.700000000000001,4.7657746876173634,-5.506527754103887,4.7657746876173634,4.891113414047492,-0.12533872643012878,-0.004962977641835701,2102,-7.151680265506718,-7.203219520613212,0.05153925510649373,0.0016893642891089968,1967,2.385905577889353,2.3121061065657176,0.07379947132363546,0.003273613352726584,2075
8.71,4.731152692115409,-5.513986629560528,4.731152692115409,4.8565662251756585,-0.12541353306024974,-0.004968699740197587,2102,-7.140828843384857,-7.192580485016429,0.05175164163157241,0.001698980969962417,1967,2.409676151269445,2.336014259840767,0.07366189142867774,0.003269718770235378,2075
8.72,4.696484002046428,-5.521391084195222,4.696484002046428,4.821971074881439,-0.12548707283501145,-0.00497437279720221,2101,-7.129906944165179,-7.181870437260518,0.05196349309533863,0.0017085808806399684,1967,2.4334229421187503,2.359899362379076,0.07352357973967442,0.0032657919165624844,2076
8.73,4.661768959576395,-5.5287410449289895,4.661768959576395,4.787328304621647,-0.125559345045252,-0.004979996756859746,2101,-7.118914675642423,-7.171089483063235,0.05217480742081147,0.0017181639263959382,1967,2.457145716066028,2.3837611784415866,0.07338453762444135,0.003261832830463979,2076
8.74,4.627007907328757,-5.5360364392206876,4.627007907328757,4.752638256323075,-0.12563034899431783,-0.004985571563666836,2101,-7.107852146305841,-7.160237728842149,0.0523855825363088,0.0017277300126506672,1967,2.48084423897708,2.4075994725190717,0.07324476645800862,0.003257841551016001,2076
8.75,4.592201188381079,-5.543277195067719,4.592201188381079,4.717901272379125,-0.1257000839980461,-0.00499109716260081,2100,-7.09671946533813,-7.149315281713585,0.05259581637545526,0.0017372790449911323,1967,2.5045182769570493,2.4314140093344587,0.07310426762259044,0.003253818117609471,2076
8.76,4.5573491462616165,-5.550463241006746,4.5573491462616165,4.683117695646422,-0.1257685493848063,-0.004996573499129332,2100,-7.0855167426143595,-7.1383222494915755,0.05280550687721643,0.0017468109291739879,1967,2.52816759635274,2.455204553845151,0.07296304250758869,0.0032497625699551055,2077
8.77,4.522452124945953,-5.557594506114399,4.522452124945953,4.648287869441436,-0.12583574449548413,-0.005002000519205369,2099,-7.074244088700875,-7.127258740686785,0.05301465198590996,0.0017563255711246675,1968,2.551791963754922,2.478970871245348,0.07282109250957376,0.0032456749480807272,2077
8.78,4.487510468853608,-5.564670920007967,4.487510468853608,4.613412137537089,-0.12590166868348074,-0.00500737816926472,2099,-7.062901614854226,-7.116124864505452,0.05322324965122548,0.0017658228769376417,1968,2.575391146000616,2.502712726968362,0.07267841903225408,0.003241555292326708,2077
8.790000000000001,4.4525245228446115,-5.5716924128461045,4.4525245228446115,4.578490844159365,-0.12596632131475338,-0.005012706396236787,2099,-7.051489433020047,-7.104920730848301,0.05343129782825396,0.0017753027528806071,1968,2.5989649101754324,2.526429886688934,0.07253502348649862,0.0032374036433562106,2078
8.8,4.417494632216133,-5.578658915329509,4.417494632216133,4.543524333983912,-0.1260297017677795,-0.005017985147533452,2098,-7.040007655831961,-7.0936464503094605,0.05363879447749813,0.0017847651053920122,1968,2.622513023615827,2.550122116325546,0.07239090729028058,0.003233220042141359,2078
8.81,4.382421142699053,-5.585570358701615,4.382421142699053,4.508512952132641,-0.1260918094335879,-0.005023214371055905,2098,-7.028456396610483,-7.082302134175374,0.053845737564891485,0.0017942098410818315,1968,2.6460352539114282,2.5737891820427317,0.07224607186869639,0.0032290045299740167,2078
8.82,4.347304400454549,-5.592426674749264,4.347304400454549,4.473457044170316,-0.1261526437157672,-0.0050283940151967434,2097,-7.0168357693618715,-7.070887894423703,0.05405212506183171,0.0018036368667370163,1968,2.6695313689073195,2.597430850253384,0.07210051865393549,0.003224757148459673,2078
8.83,4.312144752070687,-5.599227795803391,4.312144752070687,4.438356956101152,-0.12621220403046468,-0.0050335240288373224,2097,-7.005145888777027,-7.0594038437222135,0.05425795494518629,0.001813046089317226,1968,2.693001136706337,2.6210468876210595,0.07195424908527762,0.003220477939520153,2079
8.84,4.2769425445590095,-5.60597365473967,4.2769425445590095,4.403213034365386,-0.12627048980637637,-0.005038604361345076,2097,-6.993386870230354,-7.0478500954276715,0.054463225197318645,0.0018224374159576278,1968,2.7164443256713406,2.644637061062284,0.07180726460905693,0.003216166945387386,2079
8.85,4.241698125351089,-5.612664184979201,4.241698125351089,4.368025625835874,-0.12632750048478453,-0.00504363496258223,2096,-6.9815588297786135,-7.036226763584726,0.054667933806112096,0.0018318107539718855,1969,2.739860704427523,2.6682011377488504,0.07165956667867282,0.003211824208610588,2079
8.86,4.206411842295114,-5.619299320489151,4.206411842295114,4.332795077814655,-0.1263832355195418,-0.005048615782900176,2096,-6.969661884159795,-7.0245339629247745,0.05487207876497935,0.0018411660108492902,1969,2.763250041864679,2.691738885110117,0.07151115675456167,0.003207449772050854,2079
8.870000000000001,4.171084043652442,-5.625878995783414,4.171084043652442,4.297521738029528,-0.12643769437708632,-0.005053546773143401,2095,-6.957696150791945,-7.012771808864838,0.0550756580728935,0.0018505030942589026,1969,2.7866121071395002,2.715250070835307,0.07136203630419323,0.003203043678884568,2080
8.88,4.135715078094204,-5.632403145923245,4.135715078094204,4.262205954630623,-0.12649087653641936,-0.005058427884640868,2095,-6.9456617477720215,-7.000940417506419,0.05527866973439682,0.0018598219120478515,1969,2.8099466696778155,2.7387344628757933,0.07121220680202255,0.0031986059725931616,2080
8.89,4.1003052946977965,-5.638871706517919,4.1003052946977965,4.226848076186959,-0.12654278148916265,-0.005063259069224013,2095,-6.933558793874726,-6.989039905634356,0.055481111759631704,0.001869122372244918,1969,2.833253499176926,2.762191829447395,0.07106166972953094,0.0031941366969790042,2080
8.9,4.0648550429434955,-5.6452846137253525,4.0648550429434955,4.191448451683008,-0.12659340873951222,-0.005068040279209142,2094,-6.9213874085513245,-6.977070390715674,0.0556829821643495,0.0018784043830588487,1969,2.8565323656078263,2.785621939032664,0.07091042657516232,0.003189635896150225,2080
8.91,4.029364672710969,-5.651641804252743,4.029364672710969,4.156007430515249,-0.1266427578042798,-0.005072771467410784,2094,-6.90914771192848,-6.965031990898419,0.055884278969939055,0.0018876678528809763,1969,2.8797830392175072,2.8090245603831674,0.07075847883433997,0.0031851036145297603,2081
8.92,3.9938345342758432,-5.657943215357186,3.9938345342758432,4.12052536248872,-0.12669082821287692,-0.005077452587135552,2093,-6.896839824807053,-6.952924825010496,0.05608500020344267,0.0018969126902863495,1970,2.903005290531208,2.8323994625217734,0.07060582800943425,0.0031805398968492707,2081
8.93,3.9582649783062354,-5.664188784846297,3.9582649783062354,4.085002597813565,-0.12673761950732992,-0.005082083592184682,2093,-6.88446386866092,-6.940749012558495,0.05628514389757516,0.0019061388040332592,1970,2.9261988903546823,2.8557464147449285,0.07045247560975436,0.003175944788151368,2081
8.94,3.9226563558593126,-5.670378451078827,3.9226563558593126,4.049439487101579,-0.1267831312422665,-0.005086664436850698,2093,-6.872019965635777,-6.928504673726516,0.056484708090738175,0.0019153461030636085,1970,2.9493636097764626,2.8790651866249344,0.07029842315152794,0.0031713183337870477,2082
8.950000000000001,3.8870090183777886,-5.676512152965273,3.8870090183777886,4.013836381362746,-0.12682736298495792,-0.005091195075927912,2092,-6.859508238547918,-6.916191929374973,0.05668369082705438,0.0019245344965076986,1970,2.972499220170128,2.902355548012225,0.07014367215790315,0.003166660579420286,2082
8.96,3.8513233176865107,-5.6825898299684665,3.8513233176865107,3.978193632001775,-0.12687031431526402,-0.005095675464696384,2092,-6.846928810883041,-6.903810901039409,0.05688209015636905,0.0019337038936797016,1970,2.995605493196528,2.9256172690376334,0.06998822415889418,0.0031619715710165344,2082
8.97,3.8155996059889317,-5.688611422104192,3.8155996059889317,3.942511590814633,-0.12691198482570168,-0.0051001055589406635,2091,-6.834281806795018,-6.891361710929299,0.05707990413428111,0.001942854204082581,1970,3.018682200806085,2.9488501201146646,0.06983208069142058,0.003157251354858077,2082
8.98,3.779838235863659,-5.694576869941767,3.779838235863659,3.9067906099850718,-0.126952374121413,-0.005104485314939645,2091,-6.821567351104672,-6.878844481926832,0.057277130822159766,0.0019519853374082847,1970,3.0417291152410124,2.972053871941759,0.06967524329925322,0.0031524999775315466,2083
8.99,3.744039560260977,-5.7004861146046295,3.744039560260977,3.8710310420811527,-0.12699148182017558,-0.005108814689468649,2091,-6.808785569298549,-6.866259337585712,0.05747376828716287,0.001961097203537014,1971,3.0647460090375698,2.9952282955045573,0.06951771353301231,0.0031477174859315684,2083
9.0,3.70820393249937,-5.70633909777092,3.70820393249937,3.8352332400517657,-0.12702930755239547,-0.005113093639797184,2090,-6.795936587527675,-6.853606402129927,0.05766981460225038,0.0019701897125387457,1971,3.0877326550283035,3.018373162078159,0.0693594929501443,0.0031429039272582917,2083
9.01,3.672331706262012,-5.712135761674058,3.672331706262012,3.7993975572231475,-0.12706585096113493,-0.005117322123696641,2090,-6.783020532606315,-6.840885800452529,0.0578652678462146,0.0019792627746755553,1971,3.1106888263443,3.041488243229381,0.06920058311491954,0.003138059349020978,2083
9.02,3.6364232355932886,-5.717876049103312,3.6364232355932886,3.7635243472953928,-0.1271011117021037,-0.005121500099436255,2089,-6.7700375320107105,-6.828097658114405,0.05806012610369529,0.001988316300402145,1971,3.1336142964174196,3.0645733108190116,0.069040985598408,0.0031331837990342323,2084
9.03,3.6004788748953174,-5.72355990340436,3.6004788748953174,3.727613964338964,-0.127135089443647,-0.005125627525779572,2089,-6.756987713877843,-6.815242101343029,0.05825438746518601,0.001997350200362801,1971,3.156508838982522,3.0876281370040637,0.068880701978459,0.0031282773254164564,2084
9.040000000000001,3.5644989789244192,-5.7291872684798575,3.5644989789244192,3.691666762791199,-0.1271677838667803,-0.005129704361994223,2089,-6.743871207004143,-6.802319257031221,0.05844805002707788,0.0020063643853997066,1971,3.1793722280797225,3.110652494240021,0.06871973383970201,0.0031233399765945857,2084
9.05,3.5284839027876447,-5.734758088789982,3.5284839027876447,3.655683097452808,-0.12719919466516366,-0.005133730567843466,2088,-6.730688140844242,-6.789329252735894,0.058641111891651596,0.002015358766546306,1971,3.2022042380565945,3.1336461552830848,0.06855808277351007,0.0031183718012968084,2084
9.06,3.4924340019392615,-5.740272309352983,3.4924340019392615,3.619663323484377,-0.12722932154511582,-0.00513770610359025,2088,-6.71743864550968,-6.776272216676796,0.05883357116711641,0.0020243332550331553,1972,3.2250046435704167,3.1566088931924177,0.06839575037799861,0.0031133728485569453,2085
9.07,3.4563496321772313,-5.745729875745734,3.4563496321772313,3.5836077964028594,-0.12725816422562763,-0.005141630930000531,2087,-6.704122851767627,-6.763148277735245,0.0590254259676173,0.002033287762286762,1972,3.247773219590393,3.1795404813323827,0.06823273825801073,0.00310834316771395,2085
9.08,3.420231149639713,-5.7511307341042555,3.420231149639713,3.5475168720780688,-0.12728572243835606,-0.005145505008340688,2087,-6.690740891039589,-6.749957565452849,0.05921667441326117,0.002042222199931444,1972,3.270509741399874,3.2024406933747787,0.06806904802509528,0.003103282808409461,2085
9.09,3.384078910801554,-5.756474831124256,3.384078910801554,3.5113909067291647,-0.12731199592761114,-0.005149328300373473,2086,-6.677292895400119,-6.736700210030245,0.05940731463012643,0.0020511364797879696,1972,3.293213984598563,3.225309303301077,0.06790468129748631,0.00309819182058603,2085
9.1,3.3478932724707544,-5.761762114061657,3.3478932724707544,3.47523025692114,-0.12733698445038544,-0.005153100768367203,2086,-6.663778997575505,-6.723376342325793,0.05959734475028684,0.0020600305138765863,1972,3.3158857251047484,3.2481460854046493,0.06773963970009898,0.0030930702544906797,2086
9.11,3.3116745917849544,-5.76699253073311,3.3116745917849544,3.4390352795612973,-0.1273606877763431,-0.005156822375090876,2086,-6.65019933094246,-6.709986093854299,0.05978676291183852,0.00206890421441979,1972,3.338524739157504,3.270950814292998,0.06757392486450617,0.0030879181606713255,2086
9.120000000000001,3.275423226207901,-5.772166029516516,3.275423226207901,3.40280633189573,-0.12738310568782968,-0.005160493083816921,2085,-6.63655402952681,-6.696529596785712,0.05997556725890159,0.0020777574938381136,1973,3.361130803318908,3.2937232648899784,0.06740753842892969,0.0030827355899790765,2086
9.13,3.239139533525956,-5.777282559351526,3.239139533525956,3.3665437715057966,-0.12740423797984055,-0.005164112858312633,2085,-6.622843228002177,-6.683006983943821,0.06016375594164397,0.002086590264753152,1973,3.3837036944762198,3.3164632124380216,0.06724048203819775,0.0030775225935596694,2086
9.14,3.2028238718445032,-5.782342069740059,3.2028238718445032,3.3302479563045875,-0.12742408446008446,-0.005167681662858379,2084,-6.6090670616886324,-6.669418388804942,0.060351327116310034,0.002095402439991071,1973,3.4062431898441274,3.339170432500352,0.06707275734377523,0.003072279222867352,2087
9.15,3.1664765995844735,-5.787344510746789,3.1664765995844735,3.2939192445333987,-0.12744264494892535,-0.005171199462229601,2084,-6.595225666551379,-6.655763945496605,0.060538278945225385,0.002104193932579883,1973,3.428749066966903,3.361844700963202,0.06690436600370077,0.0030670055296495666,2087
9.16,3.1300980754787644,-5.792289832999645,3.1300980754787644,3.257557994758191,-0.12745991927942701,-0.00517466622171008,2084,-6.581319179199397,-6.64204378879622,0.06072460959682229,0.0021129646557525236,1973,3.4512211037206306,3.3844857940380257,0.06673530968260474,0.003061701565957463,2087
9.17,3.093688658568722,-5.797177987690289,3.093688658568722,3.221164565866054,-0.1274759072973318,-0.00517808190708574,2083,-6.567347736884103,-6.628258054129761,0.060910317245657965,0.0021217145229467074,1973,3.4736590783153782,3.4070934882637047,0.06656559005167342,0.0030563673841388825,2088
9.18,3.057248708200587,-5.80200892657461,3.057248708200587,3.18473931706166,-0.1274906088610731,-0.0051814464846475766,2083,-6.553311477497986,-6.614406877570418,0.06109540007243206,0.0021304434478067007,1973,3.496062769297398,3.429667560508757,0.06639520878864105,0.003051003036840872,2088
9.19,3.020778584021968,-5.806782601973191,3.020778584021968,3.1482826078637256,-0.12750402384175746,-0.005184759921186864,2082,-6.53921053957327,-6.600490395837262,0.06127985626399227,0.0021391513441803263,1974,3.5184319555513004,3.4522077879735367,0.066224167577764,0.003045608577006246,2088
9.200000000000001,2.9842786459782524,-5.811498966771787,2.9842786459782524,3.1117947981014553,-0.12751615212320278,-0.005188022184006701,2082,-6.525045062280511,-6.586508746293889,0.0614636840133788,0.002147838126127684,1974,3.5407664163022567,3.4747139481924334,0.06605246810982356,0.0030401840578789183,2088
9.21,2.9477492543091133,-5.816157974421777,2.9477492543091133,3.0752762479109976,-0.12752699360188433,-0.0051912332409052775,2082,-6.510815185427258,-6.572462066947067,0.061646881519810105,0.0021565037079122646,1974,3.5630659311181416,3.497185819036069,0.06588011208207302,0.003034729532992745,2089
9.22,2.9111907695448886,-5.820759578940634,2.9111907695448886,3.038727317731887,-0.1275365481869981,-0.0051943930601955944,2081,-6.496521049456647,-6.558350496445376,0.06182944698872975,0.002165148004010886,1974,3.585330279911755,3.519623178713489,0.06570710119826637,0.0030292450561844268,2089
9.23,2.8746035525030638,-5.825303734912386,2.8746035525030638,3.0021483683034855,-0.12754481580042212,-0.005197501610692944,2081,-6.48216279544603,-6.544174174077837,0.062011378631808056,0.002173770929108715,1974,3.6075592429429633,3.5420258057743514,0.06553343716861208,0.0030237306815839335,2089
9.24,2.837987964284695,-5.829790397488044,2.837987964284695,2.9655397606614256,-0.12755179637673042,-0.00520055886171938,2080,-6.467740565105574,-6.5299332397725385,0.062192674666965125,0.002182372398102978,1974,3.6297526008208765,3.5643934791111125,0.06535912170976368,0.0030181864636162833,2089
9.25,2.8013443662708664,-5.83421952238606,2.8013443662708664,2.928901856134042,-0.12755748986317622,-0.005203564783099391,2080,-6.453254500776875,-6.515627834095253,0.06237333331837802,0.0021909523260997404,1975,3.6519101345060077,3.58672597796121,0.06518415654479741,0.0030126124569997467,2090
9.26,2.7646731201190904,-5.83859106589276,2.7646731201190904,2.8922350163388133,-0.12756189621972272,-0.005206519345168829,2079,-6.438704745431538,-6.501258098248054,0.06255335281651651,0.002199510628420912,1975,3.6740316253124456,3.609023081909241,0.06500854340320504,0.003007008716747876,2090
9.27,2.727974587759758,-5.842904984862773,2.727974587759758,2.855539603178783,-0.12756501541902557,-0.005209422518769924,2079,-6.424091442669772,-6.48682417406792,0.06273273139814867,0.002208047220600966,1975,3.696116854910011,3.631284570889136,0.0648322840208753,0.003001375298168723,2090
9.28,2.6912491313925773,-5.847161236719463,2.6912491313925773,2.818815978838998,-0.12756684744642072,-0.005212274275247649,2079,-6.409414736718979,-6.472326204025334,0.06291146730635516,0.0022165620183869487,1975,3.7181656053264,3.6535102251863343,0.06465538014006594,0.0029957122568609208,2090
9.290000000000001,2.6544971134829654,-5.851359779455339,2.6544971134829654,2.7820645057829236,-0.12756739229995853,-0.005215074586460822,2078,-6.394674772432317,-6.457764331222876,0.0630895587905587,0.002225054937743779,1975,3.7401776589493494,3.67569982543995,0.06447783350939983,0.002990019648717179,2091
9.3,2.6177188967585074,-5.855500571632485,2.6177188967585074,2.745285546748877,-0.127566649990369,-0.005217823424770908,2078,-6.379871695287288,-6.443138699393817,0.0632670041065288,0.0022335258948494373,1975,3.7621527985287777,3.6978531526449365,0.064299645883841,0.0029842975299216494,2091
9.31,2.5809148442053598,-5.859583572382947,2.5809148442053598,2.7084794647464365,-0.12756462054107653,-0.005220520763047866,2077,-6.365005651384285,-6.428449452900691,0.06344380151640638,0.0022419748061002862,1976,3.784090807178923,3.719969988154251,0.06412081902467175,0.002978545956947985,2091
9.32,2.5440853190646573,-5.86360874140916,2.5440853190646573,2.6716466230528684,-0.12756130398821103,-0.005223166574673511,2077,-6.350076787445159,-6.413696736733881,0.06361994928872135,0.0022504015881105316,1976,3.805991468380502,3.7420501136810107,0.06394135469949166,0.0029727649865636456,2091
9.33,2.507230684828939,-5.867576038984332,2.507230684828939,2.634787385209534,-0.12755670038059477,-0.005225760833536913,2077,-6.335085250811772,-6.398880696510179,0.06379544569840763,0.002258806157712324,1976,3.8278545659828307,3.764093311300643,0.06376125468218755,0.0029669546758245725,2092
9.34,2.4703513052385766,-5.871485425952832,2.4703513052385766,2.597902115018307,-0.12755080977972977,-0.005228303514032214,2076,-6.320031189444538,-6.384001478471354,0.06397028902681592,0.002267188431956498,1976,3.8496798842059587,3.786099363453044,0.06358052075291426,0.002961115082075815,2092
9.35,2.4334475442781534,-5.8753368637305945,2.4334475442781534,2.560991176537978,-0.12754363225982476,-0.005230794591067053,2076,-6.304914751920961,-6.369059229482701,0.06414447756174074,0.002275548328115097,1976,3.871467207642807,3.8080680529447224,0.06339915469808441,0.0029552462629518373,2092
9.36,2.39651976617289,-5.879130314305481,2.39651976617289,2.524054934080667,-0.12753516790777722,-0.00523323404005677,2075,-6.289736087434182,-6.354054097031608,0.06431800959742594,0.0022838857636798817,1976,3.8932163212612916,3.82999916295094,0.06321715831035166,0.002949348276376914,2092
9.370000000000001,2.3595683353850383,-5.8828657402376665,2.3595683353850383,2.487093752208222,-0.12752541682318422,-0.005235621836928962,2075,-6.274495345791484,-6.33898622922608,0.0644908834345966,0.0022922006563664324,1977,3.914927010406443,3.851892477017856,0.06303453338858683,0.002943421180561972,2093
9.38,2.322593616610323,-5.886543104660003,2.322593616610323,2.4501079957286263,-0.12751437911830307,-0.005237957958111824,2074,-6.259192677412845,-6.323855774793292,0.06466309738044777,0.0023004929241081285,1977,3.9365990608025196,3.8737477790646637,0.06285128173785569,0.0029374650340037974,2093
9.39,2.2855959747742753,-5.890162371278394,2.2855959747742753,2.4130980296923936,-0.12750205491811803,-0.00524024238055546,2074,-6.243828233329415,-6.308662883078115,0.0648346497486995,0.002308762485067012,1977,3.9582322585551375,3.895564853385719,0.06266740516941893,0.002931479895488614,2093
9.4,2.2485757750286948,-5.893723504372131,2.2485757750286948,2.3760642193889674,-0.1274884443602728,-0.005242475081711315,2074,-6.228402165182059,-6.29340770404164,0.06500553885957998,0.0023170092576252324,1977,3.9798263901533626,3.91734348465267,0.062482905500692416,0.0029254658240858086,2093
9.41,2.211533382748001,-5.897226468794274,2.211533382748001,2.3390069303431176,-0.12747354759511653,-0.005244656039546968,2073,-6.212914625219842,-6.278090388259707,0.06517576303986539,0.0023252331603932056,1977,4.0013812424718385,3.939083457916587,0.06229778455525114,0.002919422879153768,2094
9.42,2.1744691635256514,-5.900671229971978,2.1744691635256514,2.3019265283113275,-0.12745736478567574,-0.005246785232538349,2073,-6.197365766298528,-6.262711086921409,0.06534532062288066,0.002333434112204456,1978,4.0228966027728745,3.96078455861008,0.06211204416279506,0.0029133511203339973,2094
9.43,2.137383483170523,-5.904057753906838,2.137383483170523,2.264823379278188,-0.1274398961076653,-0.005248862639673367,2072,-6.181755741879077,-6.247269951827604,0.06551420994852655,0.0023416120321206593,1978,4.044372258708552,3.9824465725494145,0.06192568615913795,0.0029072506075525843,2094
9.44,2.1002767077033155,-5.9073860071752335,2.1002767077033155,2.227697849452785,-0.1274211417494695,-0.005250888240447539,2072,-6.166084706026131,-6.2317671353894175,0.06568242936328673,0.002349766839429366,1978,4.065807998322814,4.004069285936631,0.06173871238618277,0.0029011214010180894,2094
9.450000000000001,2.0631492033529093,-5.910655956928643,2.0631492033529093,2.1905503052650843,-0.12740110191217494,-0.005252862014874246,2071,-6.15035281340648,-6.216202790626737,0.06584997722025729,0.0023578984536487308,1978,4.087203610053569,4.025652485361652,0.061551124691916856,0.002894963561225561,2094
9.46,2.0260013365528033,-5.913867570893987,2.0260013365528033,2.153381113362315,-0.12737977680951168,-0.005254783943468463,2071,-6.134560219287565,-6.200577071166702,0.06601685187913789,0.002366006794520533,1978,4.1085588827347586,4.0471959578043855,0.06136292493037301,0.002888777148947667,2095
9.47,1.9888334739374356,-5.917020817373932,1.9888334739374356,2.1161906406053532,-0.12735716666791735,-0.005256654007266317,2071,-6.118707079535906,-6.184890131242187,0.06618305170628115,0.0023740917820219525,1978,4.129873605598469,4.068699490636833,0.06117411496163581,0.0028825622252443834,2095
9.48,1.9516459823386054,-5.920115665247207,1.9516459823386054,2.0789792540650973,-0.12733327172649214,-0.005258472187812287,2070,-6.102793550615596,-6.169142125690282,0.06634857507468626,0.002382153336358391,1979,4.151147568276989,4.090162871625184,0.06098469665180507,0.0028763188514538992,2095
9.49,1.9144392287818346,-5.9231520839689145,1.9144392287818346,2.041747321018848,-0.1273080922370135,-0.0052602384671644915,2070,-6.086819789586735,-6.1533332099507625,0.06651342036402601,0.0023901913779673743,1979,4.172380560804899,4.111585888931913,0.0607946718729863,0.0028700470891969243,2095
9.5,1.8772135804827716,-5.926130043570826,1.8772135804827716,2.0044952089466825,-0.12728162846391078,-0.005261952827888152,2069,-6.070785954103903,-6.137463540064552,0.06667758596064834,0.0023982058275162366,1979,4.19357237362113,4.132968331117868,0.06060404250326204,0.0028637470003718673,2096
9.51,1.8399694048435313,-5.929049514661683,1.8399694048435313,1.9672232855278278,-0.12725388068429658,-0.005263615253066582,2069,-6.0546922024145795,-6.121533272672188,0.06684107025760823,0.002406196605907394,1979,4.214722797571047,4.154309987144359,0.060412810426687134,0.002857418647159148,2096
9.52,1.8027070694490857,-5.931910468427485,1.8027070694490857,1.9299319186370312,-0.12722484918794563,-0.0052652257262947345,2069,-6.0385386933575935,-6.105542565012274,0.06700387165468036,0.0024141636342767895,1979,4.235831623908505,4.175610646375242,0.06022097753326326,0.0028510620920177256,2096
9.53,1.7654269420636515,-5.934712876631771,1.7654269420636515,1.8926214763409306,-0.127194534277279,-0.005266784231676138,2068,-6.022325586361562,-6.089491574919925,0.06716598855836231,0.0024221068339927054,1979,4.25689864429791,4.1968700985789935,0.060028545718915895,0.0028446773976833644,2096
9.540000000000001,1.7281293906270259,-5.937456711615906,1.7281293906270259,1.8552923268944206,-0.12716293626739486,-0.0052682907538331375,2068,-6.006053041443302,-6.073380460825212,0.06732741938191031,0.002430026126661625,1980,4.277923650816275,4.218088133930791,0.059835516885484726,0.002838264627171702,2097
9.55,1.690814783250989,-5.940141946299345,1.690814783250989,1.8179448387370198,-0.12713005548603104,-0.0052697452778965315,2067,-5.989721219206266,-6.0572093817516,0.06748816254533456,0.00243792143412298,1980,4.298906435955275,4.239264543014579,0.05964189294069668,0.0028318238437735803,2097
9.56,1.6534834882156564,-5.942768554179907,1.6534834882156564,1.780579380489233,-0.1270958922735769,-0.005271147789510703,2067,-5.973330280838947,-6.0409784973143745,0.06764821647542772,0.0024457926784541757,1980,4.319846792623289,4.2603991168251385,0.05944767579815077,0.0028253551110569222,2097
9.57,1.6161358739658331,-5.945336509334032,1.6161358739658331,1.7431963209489136,-0.12706044698308058,-0.0052724982748365845,2066,-5.9568803881132855,-6.024687967719067,0.06780757960578096,0.0024536397819709824,1980,4.340744514147451,4.281491646770151,0.059252867377300615,0.0028188584928658723,2097
9.58,1.5787723091073889,-5.947845786417039,1.5787723091073889,1.7057960290876233,-0.12702371998023465,-0.005273796720548066,2066,-5.940371703383083,-6.008337953759878,0.06796625037679495,0.0024614626672271084,1980,4.361599394275693,4.302541924672252,0.05905746960344091,0.0028123340533211974,2098
9.59,1.5413931624036352,-5.950296360663377,1.5413931624036352,1.6683788740469911,-0.12698571164335581,-0.005275043113827942,2066,-5.923804389582394,-5.991928616818086,0.06812422723569189,0.0024692612570139565,1981,4.382411227178757,4.3235497427710925,0.05886148440766373,0.0028057818568140063,2098
9.6,1.5039988027716544,-5.952688207886867,1.5039988027716544,1.6309452251350691,-0.1269464223634149,-0.005276237442378001,2065,-5.907178610223917,-5.975460118860456,0.06828150863653853,0.0024770354743638475,1981,4.403179807452261,4.344514893725385,0.05866491372687598,0.002799201968014021,2098
9.61,1.4665895992786793,-5.955021304480942,1.4665895992786793,1.5934954518226891,-0.1269058525440102,-0.00527737969441188,2065,-5.890494529397381,-5.95893262243764,0.06843809304025811,0.0024847852425501234,1981,4.423904930118701,4.365437170614949,0.058467759503750924,0.0027925944518615237,2098
9.620000000000001,1.4291659211384347,-5.957295627418881,1.4291659211384347,1.5560299237398139,-0.12686400260137956,-0.005278469858659785,2064,-5.873752311767925,-5.942346290682573,0.0685939789146486,0.0024925104850872975,1981,4.444586390629489,4.386316366942758,0.058270023686731336,0.002785959373572476,2099
9.63,1.3917281377075361,-5.959511154254035,1.3917281377075361,1.518549010671891,-0.1268208729643547,-0.00527950792435734,2064,-5.856952122574485,-5.925701287308866,0.06874916473438042,0.0025002111257289186,1981,4.465223984866948,4.407152276636974,0.05807170822997388,0.0027792967986283164,2099
9.64,1.3542766184817772,-5.96166786312005,1.3542766184817772,1.4810530825562025,-0.12677646407442547,-0.005280493881265454,2063,-5.8400941276281415,-5.908997776609184,0.06890364898104243,0.0025078870884758103,1982,4.485817509146362,4.42794469405298,0.057872815093382456,0.0027726067927894755,2099
9.65,1.3168117330925424,-5.963765732731077,1.3168117330925424,1.4435425094782146,-0.12673077638567232,-0.0052814277196513125,2063,-5.823178493310501,-5.89223592345363,0.06905743014313007,0.0025155382975694017,1982,4.506366760217956,4.448693413975415,0.05767334624254146,0.0027658894220817885,2099
9.66,1.2793338513031205,-5.965804742381993,1.2793338513031205,1.4060176616679239,-0.12668381036480328,-0.005282309430301404,2063,-5.806205386572045,-5.875415893288119,0.06921050671607482,0.0025231646774967163,1982,4.526871535268923,4.469398231620194,0.057473303648729254,0.00275914475280503,2099
9.67,1.2418433430050744,-5.967784871948592,1.2418433430050744,1.3684789094962035,-0.12663556649112934,-0.005283139004514803,2062,-5.789174974930482,-5.858537852132737,0.06936287720225445,0.002530766152989583,1982,4.547331631925406,4.490058942636531,0.05727268928887447,0.002752372851525021,2100
9.68,1.2043405782145795,-5.969706101887801,1.2043405782145795,1.330926623471148,-0.12658604525656833,-0.005283916434106426,2062,-5.7720874264691,-5.841601966580108,0.06951454011100819,0.002538342649026289,1982,4.567746848254519,4.510675343108959,0.05707150514555996,0.0027455737850801912,2100
9.69,1.1668259270687953,-5.971568413237851,1.1668259270687953,1.2933611742344164,-0.12653524716562134,-0.005284641711401435,2061,-5.754942909835107,-5.824608403793753,0.06966549395864703,0.0025458940908296775,1983,4.5881169827663095,4.531247229559336,0.056869753206974315,0.002738747620571791,2100
9.700000000000001,1.1292997598221668,-5.973371787618479,1.1292997598221668,1.2557829325575744,-0.12648317273540755,-0.00528531482924734,2061,-5.737741594237952,-5.807557331506433,0.06981573726848157,0.002553420403872849,1983,4.608441834415783,4.551774398948857,0.05666743546692536,0.002731894425374411,2100
9.71,1.0917624468428364,-5.975116207231113,1.0917624468428364,1.218192269338435,-0.1264298224955986,-0.005285935780995758,2060,-5.7204836494476865,-5.790448918018498,0.0699652685708117,0.002560921513872306,1983,4.628721202604849,4.572256648680063,0.05646455392478611,0.002725014267123403,2101
9.72,1.0542143586089179,-5.976801654859035,1.0542143586089179,1.1805895555973982,-0.12637519698848032,-0.005286504560523139,2060,-5.703169245793257,-5.773283332196228,0.07011408640297107,0.002568397346797427,1983,4.6489548871843365,4.5926937765988285,0.056261110585508256,0.0027181072137254787,2101
9.73,1.0166558657048834,-5.978428113867554,1.0166558657048834,1.1429751624737887,-0.12631929676890521,-0.005287021162217098,2060,-5.685798554160831,-5.756060743470158,0.07026218930932716,0.002575847828867158,1983,4.6691426884559455,4.613085580996368,0.05605710745957766,0.002711173333349869,2101
9.74,0.9790873388178896,-5.9799955682041785,0.9790873388178896,1.1053494612221924,-0.12626212240430273,-0.005287485580981504,2059,-5.668371745992122,-5.738781321833414,0.07040957584129157,0.00258327288654895,1984,4.689284407174232,4.63343186061122,0.05585254656301118,0.0027042126944327397,2101
9.75,0.9415091487341409,-5.981504002398768,0.9415091487341409,1.067712823208793,-0.1262036744746522,-0.005287897812230625,2059,-5.650888993282699,-5.721445237840033,0.07055624455733353,0.002590672446559453,1984,4.709379844548557,4.653732414631238,0.05564742991731848,0.0026972253656711042,2102
9.76,0.9039216663351964,-5.982953401563683,0.9039216663351964,1.0300656199077074,-0.12614395357251082,-0.005288257851899173,2058,-5.633350468580268,-5.704052662603278,0.07070219402300938,0.002598046435871032,1984,4.72942880224507,4.673987042695568,0.05544175954950204,0.0026902114160283334,2102
9.77,0.8663252625943278,-5.984343751393942,0.8663252625943278,0.9924082228973174,-0.12608296030298957,-0.005288565696436196,2058,-5.615756344982985,-5.686603767793948,0.07084742281096411,0.002605394781706218,1984,4.749431082388655,4.69419554489663,0.05523553749202616,0.0026831709147301847,2102
9.78,0.8287203085728727,-5.985675038167352,0.8287203085728727,0.9547410038566048,-0.12602069528373205,-0.005288821342801387,2057,-5.598106796137752,-5.669098725638693,0.07099192950094088,0.0026127174115397754,1984,4.769386487564878,4.714357721782087,0.055028765782791485,0.002676103931261659,2102
9.790000000000001,0.7911071754165344,-5.986947248744649,0.7911071754165344,0.9170643345614805,-0.12595715914494615,-0.005289024788476101,2057,-5.580401996238485,-5.651537708918299,0.0711357126798137,0.0026200142531028797,1985,4.78929482082195,4.734473374356817,0.05482144646513266,0.00266901053537323,2102
9.8,0.7534862343517575,-5.98816037056963,0.7534862343517575,0.8793785868811178,-0.1258923525293602,-0.005289176031451782,2057,-5.562642120024416,-5.633920890965996,0.0712787709415794,0.002627285234378473,1985,4.809155885672657,4.754542304084876,0.05461358158778091,0.0026618907970732235,2103
9.81,0.7158578566820479,-5.98931439166927,0.7158578566820479,0.8416841327742808,-0.1258262760922329,-0.00528927507023572,2056,-5.544827342778354,-5.616248445665739,0.07142110288738551,0.002634530283605875,1985,4.828969486096304,4.774564312891456,0.05440517320484898,0.0026547447866301778,2103
9.82,0.678222413784296,-5.99040930065385,0.678222413784296,0.8039813442856537,-0.12575893050135756,-0.0052893219038535715,2056,-5.526957840324955,-5.598520547450496,0.07156270712554137,0.002641749329280504,1985,4.8487354265406575,4.79453920316484,0.05419622337581679,0.0026475725745731013,2103
9.83,0.6405802771051244,-5.991445086717058,0.6405802771051244,0.7662705935421681,-0.12569031643704362,-0.005289316531845535,2055,-5.509033789028993,-5.580737371300529,0.07170358227153562,0.00264894230015549,1985,4.868453511923867,4.8144667777583585,0.0539867341655092,0.0026403742316902633,2103
9.84,0.602931818157236,-5.992421739636105,0.602931818157236,0.7285522527493318,-0.12562043459209588,-0.005289258954262751,2055,-5.491055365793623,-5.562899092741658,0.07184372694803381,0.0026561091252383672,1986,4.888123547636387,4.834346839992325,0.05377670764406256,0.0026331498290244944,2104
9.85,0.5652774085157154,-5.99333924977182,0.5652774085157154,0.6908266941875539,-0.12554928567183843,-0.005289149171676624,2054,-5.473022748058622,-5.545005887843537,0.07198313978491423,0.0026632497337975574,1986,4.907745339542905,4.854179193655981,0.05356614588692399,0.002625899437878865,2104
9.86,0.5276174198143848,-5.994197608068748,0.5276174198143848,0.653094290208471,-0.12547687039408617,-0.005288987185171781,2054,-5.454936113798647,-5.527057933217912,0.07212181941926547,0.0026703640553593245,1986,4.927318693984261,4.87396364300944,0.05335505097482031,0.00261862312981222,2104
9.870000000000001,0.48995222374211755,-5.994996806055241,0.48995222374211755,0.6153554132312714,-0.12540318948915383,-0.005288772996350741,2054,-5.436795641521469,-5.509055406016882,0.07225976449541345,0.0026774520197103816,1986,4.946843417779349,4.893699992785608,0.053143424993740564,0.002611320976640203,2104
9.88,0.4522821920392144,-5.995736835843536,0.4522821920392144,0.5776104357390217,-0.1253282436998073,-0.0052885066073225075,2053,-5.418601510266238,-5.490998483931143,0.07239697366490556,0.0026845135568931036,1986,4.966319318227022,4.913388048192121,0.05293127003490185,0.0026039930504295214,2104
9.89,0.4146076964936642,-5.996417690129836,0.4146076964936642,0.5398597302749885,-0.12525203378132424,-0.005288188020722504,2053,-5.400353899601676,-5.472887345188244,0.0725334455865695,0.0026915485972168625,1987,4.985746203108009,4.933027614913255,0.052718588194754855,0.0025966394235056446,2105
9.9,0.3769291089375388,-5.997039362194389,0.3769291089375388,0.5021036694389626,-0.12517456050142375,-0.005287817239693109,2052,-5.382052989624337,-5.454722168550821,0.072669178926483,0.0026985570712477745,1987,5.005123880686798,4.952618499111856,0.05250538157494173,0.0025892601684454524,2105
9.91,0.3392468012432807,-5.997601845901539,0.3392468012432807,0.46434262588358144,-0.1250958246403007,-0.005287394267896919,2052,-5.363698960956816,-5.436503133314832,0.07280417235801684,0.00270553890981688,1987,5.024452159713533,4.97216050743125,0.05229165228228416,0.002581855358079959,2105
9.92,0.30156114532005374,-5.9981051356998,0.30156114532005374,0.42657697231065067,-0.12501582699059693,-0.005286919109509648,2051,-5.345291994745961,-5.418230419307795,0.07293842456183477,0.0027124940440177857,1987,5.043730849425906,4.991653446997143,0.052077402428762694,0.0025744250654920527,2105
9.93,0.2638725131100623,-5.998549226621905,0.2638725131100623,0.38880708146746573,-0.12493456835740344,-0.005286391769223367,2051,-5.326832272661098,-5.399904206887007,0.07307193422590871,0.002719422405206892,1987,5.062959759551035,5.011097125419539,0.051862634131495264,0.0025669693640165297,2106
9.94,0.2261812765849015,-5.998934114284854,0.2261812765849015,0.35103332614313393,-0.12485204955823243,-0.005285812252240842,2051,-5.308319976892236,-5.3815246769377625,0.07320470004552662,0.002726323925004341,1988,5.082138700307333,5.030491350794627,0.05164734951270539,0.002559488327236195,2106
9.950000000000001,0.18848780774184318,-5.999259794889964,0.18848780774184318,0.31325607916489323,-0.12476827142305005,-0.005285180564287342,2050,-5.289755290148251,-5.363092010871574,0.07333672072332276,0.0027331985352981787,1988,5.1012674824064055,5.04983593170668,0.05143155069972695,0.0025519820289890555,2106
9.96,0.1507924786002287,-5.9995262652228964,0.1507924786002287,0.2754757133944355,-0.12468323479420682,-0.005284496711592343,2050,-5.271138395655119,-5.344606390624379,0.07346799496925935,0.0027400461682364078,1988,5.120345917054888,5.069130677229941,0.051215239824947724,0.002544450543355962,2106
9.97,0.11309566119772782,-5.999733522653699,0.11309566119772782,0.23769260172422454,-0.12459694052649672,-0.005283760700910211,2049,-5.252469477154066,-5.326067998654739,0.07359852150067278,0.002746866756238429,1988,5.139373815956337,5.0883753969305126,0.0509984190258245,0.002536893944671931,2106
9.98,0.07539772758670951,-5.999881565136822,0.07539772758670951,0.19990711707381617,-0.12450938948710666,-0.005282972539506218,2049,-5.233748718899782,-5.307477017942051,0.07372829904226956,0.0027536602319891685,1988,5.158350991313071,5.107569900868232,0.05078109044483854,0.002529312307517361,2107
9.99,0.03769904983055388,-5.999970391211149,0.03769904983055388,0.16211963238617724,-0.12442058255562338,-0.005282132235161686,2048,-5.214976305658588,-5.288833631984729,0.07385732632613985,0.0027604265284406934,1989,5.1772772558280336,5.126713999598549,0.050563256229483676,0.002521705706720937,2107
10.0,1.4695761589768238e-15,-6.0,1.4695761589768238e-15,0.12433052062400578,-0.12433052062400432,-0.0052812397961681445,2048,-5.196152422706633,-5.270138024798399,0.07398560209176622,0.00276716557881262,1989,5.196152422706629,5.145807504174392,0.05034491853223766,0.002514074217355399,2107
10.01,-0.037699049830550946,-5.999970391211149,-0.037699049830550946,0.08654015476604947,-0.1242392045966004,-0.0052802952313366815,2048,-5.177277255828037,-5.251390380914085,0.07411312508604828,0.0027738773165946946,1989,5.2149763056585865,5.164850226148034,0.05012607951055183,0.002506417914741761,2107
10.02,-0.07539772758670657,-5.999881565136822,-0.07539772758670657,0.04874890780342404,-0.1241466353901306,-0.005279298549992256,2047,-5.158350991313074,-5.23259088537638,0.07423989406330748,0.002780561675546892,1989,5.233748718899778,5.183841977572955,0.049906741326823295,0.002498736874445416,2108
10.03,-0.11309566119772489,-5.999733522653699,-0.11309566119772489,0.01095715273593307,-0.12405281393365795,-0.005278249761969775,2047,-5.13937381595634,-5.213739723741631,0.07436590778529109,0.0027872185896964017,1990,5.252469477154063,5.202782571005697,0.04968690614836789,0.00249103117227362,2108
10.040000000000001,-0.1507924786002311,-5.9995262652228964,-0.1507924786002311,-0.026834737431614398,-0.1239577411686167,-0.005277148877624751,2046,-5.120345917054889,-5.194837082076093,0.07449116502120313,0.00279384799334471,1990,5.271138395655119,5.221671819507706,0.049466576147413024,0.0024833008842799686,2108
10.05,-0.1884878077418509,-5.999259794889964,-0.1884878077418509,-0.06462638969308468,-0.12386141804876621,-0.005275995907821842,2046,-5.101267482406404,-5.1758831469541065,0.07461566454770212,0.0028004498210625764,1990,5.289755290148254,5.240509536647189,0.04924575350106428,0.0024755460867592434,2108
10.06,-0.22618127658489853,-5.998934114284854,-0.22618127658489853,-0.10241743104470044,-0.12376384554019809,-0.005274790863940359,2045,-5.082138700307335,-5.156878105456249,0.07473940514891286,0.0028070240076928524,1990,5.308319976892233,5.2592955365009475,0.04902444039128553,0.002467766856247407,2108
10.07,-0.2638725131100594,-5.998549226621905,-0.2638725131100594,-0.14020748848872272,-0.12366502462133665,-0.005273533757876711,2045,-5.062959759551037,-5.1378221451674895,0.074862385616452,0.002813570488353196,1990,5.326832272661096,5.27802963365621,0.04880263900488544,0.002459963269523648,2109
10.08,-0.3015611453200508,-5.9981051356998,-0.3015611453200508,-0.17799618903713268,-0.12356495628291814,-0.005272224602040493,2045,-5.043730849425909,-5.118715454175336,0.07498460474942796,0.0028200891984339104,1991,5.34529199474596,5.296711643212469,0.04858035153349042,0.0024521354036067438,2109
10.09,-0.3392468012432778,-5.997601845901539,-0.3392468012432778,-0.21578315971531178,-0.123463641527966,-0.0052708634093506,2044,-5.024452159713537,-5.099558221067986,0.07510606135445051,0.002826580073597238,1991,5.363698960956812,5.315341380783298,0.04835758017351439,0.002444283335753107,2109
10.1,-0.3769291089375359,-5.997039362194389,-0.3769291089375359,-0.2535680275657235,-0.1233610813718124,-0.005269450193244521,2044,-5.0051238806868,-5.080350634932455,0.07522675424565461,0.0028330430497831433,1991,5.382052989624336,5.333918662498179,0.04813432712615803,0.0024364071434614274,2109
10.11,-0.41460769649366125,-5.996417690129836,-0.41460769649366125,-0.2913504196515943,-0.12325727684206696,-0.005267984967671293,2043,-4.985746203108012,-5.061092885352716,0.07534668224470359,0.0028394780632055123,1991,5.400353899601673,5.35244330500431,0.04791059459736342,0.002428506904465751,2109
10.120000000000001,-0.45228219203921677,-5.995736835843535,-0.45228219203921677,-0.32912996306059505,-0.12315222897862169,-0.005266467747095865,2043,-4.966319318227022,-5.041785162407828,0.07546584418080585,0.002845885050355593,1992,5.418601510266237,5.3709151254684215,0.04768638479781564,0.0024205826967401657,2110
10.13,-0.48995222374211994,-5.994996806055241,-0.48995222374211994,-0.36690628490851973,-0.12304593883360024,-0.005264898546487595,2042,-4.94684341777935,-5.022427656670058,0.07558423889070849,0.0028522639479968462,1992,5.436795641521469,5.3893339415785775,0.047461699942891095,0.0024126345984905933,2110
10.14,-0.5276174198143817,-5.994197608068748,-0.5276174198143817,-0.4046790123429669,-0.12293840747141485,-0.0052632773813401056,2042,-4.9273186939842635,-5.003020559203007,0.07570186521874347,0.002858614693175933,1992,5.454936113798643,5.407699571545972,0.04723654225267102,0.0024046626881640137,2110
10.15,-0.5652774085157125,-5.99333924977182,-0.5652774085157125,-0.4424477725470191,-0.12282963596869349,-0.005261604267651763,2042,-4.907745339542909,-4.983564061559713,0.07581872201680448,0.00286493722321303,1992,5.47302274805862,5.426011834106731,0.04701091395188901,0.0023966670444388683,2110
10.16,-0.602931818157233,-5.992421739636105,-0.602931818157233,-0.48021219274292243,-0.12271962541431052,-0.00525987922193853,2041,-4.88812354763639,-4.96405835578077,0.0759348081443804,0.002871231475708989,1992,5.491055365793622,5.444270548523692,0.046784817269931014,0.002388647746229688,2110
10.17,-0.6405802771051217,-5.991445086717058,-0.6405802771051217,-0.5179719001957662,-0.12260837690935543,-0.005258102261227119,2041,-4.868453511923871,-4.944503634392428,0.07605012246855686,0.0028774973885432893,1993,5.509033789028991,5.462475534588192,0.04655825444079956,0.0023806048726840385,2111
10.18,-0.6782224137842933,-5.99040930065385,-0.6782224137842933,-0.5557265222171619,-0.12249589156713138,-0.0052562734030578455,2040,-4.848735426540661,-4.924900090404692,0.07616466386403055,0.00288373489987515,1993,5.526957840324952,5.480626612621852,0.04633122770310022,0.002372538503182686,2111
10.19,-0.7158578566820448,-5.98931439166927,-0.7158578566820448,-0.5934756861689201,-0.12238217051312483,-0.005254392665478861,2040,-4.828969486096307,-4.905247917309422,0.0762784312131156,0.0028899439481427976,1993,5.544827342778351,5.498723603478341,0.04610373930000984,0.0023644487173362415,2111
10.200000000000001,-0.7534862343517652,-5.98816037056963,-0.7534862343517652,-0.6312190194667303,-0.12226721488503497,-0.005252460067057984,2039,-4.809155885672655,-4.88554730907842,0.07639142340576502,0.0028961244720679714,1993,5.562642120024418,5.51676632854515,0.045875791479268554,0.002356335594989719,2111
10.21,-0.791107175416537,-5.986947248744649,-0.791107175416537,-0.6689561495838358,-0.12215102583270113,-0.005250475626864164,2039,-4.78929482082195,-4.865798460161515,0.07650363933956437,0.002902276410650163,1994,5.580401996238485,5.534754609745351,0.04564738649313527,0.002348199216213656,2111
10.22,-0.8287203085728697,-5.985675038167352,-0.8287203085728697,-0.7066867040547113,-0.12203360451815827,-0.005248439364487892,2039,-4.769386487564882,-4.846001565484644,0.07661507791976196,0.0029083997031744803,1994,5.59810679613775,5.552688269539355,0.04541852659839482,0.0023400396613130914,2112
10.23,-0.8663252625943251,-5.984343751393942,-0.8663252625943251,-0.7444103104787401,-0.12191495211558499,-0.005246351300027574,2038,-4.749431082388659,-4.826156820447931,0.07672573805927203,0.002914494289208124,1994,5.615756344982984,5.570567130926671,0.04518921405631266,0.0023318570108195177,2112
10.24,-0.9039216663351936,-5.982953401563683,-0.9039216663351936,-0.7821265965238883,-0.12179506981130522,-0.005244211454093867,2038,-4.729428802245073,-4.806264420923754,0.07683561867868191,0.002920560108601338,1994,5.633350468580265,5.588391017447642,0.0449594511326229,0.002323651345492694,2112
10.25,-0.9415091487341379,-5.981504002398768,-0.9415091487341379,-0.81983518993038,-0.1216739588037579,-0.0052420198478043125,2037,-4.70937984454856,-4.786324563254817,0.07694471870625678,0.002926597101485486,1994,5.650888993282695,5.606159753185197,0.044729240097499734,0.0023154227463185817,2112
10.26,-0.9790873388178868,-5.9799955682041785,-0.9790873388178868,-0.8575357185143708,-0.12155162030351585,-0.005239776502792223,2037,-4.689284407174235,-4.766337444252207,0.07705303707797229,0.0029326052082807334,1995,5.668371745992121,5.623873162766577,0.04449858322554307,0.0023071712945115118,2112
10.27,-1.0166558657048805,-5.978428113867554,-1.0166558657048805,-0.895227810171623,-0.12142805553325754,-0.005237481441200972,2036,-4.669142688455948,-4.7463032611934555,0.0771605727375066,0.002938584369691165,1995,5.6857985541608285,5.641531071365077,0.04426748279575074,0.00229889707150984,2113
10.28,-1.054214358608915,-5.976801654859035,-1.054214358608915,-0.9329110928811749,-0.12130326572773997,-0.005235134685679925,2036,-4.64895488718434,-4.7262222118205885,0.07726732463624832,0.0029445345267038424,1995,5.703169245793253,5.659133304701763,0.044035941091490664,0.0022906001589760357,2113
10.290000000000001,-1.0917624468428386,-5.975116207231114,-1.0917624468428386,-0.9705851947090157,-0.121177252133823,-0.005232736259395037,2036,-4.628721202604851,-4.706094494338179,0.07737329173332753,0.0029504556205960965,1995,5.720483649447688,5.6766796890471936,0.04380396040049527,0.0022822806387989966,2113
10.3,-1.1292997598221743,-5.973371787618479,-1.1292997598221743,-1.0082497438117544,-0.12105001601042005,-0.005230286186017103,2035,-4.608441834415781,-4.685920307411384,0.07747847299560227,0.002956347592929289,1996,5.737741594237955,5.6941700512231375,0.043571543014817776,0.002273938593087844,2113
10.31,-1.1668259270687924,-5.971568413237851,-1.1668259270687924,-1.0459043684402898,-0.12092155862850264,-0.00522778448972747,2035,-4.588116982766313,-4.665699850163991,0.07758286739767763,0.002962210385551893,1996,5.754942909835104,5.71160421860428,0.04333869123082502,0.0022655741041755903,2113
10.32,-1.2043405782145766,-5.969706101887801,-1.2043405782145766,-1.0835486969434804,-0.12079188127109619,-0.005225231195219714,2034,-4.567746848254523,-4.64543332217645,0.07768647392192715,0.0029680439406028214,1996,5.772087426469098,5.728982019119929,0.04310540734916884,0.0022571872546169013,2114
10.33,-1.2418433430050713,-5.967784871948594,-1.2418433430050713,-1.121182357771812,-0.12066098523325916,-0.005222626327696394,2034,-4.5473316319254105,-4.625120923483901,0.07778929155849057,0.002973848200509002,1996,5.789174974930482,5.74630328125571,0.04287169367477019,0.002248778127187729,2114
10.34,-1.2793338513031174,-5.965804742381993,-1.2793338513031174,-1.1588049794810646,-0.12052887182205282,-0.00521996991286448,2033,-4.526871535268927,-4.6047628545742025,0.07789131930527686,0.0029796231079838027,1997,5.806205386572042,5.763567834055265,0.04263755251677696,0.0022403468048809152,2114
10.35,-1.3168117330925393,-5.963765732731078,-1.3168117330925393,-1.1964161907359783,-0.12039554235656114,-0.005217261976944925,2033,-4.506366760217961,-4.584359316385956,0.07799255616799455,0.0029853686060330314,1997,5.8231784933104995,5.780775507121932,0.04240298618856798,0.002231893370912055,2114
10.36,-1.3542766184817743,-5.96166786312005,-1.3542766184817743,-1.2340156203139188,-0.12026099816785558,-0.005214502546665017,2033,-4.485817509146367,-4.563910510306513,0.07809300116014689,0.002991084637952367,1997,5.84009412762814,5.7979261306204295,0.04216799700771009,0.002223417908712769,2114
10.370000000000001,-1.3917281377075388,-5.959511154254036,-1.3917281377075388,-1.2716028971085414,-0.12012524059899733,-0.005211691649262872,2032,-4.465223984866949,-4.543416638169998,0.07819265330304936,0.002996771147329008,1997,5.856952122574486,5.815019535278537,0.04193258729594936,0.002214920501934237,2115
10.38,-1.4291659211384364,-5.957295627418881,-1.4291659211384364,-1.3091776501334524,-0.11998827100498419,-0.005208829312475989,2032,-4.444586390629491,-4.522877902255312,0.07829151162582176,0.0030024280780370665,1997,5.873752311767926,5.832055552388762,0.04169675937916421,0.002206401234439044,2115
10.39,-1.4665895992786762,-5.955021304480942,-1.4665895992786762,-1.346739508525872,-0.11985009075280424,-0.005205915564560801,2031,-4.423904930118706,-4.502294505284133,0.07838957516542713,0.0030080553742486815,1998,5.890494529397381,5.849034013810002,0.0414605155873781,0.0021978601903120632,2115
10.4,-1.5039988027716513,-5.952688207886867,-1.5039988027716513,-1.3842881015502928,-0.11971070122135873,-0.0052029504342727215,2031,-4.403179807452265,-4.481666650418921,0.07848684296665581,0.0030136529804244356,1998,5.907178610223916,5.865954751969212,0.041223858254703906,0.002189297453848409,2115
10.41,-1.5413931624036323,-5.950296360663377,-1.5413931624036323,-1.4218230586021403,-0.1195701038014921,-0.005199933950879504,2030,-4.382411227178761,-4.46099454126091,0.0785833140821486,0.0030192208413193766,1998,5.923804389582393,5.882817599863048,0.04098678971934469,0.002180713109560124,2115
10.42,-1.578772309107386,-5.947845786417039,-1.578772309107386,-1.4593440092114303,-0.11942829989595559,-0.005196866144153826,2030,-4.3615993942756965,-4.440278381848098,0.07867898757240144,0.003024758901982471,1998,5.940371703383082,5.899622391059527,0.04074931232355475,0.0021721072421711732,2116
10.43,-1.61613587396583,-5.945336509334032,-1.61613587396583,-1.496850583046426,-0.11928529091940408,-0.005193747044375953,2030,-4.340744514147456,-4.419518376653235,0.07877386250577899,0.0030302671077570504,1999,5.9568803881132855,5.91636895969966,0.04051142841362608,0.0021634799366189858,2116
10.44,-1.6534834882156533,-5.942768554179907,-1.6534834882156533,-1.5343424099172904,-0.11914107829836264,-0.005190576682328408,2029,-4.319846792623292,-4.398714730581802,0.0788679379585098,0.0030357454042785545,1999,5.973330280838946,5.933057140499091,0.04027314033985423,0.0021548312780500616,2116
10.450000000000001,-1.6908147832509965,-5.940141946299345,-1.6908147832509965,-1.5718191197797446,-0.11899566347125204,-0.005187355089306942,2029,-4.298906435955274,-4.377867648969993,0.07896121301471819,0.0030411937374811206,1999,5.989721219206269,5.949686768749737,0.04003445045653346,0.0021461613518255892,2116
10.46,-1.7281293906270283,-5.937456711615906,-1.7281293906270283,-1.6092803427387143,-0.11884904788831399,-0.005184082297102325,2028,-4.277923650816277,-4.356977337582683,0.07905368676640664,0.0030466120535904916,1999,6.006053041443304,5.966257680321397,0.039795361121907534,0.002137470243511688,2116
10.47,-1.7654269420636488,-5.934712876631771,-1.7654269420636488,-1.6467257090519842,-0.11870123301166435,-0.00518075833802069,2028,-4.256898644297913,-4.336044002611405,0.07914535831349175,0.0030520002991328895,2000,6.0223255863615615,5.982769711663389,0.0395558746981728,0.0021287580388875656,2117
10.48,-1.8027070694490825,-5.931910468427485,-1.8027070694490825,-1.6841548491338467,-0.1185522203152358,-0.005177383244869204,2027,-4.23583162390851,-4.315067850672305,0.07923622676379528,0.0030573584209292698,2000,6.038538693357591,5.999222699806151,0.039315993551440914,0.0021200248239400176,2117
10.49,-1.839969404843528,-5.929049514661683,-1.839969404843528,-1.7215673935587483,-0.11840201128477973,-0.0051739570509611674,2027,-4.214722797571051,-4.294049088804111,0.07932629123306024,0.003062686366098582,2000,6.054692202414579,6.0156164823628595,0.039075720051718874,0.002111270684862507,2117
10.5,-1.8772135804827685,-5.926130043570826,-1.8772135804827685,-1.7589629730649377,-0.11825060741783087,-0.00517047979010987,2027,-4.1935723736211346,-4.272987924466086,0.07941555084495239,0.0030679840820558787,2000,6.070785954103902,6.031950897531024,0.03883505657287888,0.002102495708053892,2117
10.51,-1.9144392287818317,-5.923152083968915,-1.9144392287818317,-1.7963412185581082,-0.11809801022372365,-0.005166951496637533,2026,-4.172380560804904,-4.251884565535982,0.07950400473107849,0.003073251516516851,2001,6.086819789586735,6.04822578409409,0.03859400549264557,0.002093699980120759,2117
10.52,-1.9516459823386023,-5.920115665247208,-1.9516459823386023,-1.8337017611150426,-0.11794422122355974,-0.0051633722053692046,2026,-4.151147568276993,-4.230739220307985,0.07959165203099196,0.0030784886174955056,2001,6.102793550615595,6.064440981423027,0.03835256919256898,0.0020848835878739458,2117
10.53,-1.9888334739374334,-5.917020817373933,-1.9888334739374334,-1.8710442319872513,-0.11778924195018203,-0.005159741951629236,2025,-4.1298736055984735,-4.209552097490662,0.07967849189218885,0.0030836953333027353,2001,6.118707079535906,6.080596329477913,0.03811075005799277,0.0020760466183264792,2118
10.540000000000001,-2.026001336552806,-5.913867570893988,-2.026001336552806,-1.9083682626046157,-0.1176330739481903,-0.005156060771250921,2025,-4.10855888273476,-4.188323406204904,0.07976452347014286,0.003088871612553494,2001,6.134560219287566,6.09669166880952,0.03786855047804704,0.002067189158697319,2118
10.55,-2.0631492033529173,-5.910655956928644,-2.0631492033529173,-1.9456734845790224,-0.11747571877389476,-0.0051523287005658235,2025,-4.087203610053569,-4.167053355981855,0.07984974592828617,0.003094017404159652,2002,6.150352813406484,6.112726840560877,0.0376259728456078,0.0020583112964057118,2118
10.56,-2.100276707703313,-5.9073860071752335,-2.100276707703313,-1.9829595297080003,-0.11731717799531248,-0.005148545776407366,2024,-4.065807998322818,-4.14574215676085,0.07993415843803184,0.003099132657335589,2002,6.16608470602613,6.128701686468849,0.03738301955728024,0.0020494131190717524,2118
10.57,-2.1373834831705194,-5.904057753906838,-2.1373834831705194,-2.0202260299783545,-0.11715745319216489,-0.005144712036114965,2024,-4.044372258708557,-4.12439001888734,0.08001776017878322,0.003104217321596949,2002,6.1817557418790745,6.144616048865694,0.037139693013381284,0.0020404947145179946,2118
10.58,-2.1744691635256492,-5.900671229971978,-2.1744691635256492,-2.057472617569799,-0.11699654595585013,-0.005140827517528303,2023,-4.022896602772878,-4.102997153110817,0.08010055033793803,0.0031092713467619,2002,6.197365766298528,6.160469770680616,0.0368959956179125,0.0020315561707666746,2118
10.59,-2.2115333827479984,-5.897226468794275,-2.2115333827479984,-2.094698924858586,-0.11683445788941227,-0.0051368922589840205,2023,-4.001381242471843,-4.081563770582734,0.08018252811089066,0.003114294682948538,2002,6.212914625219841,6.176262695441319,0.03665192977852119,0.0020225975760353758,2119
10.6,-2.2485757750286917,-5.893723504372131,-2.2485757750286917,-2.1319045844211346,-0.11667119060755687,-0.005132906299324749,2022,-3.9798263901533675,-4.06009008285442,0.08026369270105292,0.003119287280580788,2003,6.228402165182058,6.191994667275555,0.03640749790650354,0.002013619018743887,2119
10.61,-2.2855959747742727,-5.890162371278394,-2.2855959747742727,-2.169089229037658,-0.11650674573661446,-0.00512886967789135,2022,-3.9582322585551424,-4.038576301874996,0.08034404331985318,0.0031242490903843037,2003,6.243828233329413,6.207665530912652,0.03616270241676089,0.002004620587506805,2119
10.620000000000001,-2.3225936166103254,-5.886543104660003,-2.3225936166103254,-2.2062524916957873,-0.11634112491453814,-0.005124782434527281,2022,-3.936599060802522,-4.017022639989274,0.0804235791867523,0.0031291800633910325,2003,6.2591926774128455,6.223275131685059,0.03591754572778543,0.0019956023711361773,2119
10.63,-2.3595683353850405,-5.8828657402376665,-2.3595683353850405,-2.243394005594191,-0.116174329790849,-0.005120644609567054,2021,-3.9149270104064464,-3.9954293099356737,0.08050229952922697,0.003134080150931454,2003,6.274495345791486,6.238823315529863,0.03567203026162282,0.0019865644586358347,2119
10.64,-2.3965197661728865,-5.879130314305482,-2.3965197661728865,-2.2805134041462014,-0.11600636202668518,-0.005116456243855427,2021,-3.893216321261296,-3.9737965248441114,0.08058020358281495,0.0031389493046470665,2004,6.289736087434182,6.254309928990311,0.03542615844387141,0.001977506939208714,2120
10.65,-2.4334475442781502,-5.8753368637305945,-2.4334475442781502,-2.3176103209834253,-0.1158372232947246,-0.005112217378728145,2020,-3.8714672076428114,-3.9521244982339048,0.08065729059109288,0.0031437874764814484,2004,6.304914751920961,6.269734819217328,0.03517993270363293,0.0019684299022470417,2120
10.66,-2.470351305238574,-5.871485425952834,-2.470351305238574,-2.354684389959365,-0.11566691527920897,-0.00510792805602411,2020,-3.8496798842059636,-3.930413444011661,0.0807335598056977,0.0031485946186846575,2004,6.320031189444537,6.285097833971025,0.034933355473510876,0.001959333437339307,2120
10.67,-2.507230684828936,-5.867576038984332,-2.507230684828936,-2.39173524515303,-0.11549543967590585,-0.00510358831807804,2019,-3.8278545659828356,-3.908663576469169,0.08080901048633306,0.003153370683814204,2004,6.335085250811772,6.300398821622199,0.03468642918957241,0.0019502176342637446,2120
10.68,-2.5440853190646546,-5.86360874140916,-2.5440853190646546,-2.428762520872551,-0.11532279819210361,-0.005099198207724139,2019,-3.8059914683805056,-3.886875110281278,0.08088364190077324,0.003158115624733808,2005,6.350076787445159,6.3156376311538285,0.03443915629133158,0.0019410825829905588,2120
10.69,-2.580914844205357,-5.859583572382948,-2.580914844205357,-2.465765851658784,-0.11514899254657282,-0.005094757768288731,2019,-3.7840908071789285,-3.8650482605037877,0.08095745332485921,0.0031628293946105593,2005,6.365005651384283,6.330814112162571,0.034191539221712815,0.0019319283736779474,2120
10.700000000000001,-2.6177188967585154,-5.855500571632484,-2.6177188967585154,-2.502744872288923,-0.11497402446959205,-0.005090267043603158,2018,-3.762152798528776,-3.843183242571319,0.08103044404254237,0.003167511946926912,2005,6.3798716952872905,6.345928114860242,0.03394358042704928,0.0019227550966760916,2121
10.71,-2.6544971134829676,-5.851359779455341,-2.6544971134829676,-2.539699217780101,-0.11479789570286644,-0.005085726077983688,2018,-3.7401776589493525,-3.8212802722951884,0.08110261334583602,0.00317216323546405,2005,6.394674772432319,6.360979490075289,0.033695282357029635,0.0019135628425193405,2121
10.72,-2.691249131392574,-5.847161236719463,-2.691249131392574,-2.5766285233929933,-0.11462060799958097,-0.00508113491625293,2017,-3.7181656053264045,-3.7993395658612834,0.08117396053487896,0.0031767832143197432,2006,6.409414736718977,6.375968089254276,0.03344664746470201,0.0019043517019331786,2121
10.73,-2.727974587759755,-5.842904984862773,-2.727974587759755,-2.6135324246354155,-0.11444216312433957,-0.005076493603724794,2017,-3.696116854910016,-3.7773613398279227,0.08124448491790694,0.0031813718378972886,2006,6.424091442669771,6.390893764463337,0.03319767820643263,0.0018951217658276847,2121
10.74,-2.7646731201190877,-5.83859106589276,-2.7646731201190877,-2.650410557265925,-0.11426256285316318,-0.005071802186209677,2017,-3.674031625312451,-3.7553458111237212,0.08131418581127084,0.0031859290609097418,2006,6.4387047454315365,6.405756368389644,0.03294837704189154,0.001885873125299765,2121
10.75,-2.8013443662708633,-5.83421952238606,-2.8013443662708633,-2.687262557297411,-0.11408180897345235,-0.005067060710008079,2016,-3.6519101345060125,-3.73329319704545,0.08138306253943754,0.003190454838379273,2006,6.4532545007768745,6.4205557543428595,0.0326987464340144,0.0018766058716287873,2121
10.76,-2.8379879642846926,-5.829790397488044,-2.8379879642846926,-2.724088061000692,-0.1138999032840004,-0.005062269221919433,2016,-3.629752600820881,-3.711203715255889,0.08145111443500822,0.003194949125640402,2007,6.467740565105573,6.43529177625658,0.03244878884899219,0.0018673200962791153,2122
10.77,-2.874603552503061,-5.825303734912386,-2.874603552503061,-2.7608867049081023,-0.11371684759495883,-0.0050574277692360375,2015,-3.607559242942968,-3.6890775837816827,0.08151834083871429,0.0031994118783371162,2007,6.482162795446028,6.4499642886897846,0.03219850675624413,0.0018580158908988774,2122
10.78,-2.911190769544886,-5.820759578940635,-2.911190769544886,-2.797658125817079,-0.11353264372780661,-0.0050525363997392676,2015,-3.585330279911761,-3.6669150210111843,0.08158474109942308,0.0032038430524236037,2007,6.496521049456645,6.464573146828262,0.031947902628383526,0.0018486933473157293,2122
10.790000000000001,-2.9477492543091155,-5.816157974421774,-2.9477492543091155,-2.83440196079375,-0.11334729351536584,-0.005047595161709195,2014,-3.563065931118143,-3.644716245692303,0.08165031457416,0.0032082426041691535,2007,6.5108151854272585,6.479118206486052,0.03169697894120663,0.0018393525575402898,2122
10.8,-2.9842786459782595,-5.811498966771786,-2.9842786459782595,-2.8711178471765098,-0.11316079880174992,-0.005042604103913221,2014,-3.5407664163022545,-3.6224814769303433,0.08171506062808874,0.00321261049015083,2008,6.525045062280514,6.493599324106852,0.0314457381736616,0.0018299936137625558,2122
10.81,-3.0207785840219654,-5.806782601973191,-3.0207785840219654,-2.9078054225796066,-0.11297316144235894,-0.005037563275611197,2014,-3.5184319555513057,-3.600210934185845,0.08177897863453902,0.003216946667260253,2008,6.53921053957327,6.508016356765451,0.031194182807819132,0.0018206166083507697,2122
10.82,-3.057248708200584,-5.80200892657461,-3.057248708200584,-2.944464324896712,-0.11278438330387153,-0.00503247272655677,2013,-3.496062769297404,-3.5779048372724143,0.08184206797501065,0.003221251092703323,2008,6.553311477497986,6.5223691621691255,0.030942315328860482,0.0018112216338532295,2123
10.83,-3.0936886585687193,-5.797177987690289,-3.0936886585687193,-2.9810941923045005,-0.11259446626421876,-0.005027332506994237,2013,-3.4736590783153827,-3.555563406354556,0.08190432803917268,0.0032255237239986767,2008,6.567347736884101,6.536657598659056,0.030690138225045696,0.0018018087829954127,2123
10.84,-3.1300980754787613,-5.792289832999645,-3.1300980754787613,-3.0176946632662154,-0.11240341221254639,-0.005022142667653313,2012,-3.451221103720637,-3.5331868619454996,0.081965758224863,0.0032297645189759013,2009,6.581319179199397,6.550881525211714,0.030437653987683378,0.0017923781486774999,2123
10.85,-3.166476599584471,-5.78734451074679,-3.166476599584471,-3.0542653765352403,-0.11221122304923026,-0.005016903259758855,2012,-3.4287490669669087,-3.510775424905025,0.08202635793811586,0.0032339734357828935,2009,6.595225666551379,6.565040801440265,0.030184865111113995,0.001782929823975923,2123
10.86,-3.2028238718445006,-5.782342069740059,-3.2028238718445006,-3.0908059711586655,-0.11201790068583536,-0.005011614335022766,2012,-3.4062431898441323,-3.4883293164372797,0.08208612659314775,0.003238150432879984,2009,6.6090670616886324,6.5791352875959435,0.029931774092688407,0.0017734639021429448,2123
10.870000000000001,-3.2391395335259574,-5.777282559351525,-3.2391395335259574,-3.127316086480846,-0.11182344704511164,-0.005006275945648137,2011,-3.3837036944762215,-3.465848758088598,0.08214506361237638,0.0032422954690440662,2010,6.622843228002179,6.593164844569443,0.029678383432736065,0.0017639804766041755,2123
10.88,-3.2754232262079026,-5.772166029516514,-3.2754232262079026,-3.1637953621469657,-0.11162786406093689,-0.005000888144317877,2011,-3.36113080331891,-3.4433339717453126,0.08220316842640328,0.0032464085033626086,2010,6.636554029526812,6.607129333892277,0.029424695634534797,0.0017544796409556295,2123
10.89,-3.3116745917849513,-5.766992530733111,-3.3116745917849513,-3.2002434381065905,-0.11143115367836103,-0.004995450984213544,2010,-3.33852473915751,-3.420785179631567,0.08226044047405738,0.0032504894952456067,2010,6.650199330942461,6.6210286177381565,0.029170713204304442,0.0017449614889679926,2124
10.9,-3.3478932724707513,-5.761762114061658,-3.3478932724707513,-3.2366599546172234,-0.11123331785352739,-0.004989964518995627,2010,-3.3158857251047538,-3.3982026043071194,0.08231687920236586,0.0032545384044147313,2010,6.663778997575505,6.634862558924342,0.028916438651162328,0.0017354261145809359,2124
10.91,-3.3840789108015517,-5.756474831124257,-3.3840789108015517,-3.2730445522478555,-0.11103435855369607,-0.004984428802816678,2010,-3.293213984598568,-3.3755864686651496,0.08237248406658196,0.0032585551909109787,2011,6.67729289540012,6.648631020913004,0.028661874487115307,0.0017258736119059306,2124
10.92,-3.4202311496397093,-5.7511307341042555,-3.4202311496397093,-3.309396871882511,-0.11083427775719798,-0.004978843890312656,2009,-3.27050974139988,-3.352936995930056,0.08242725453017638,0.0032625398150905685,2011,6.690740891039588,6.662333867812566,0.028407023227021606,0.0017163040752218627,2124
10.93,-3.4563496321772287,-5.7457298757457345,-3.4563496321772287,-3.3457165547237966,-0.11063307745343226,-0.00497320983660706,2009,-3.2477732195903983,-3.330254409655253,0.08248119006485456,0.0032664922376292324,2011,6.704122851767628,6.67597096437905,0.02815188738857889,0.0017067175989779722,2124
10.94,-3.4924340019392583,-5.740272309352985,-3.4924340019392583,-3.3820032422964363,-0.1104307596428219,-0.0049675266973035126,2008,-3.225004643570423,-3.3075389337209664,0.08253429015054334,0.003270412419516983,2011,6.71743864550968,6.689542176017402,0.027896469492278152,0.0016971142777862536,2124
10.950000000000001,-3.5284839027876522,-5.734758088789979,-3.5284839027876522,-3.418256576450814,-0.11022732633683756,-0.004961794528498265,2008,-3.202204238056593,-3.2847907923320214,0.0825865542754283,0.0032743003220677513,2012,6.730688140844244,6.703047368782835,0.027640772061409264,0.001687494206430525,2125
10.96,-3.5644989789244206,-5.7291872684798575,-3.5644989789244206,-3.4544761993665074,-0.11002277955791324,-0.004956013386760167,2007,-3.1793722280797234,-3.2620102100156316,0.0826379819359079,0.0032781559069051964,2012,6.743871207004146,6.7164864093821395,0.027384797622006126,0.0016778574798550728,2125
10.97,-3.600478874895315,-5.72355990340436,-3.600478874895315,-3.4906617535558166,-0.10981712133949842,-0.004950183329151914,2007,-3.1565088389825275,-3.239197411619183,0.08268857263665576,0.0032819791359803576,2012,6.756987713877841,6.729859165175,0.027128548702841888,0.001668204193171343,2125
10.98,-3.6364232355932846,-5.717876049103312,-3.6364232355932846,-3.5268128818672952,-0.10961035372598926,-0.004944304413214461,2007,-3.1336142964174245,-3.2163526223080146,0.08273832589059012,0.003285769971560222,2012,6.77003753201071,6.743165504175311,0.026872027835398743,0.0016585344416540923,2125
10.99,-3.672331706262009,-5.71213576167406,-3.672331706262009,-3.562929227489277,-0.10940247877273172,-0.004938376696973375,2006,-3.1106888263443055,-3.193476067563195,0.08278724121888924,0.0032895283762321985,2013,6.783020532606315,6.756405295052472,0.026615237553842475,0.0016488483207411772,2125
11.0,-3.708203932499367,-5.706339097770922,-3.708203932499367,-3.599010433953393,-0.10919349854597356,-0.004932400238930237,2006,-3.0877326550283097,-3.1705679731792973,0.08283531815098769,0.0032932543129019585,2013,6.795936587527675,6.76957840713269,0.026358180394985085,0.0016391459260280778,2125
11.01,-3.744039560260974,-5.700486114604631,-3.744039560260974,-3.6350561451380927,-0.10898341512288098,-0.0049263750980737386,2005,-3.064746009037575,-3.1476285652621723,0.08288255622459699,0.0032969477447981994,2013,6.808785569298549,6.782684710400266,0.026100858898283206,0.0016294273532754984,2125
11.02,-3.779838235863657,-5.694576869941769,-3.779838235863657,-3.671066005272158,-0.10877223059149847,-0.0049203013338718245,2005,-3.0417291152410177,-3.124658070226715,0.08292895498569734,0.003300608635469459,2013,6.821567351104675,6.795724075498874,0.025843275605800742,0.0016196926984024355,2126
11.03,-3.815599605988928,-5.688611422104194,-3.815599605988928,-3.707039658938215,-0.10855994705071301,-0.004914179006267952,2005,-3.018682200806091,-3.101656714794631,0.08297451398853996,0.003304236948783634,2014,6.834281806795018,6.808696373732846,0.02558543306217226,0.0016099420574840735,2126
11.040000000000001,-3.851323317686513,-5.682589829968466,-3.851323317686513,-3.7429767510762404,-0.1083465666102732,-0.004908008175691249,2004,-2.9956054931965297,-3.0786247259921975,0.08301923279566778,0.0033078326489335767,2014,6.846928810883043,6.821601477068438,0.025327333814604624,0.0016001755267576,2126
11.05,-3.887009018377795,-5.6765121529652705,-3.887009018377795,-3.7788769269870675,-0.108132091390728,-0.004901788903045128,2004,-2.9724992201701244,-3.0555623311480256,0.08306311097790114,0.003311395700431095,2014,6.859508238547918,6.8344392581350935,0.02506898041282606,0.0015903932026138812,2126
11.06,-3.92265635585931,-5.670378451078829,-3.92265635585931,-3.8147398323358863,-0.10791652352342355,-0.004895521249710748,2003,-2.9493636097764684,-3.0324697578908135,0.0831061481143457,0.0033149260681097654,2014,6.872019965635777,6.8472095902267,0.024810375409078246,0.001580595181601161,2126
11.07,-3.958264978306233,-5.6641887848462975,-3.958264978306233,-3.850565113155739,-0.10769986515049365,-0.004889205277550763,2003,-2.9261988903546885,-3.009347234147102,0.08314834379241355,0.0033184237171291877,2015,6.88446386866092,6.85991234730284,0.024551521358079705,0.001570781560421496,2126
11.08,-3.99383453427584,-5.657943215357186,-3.99383453427584,-3.8863524158510176,-0.10748211842482316,-0.004882841048903041,2003,-2.9030052905312136,-2.9861949881390237,0.08318969760781007,0.003321888612970127,2015,6.896839824807054,6.8725474039900405,0.024292420817013098,0.0015609524359330492,2126
11.09,-4.029364672710967,-5.651641804252743,-4.029364672710967,-3.922101387200949,-0.1072632855100178,-0.004876428626578705,2002,-2.879783039217513,-2.9630132483820506,0.08323020916453752,0.0033253207214354766,2015,6.90914771192848,6.8851146355829975,0.024033076345481495,0.0015511079051434146,2127
11.1,-4.064855042943493,-5.645284613725353,-4.064855042943493,-3.9578116743630836,-0.10704336858040972,-0.0048699680738681665,2002,-2.8565323656078325,-2.93980224368274,0.08326987807490734,0.003328720008652667,2016,6.921387408551325,6.897613918045821,0.02377349050550358,0.001541248065215826,2127
11.11,-4.100305294697794,-5.638871706517919,-4.100305294697794,-3.9934829248767785,-0.1068223698210161,-0.004863459454536014,2001,-2.8332534991769314,-2.9165622031364746,0.08330870395954296,0.0033320864410737263,2016,6.9335587938747265,6.910045128013253,0.02351366586147473,0.0015313730134628037,2127
11.120000000000001,-4.135715078094207,-5.632403145923245,-4.135715078094207,-4.029114786666675,-0.10660029142753209,-0.004856902832822944,2001,-2.8099466696778177,-2.893293356125202,0.08334668644738459,0.0033354199854756417,2016,6.945661747772025,6.922408142791877,0.02325360498014789,0.0015214828473473687,2127
11.13,-4.171084043652445,-5.625878995783413,-4.171084043652445,-4.064706908046173,-0.1063771356062719,-0.004850298273435672,2001,-2.7866121071395025,-2.8699959323151734,0.08338382517567092,0.003338720608954903,2016,6.957696150791947,6.934702840361346,0.0229933104306002,0.0015115776644804351,2127
11.14,-4.20641184229511,-5.619299320489152,-4.20641184229511,-4.100258937720903,-0.10615290457420777,-0.0048436458415641,2000,-2.7632500418646866,-2.8466701616546706,0.08342011978998433,0.003341988278939805,2017,6.969661884159797,6.946929099375574,0.022732784784222658,0.0015016575626239804,2127
11.15,-4.2416981253510855,-5.612664184979202,-4.2416981253510855,-4.135770524792192,-0.10592760055889365,-0.004836945602863206,2000,-2.7398607044275294,-2.8233162743717437,0.0834555699442145,0.0033452229631785934,2017,6.981558829778615,6.959086799163937,0.022472030614678763,0.001491722639684591,2127
11.16,-4.276942544559007,-5.60597365473967,-4.276942544559007,-4.171241318760527,-0.10570122579847951,-0.004830197623465314,1999,-2.716444325671347,-2.799934500971935,0.0834901753005881,0.0033484246297483355,2017,6.993386870230353,6.971175819732462,0.02221105049789021,0.0014817729937166776,2128
11.17,-4.312144752070684,-5.599227795803391,-4.312144752070684,-4.206670969529016,-0.1054737825416676,-0.004823401969970494,1999,-2.6930011367063433,-2.776525072236003,0.08352393552965974,0.003351593247050635,2017,7.005145888777027,6.98319604176502,0.02194984701200667,0.0014718087229195539,2128
11.18,-4.347304400454547,-5.592426674749266,-4.347304400454547,-4.2420591274068435,-0.10524527304770372,-0.0048165587094516045,1999,-2.669531368907326,-2.753088219217648,0.08355685031032177,0.003354728783814532,2018,7.016835769361873,6.995147346624491,0.021688422737381946,0.0014618299256370544,2128
11.19,-4.382421142699051,-5.585570358701615,-4.382421142699051,-4.277405443112715,-0.10501569958633504,-0.004809667909447329,1998,-2.646035253911434,-2.7296241732412296,0.08358891932979566,0.0033578312090928367,2018,7.028456396610484,7.007029616353945,0.021426780256540563,0.0014518367003548607,2128
11.200000000000001,-4.4174946322161395,-5.578658915329506,-4.4174946322161395,-4.312709567778316,-0.10478506443782289,-0.004802729637971945,1998,-2.6225130236158267,-2.7061331658994825,0.08362014228365583,0.003360900492269179,2018,7.040007655831966,7.018842733677798,0.021164922154167435,0.00144182914570301,2128
11.21,-4.452524522844614,-5.571692412846103,-4.452524522844614,-4.347971152951746,-0.10455336989286873,-0.004795743963499496,1997,-2.5989649101754337,-2.6826154290512334,0.08365051887580022,0.003363936603048177,2018,7.0514894330200475,7.03058658200298,0.020902851017068916,0.0014318073604514831,2128
11.22,-4.487510468853605,-5.564670920007968,-4.487510468853605,-4.3831898506009574,-0.10432061825264762,-0.0047887109549796065,1997,-2.575391146000623,-2.659071194819113,0.08368004881849034,0.0033669395114674654,2019,7.062901614854228,7.042261045420071,0.020640569434157673,0.001421771443512158,2128
11.23,-4.52245212494595,-5.5575945061144,-4.52245212494595,-4.418365313117199,-0.1040868118287509,-0.004781630681826896,1997,-2.551791963754928,-2.6355006955872615,0.08370873183233399,0.0033699091878913777,2019,7.074244088700878,7.053866008704461,0.020378079996416915,0.0014117214939355412,2128
11.24,-4.557349146261614,-5.550463241006748,-4.557349146261614,-4.453497193318437,-0.10385195294317673,-0.004774503213922589,1996,-2.5281675963527475,-2.611904163999038,0.08373656764629064,0.0033728456030114413,2019,7.08551674261436,7.0654013573174765,0.0201153852968845,0.0014016576109107818,2129
11.25,-4.592201188381075,-5.54327719506772,-4.592201188381075,-4.488585144452788,-0.10361604392828708,-0.004767328621610461,1996,-2.5045182769570564,-2.5882818329547232,0.08376355599766677,0.003375748727845731,2020,7.096719465338132,7.076866977407511,0.01985248793061951,0.0013915798937643806,2129
11.26,-4.627007907328755,-5.536036439220689,-4.627007907328755,-4.523628820201939,-0.10337908712681648,-0.004760106975703653,1995,-2.480844238977087,-2.5646339356092214,0.08378969663213408,0.003378618533743498,2020,7.1078521463058415,7.088262755811159,0.019589390494682408,0.001381488441960196,2129
11.27,-4.661768959576392,-5.52874104492899,-4.661768959576392,-4.5586278746845625,-0.10314108489182996,-0.004752838347478986,1995,-2.4571457160660337,-2.5409607053697587,0.08381498930372479,0.003381454992382508,2020,7.118914675642427,7.099588580054321,0.019326095588105593,0.0013713833550967978,2129
11.28,-4.696484002046425,-5.521391084195222,-4.696484002046425,-4.593581962459736,-0.10290203958668957,-0.004745522808673365,1995,-2.4334229421187556,-2.51726237589358,0.08383943377482439,0.0033842580757674524,2020,7.129906944165182,7.110844338353317,0.019062605811864787,0.001361264732905934,2129
11.290000000000001,-4.731152692115411,-5.513986629560529,-4.731152692115411,-4.628490738530349,-0.10266195358506233,-0.004738160431492284,1994,-2.409676151269449,-2.493539181085643,0.08386302981619403,0.0033870277562354895,2021,7.14082884338486,7.122029919615993,0.018798923768867097,0.001351132675256615,2129
11.3,-4.76577468761737,-5.506527754103886,-4.76577468761737,-4.663353858346506,-0.10242082927086382,-0.00473075128859881,1994,-2.385905577889353,-2.4697913550963086,0.08388577720695574,0.00338976400645175,2021,7.151680265506721,7.133145213442815,0.018535052063906498,0.0013409872821467392,2129
11.31,-4.800349646847178,-5.499014531441388,-4.800349646847178,-4.698170977808927,-0.10217866903825025,-0.004723295453118253,1993,-2.3621114565844366,-2.446019132319031,0.08390767573459436,0.0033924667994095284,2021,7.162461103431614,7.144190110127958,0.018270993303655083,0.0013308286537086914,2129
11.32,-4.83487722856395,-5.491447035725505,-4.83487722856395,-4.73294175327235,-0.10193547529160085,-0.004715792998639032,1993,-2.3382940221930664,-2.422222747388044,0.08392872519497795,0.003395136108436106,2021,7.173171250757016,7.155164500660394,0.01800675009662172,0.0013206568902027977,2130
11.33,-4.8693570919944005,-5.483825341644365,-4.8693570919944005,-4.7676658415489115,-0.10169125044548939,-0.004708243999210344,1993,-2.3144535097837,-2.398402435176046,0.08394892539234611,0.003397771907188324,2022,7.1838106017781005,7.166068276724958,0.017742325053143288,0.0013104720920220202,2130
11.34,-4.903788896836187,-5.476149524421015,-4.903788896836187,-4.802342899911545,-0.10144599692464275,-0.004700648529335356,1992,-2.29059015465258,-2.3745584307918794,0.08396827613929939,0.0034003741696500686,2022,7.194379051488767,7.176901330703425,0.01747772078534256,0.001300274359685381,2130
11.35,-4.938172303261301,-5.46841965981267,-4.938172303261301,-4.836972586097354,-0.10119971716394727,-0.004693006663981648,1992,-2.2667041923213818,-2.3506909695782134,0.0839867772568318,0.003402942870140993,2022,7.204876495582684,7.1876635556755675,0.01721293990711626,0.0012900637938409037,2130
11.36,-4.972506971919403,-5.460635824109974,-4.972506971919403,-4.871554558310999,-0.10095241360840428,-0.004685318478572408,1991,-2.2427958585349117,-2.32680028710922,0.08400442857430818,0.003405477983309424,2022,7.215302830454315,7.198354845420219,0.0169479850340953,0.001279840495263051,2130
11.370000000000001,-5.006792563941185,-5.4527980941362415,-5.006792563941185,-4.9060884752280645,-0.10070408871312049,-0.004677584048990341,1991,-2.218865389258765,-2.3028866191882464,0.08402122992948166,0.003407979484137781,2023,7.22565795319995,7.208975094416313,0.016682858783637653,0.0012696045648524102,2130
11.38,-5.041028740941675,-5.444906547246703,-5.041028740941675,-4.940573995998429,-0.10045474494324527,-0.004669803451566371,1991,-2.194913020677023,-2.278950201845493,0.08403718116846982,0.0034104473479345918,2023,7.235941761618698,7.219524197843923,0.016417563774774244,0.0012593561036314807,2130
11.39,-5.075215165023641,-5.436961261327738,-5.075215165023641,-4.975010780249631,-0.1002043847740095,-0.004661976763097442,1990,-2.1709389891898865,-2.2549912713356792,0.08405228214579258,0.003412881550346723,2023,7.246154154213529,7.23000205158531,0.01615210262821852,0.0012490952127509926,2130
11.4,-5.109351498780872,-5.4289623147961175,-5.109351498780872,-5.009398488090225,-0.09995301069064615,-0.004654104060828431,1990,-2.1469435314113743,-2.2310100641357136,0.08406653272433934,0.0034152820673482766,2024,7.256295030192246,7.240408552225938,0.015886477966307603,0.0012388219934803373,2131
11.41,-5.143437405301538,-5.42090978659821,-5.143437405301538,-5.043736780113139,-0.09970062518839894,-0.004646185422462695,1989,-2.1229268841669615,-2.2070068169423607,0.08407993277539903,0.0034176488752498888,2024,7.2663642894685,7.250743597055498,0.015620692413000696,0.0012285365472131217,2131
11.42,-5.177472548171504,-5.412803756209217,-5.177472548171504,-5.078025317399023,-0.09944723077248027,-0.004638220926154485,1989,-2.098889284491264,-2.182981766669903,0.08409248217863896,0.003419981950692087,2024,7.276361832662768,7.2610070840689245,0.015354748593842504,0.0012182389754625223,2131
11.43,-5.211456591477654,-5.404644303632388,-5.211456591477654,-5.1122637615195945,-0.09919282995805928,-0.004630210650513281,1989,-2.0748309696256793,-2.1589351504478054,0.08410418082212626,0.003422281270651307,2024,7.286287561103333,7.2711989119673985,0.015088649135934622,0.001207929379862062,2131
11.44,-5.245389199811192,-5.396431509398226,-5.245389199811192,-5.146451774540981,-0.09893742527021172,-0.004622154674594655,1988,-2.0507521770160717,-2.134867205618371,0.08411502860229965,0.003424546812432102,2025,7.296141376827263,7.281318980159349,0.014822396667913254,0.0011976078621627152,2131
11.450000000000001,-5.279270038270985,-5.388165454563693,-5.279270038270985,-5.180589019027046,-0.09868101924393907,-0.004614053077913236,1988,-2.0266531443103957,-2.1107781697344024,0.08412502542400695,0.0034267785536778767,2025,7.305923182581381,7.291367188761448,0.014555993819933326,0.001187274524235669,2131
11.46,-5.31309877246682,-5.379846220711416,-5.31309877246682,-5.214675158042736,-0.09842361442408501,-0.004605905940424567,1988,-2.0025341093563815,-2.0866682805568546,0.08413417120047338,0.003428976472361077,2025,7.315632881823202,7.30134343859959,0.014289443223612816,0.0011769294680634233,2131
11.47,-5.346875068522755,-5.371473889948871,-5.346875068522755,-5.248709855157386,-0.09816521336536889,-0.004597713342541405,1987,-1.978395310199165,-2.0625377760524906,0.0841424658533258,0.003431140546791026,2025,7.325270378721919,7.311247631209875,0.014022747512043887,0.0011665727957504415,2131
11.48,-5.380598593080385,-5.363048544907584,-5.380598593080385,-5.282692774448057,-0.09790581863232838,-0.004589475365123067,1987,-1.954236985078946,-2.0383868943915306,0.08414990931258438,0.003433270755610727,2026,7.334835578159331,7.321079668839587,0.013755909319743595,0.0011562046095123,2131
11.49,-5.414269013302141,-5.354570268742308,-5.414269013302141,-5.31662358050284,-0.09764543279930048,-0.004581192089476737,1986,-1.9300593724286377,-2.014215873945302,0.08415650151666408,0.0034353670777974195,2026,7.344328385730779,7.330839454448142,0.013488931282636389,0.0011458250116792015,2132
11.5,-5.447885996874559,-5.3460391451302085,-5.447885996874559,-5.350501938424175,-0.09738405845038407,-0.00457286359735359,1986,-1.9058627108715256,-1.990024953283888,0.08416224241236256,0.003437429492659536,2026,7.353748707746085,7.340526891708064,0.013221816038020716,0.0011354341046937826,2132
11.51,-5.48144921201159,-5.337455258270029,-5.48144921201159,-5.384327513832147,-0.09712169817944238,-0.004564489970955437,1986,-1.8816472392188832,-1.965814371173772,0.08416713195488885,0.0034394579798450627,2027,7.363096451230473,7.35014188500592,0.012954566224553125,0.0011250319911100997,2132
11.52,-5.514958327457853,-5.328818692881266,-5.514958327457853,-5.418099972867797,-0.09685835459005679,-0.004556071292928415,1985,-1.8574131964676381,-1.9415843665754802,0.08417117010784193,0.003441452519334677,2027,7.37237152392549,7.359684339443278,0.012687184482213268,0.001114618773593359,2132
11.53,-5.548413012491898,-5.320129534203338,-5.548413012491898,-5.4518189821964045,-0.09659403029549347,-0.0045476076463601516,1985,-1.833160821798016,-1.9173351786412252,0.08417435684320944,0.0034434130914421796,2027,7.381573834289914,7.36915416083763,0.012419673452283243,0.0011041945549179009,2132
11.540000000000001,-5.5818129369294995,-5.311387867994731,-5.5818129369294995,-5.4854842090107905,-0.09632872791870896,-0.004539099114787076,1985,-1.8088903545711574,-1.893067046712544,0.08417669214138683,0.003445339676820079,2027,7.390703291500657,7.378551255723336,0.012152035777322132,0.0010937594379670469,2132
11.55,-5.615157771126882,-5.3025937805321615,-5.615157771126882,-5.519095321034593,-0.09606245009228971,-0.004530545782184524,1984,-1.784602034326778,-1.868780210317937,0.08417817599115868,0.003447232256454025,2028,7.3997598054536615,7.38787553135253,0.011884274101131033,0.0010833135257307175,2132
11.56,-5.64844718598399,-5.29374735860972,-5.64844718598399,-5.552651986525548,-0.09579519945844256,-0.004521947732970696,1984,-1.7602961007807951,-1.8444749091705022,0.08417880838970701,0.0034490908116655765,2028,7.408743286764785,7.397126895696051,0.011616391068733956,0.0010728569213046763,2132
11.57,-5.681680852947743,-5.284848689538023,-5.681680852947743,-5.586153874278767,-0.09552697866897725,-0.004513305052007433,1983,-1.7359727938229579,-1.820151383165572,0.08417858934261413,0.003450915324113093,2028,7.417653646770701,7.406305257444338,0.011348389326361943,0.0010623897278943285,2132
11.58,-5.71485844401527,-5.275897861143337,-5.71485844401527,-5.619600653630002,-0.09525779038526823,-0.00450461782459687,1983,-1.7116323535144817,-1.7958098723783422,0.0841775188638605,0.0034527057757913655,2029,7.426490797529752,7.415410526008345,0.011080271521406929,0.0010519120488053837,2132
11.59,-5.747979631737131,-5.266894961766731,-5.747979631737131,-5.652991994458913,-0.09498763727821809,-0.004495886136476476,1983,-1.6872750200856945,-1.771450617061506,0.08417559697581183,0.0034544621490277903,2029,7.4352546518228255,7.424442611520419,0.010812040302405856,0.0010414239874487943,2133
11.6,-5.78104408922058,-5.257840080263183,-5.78104408922058,-5.686327567192322,-0.09471652202825757,-0.004487110073827557,1982,-1.6629010339336392,-1.747073857642881,0.08417282370924176,0.0034561844264900453,2029,7.4439451231542195,7.433401424835204,0.010543698319015218,0.0010309256473375761,2133
11.61,-5.81405149013277,-5.248733306000718,-5.81405149013277,-5.7196070428074695,-0.09444444732530106,-0.0044782897232669705,1982,-1.6385106356197203,-1.7226798347230359,0.08416919910331565,0.0034578725911807674,2029,7.45256212575249,7.442286877530505,0.010275248221984026,0.0010204171320859004,2133
11.620000000000001,-5.84700150870399,-5.2395747288595205,-5.84700150870399,-5.752830092835256,-0.09417141586873222,-0.004469425171851749,1981,-1.614104065867314,-1.698268789072916,0.08416472320560185,0.0034595266264412635,2030,7.461105574571302,7.451098881908173,0.010006692663129963,0.0010098985454104602,2133
11.63,-5.879893819730838,-5.230364439231053,-5.879893819730838,-5.785996389363496,-0.0938974303673428,-0.004460516507067063,1981,-1.5896815655594239,-1.673840961631468,0.08415939607204417,0.0034611465159439365,2030,7.4695753852902635,7.459837350994964,0.009738034295299621,0.0009993699911237282,2133
11.64,-5.9127280985795005,-5.221102528017155,-5.9127280985795005,-5.819105605040136,-0.09362249353936523,-0.004451563816843342,1981,-1.5652433757362605,-1.6493965935032613,0.08415321776700091,0.0034627322437044985,2030,7.477971474315763,7.468502198543397,0.009469275772365318,0.0009888315731391055,2133
11.65,-5.94550402118889,-5.21178908662915,-5.94550402118889,-5.852157413076503,-0.09334660811238756,-0.004442567189538238,1980,-1.5407897375928963,-1.624935925956109,0.08414618836321294,0.0034642837940721625,2030,7.486293758781787,7.477093339032612,0.009200419749174214,0.0009782833954659655,2133
11.66,-5.978221264073888,-5.202424206986943,-5.978221264073888,-5.885151487250518,-0.0930697768233693,-0.004433526713947549,1980,-1.5163208924768623,-1.6004592004186855,0.08413830794182299,0.0034658011517360457,2031,7.494542156550749,7.485610687669203,0.008931468881546716,0.0009677255622113808,2133
11.67,-6.010879504328515,-5.193007981518116,-6.010879504328515,-5.918087501909923,-0.09279200241859142,-0.004424442479298646,1980,-1.491837081885784,-1.575966658478144,0.08412957659236026,0.003467284301720757,2031,7.502716586214298,7.494054160388067,0.008662425826231956,0.0009571581775778999,2133
11.68,-6.043478419629128,-5.183540503157013,-6.043478419629128,-5.95096513197549,-0.0925132876536372,-0.004415314575250583,1979,-1.4673385474649807,-1.5514585418777331,0.08411999441275228,0.003468733229390569,2031,7.510816967094109,7.502423673853222,0.008393293240887114,0.0009465813458605131,2133
11.69,-6.076017688237588,-5.174021865343824,-6.076017688237588,-5.983784052944233,-0.09223363529335407,-0.004406143091891814,1979,-1.4428255310051072,-1.52693509251441,0.08410956150930271,0.0034701479204431646,2032,7.518843219242695,7.5107191454586415,0.008124073784053562,0.0009359951714489412,2134
11.700000000000001,-6.10849698900446,-5.164452162023661,-6.10849698900446,-6.016543940892608,-0.09195304811185126,-0.004396928119744698,1979,-1.41829827443973,-1.502396552436453,0.0840982779967232,0.003471528360919844,2032,7.526795263444189,7.51894049332906,0.007854770115129835,0.0009253997588249659,2134
11.71,-6.140916001372141,-5.154831487645633,-6.140916001372141,-6.049244472479712,-0.09167152889242897,-0.004387669749753671,1978,-1.393757019842979,-1.4778431638410736,0.08408614399809453,0.003472874537194139,2032,7.534673021215121,7.527087636320784,0.0075853848943366374,0.0009147952125599136,2134
11.72,-6.173274405378077,-5.145159937161913,-6.173274405378077,-6.081885324950472,-0.09138908042760467,-0.004378368073299342,1978,-1.3692020094271264,-1.4532751690720256,0.08407315964489936,0.003474186435982356,2032,7.542476414805202,7.535160494022497,0.007315920782705719,0.0009041816373168733,2134
11.73,-6.205571881657884,-5.135437606026798,-6.205571881657884,-6.114466176138831,-0.09110570551905266,-0.004369023182187128,1977,-1.3446334855402085,-1.428692810617213,0.0840593250770046,0.0034754640443382385,2033,7.550205367198093,7.543158986756044,0.007046380442049653,0.0008935591378491665,2134
11.74,-6.237808111448515,-5.125664590195772,-6.237808111448515,-6.146986704470932,-0.09082140697758177,-0.004359635168648961,1977,-1.320051690663637,-1.404096331106296,0.08404464044265889,0.0034767073496529805,2033,7.557859802112152,7.5510830355772285,0.006776766534923672,0.0008829278189959001,2134
11.75,-6.269982776591385,-5.115840986124555,-6.269982776591385,-6.179446588968287,-0.09053618762309722,-0.004350204125338749,1977,-1.2954568674098084,-1.3794859733082985,0.08402910589849023,0.00347791633965548,2033,7.5654396440011915,7.558932562276586,0.006507081724606588,0.0008722877856828411,2134
11.76,-6.302095559535545,-5.105966890768153,-6.302095559535545,-6.211845509250943,-0.09025005028460063,-0.0043407301453406025,1976,-1.2708492585196947,-1.35486198012921,0.08401272160951535,0.0034790910024154837,2034,7.572944818055239,7.566707489380154,0.0062373286750848815,0.0008616391429250286,2134
11.77,-6.334146143340797,-5.0960424015799,-6.334146143340797,-6.244183145540652,-0.08996299780014388,-0.004331213322161047,1976,-1.2462291068604567,-1.330224594609589,0.08399548774913233,0.0034802313263415886,2034,7.580375250201252,7.574407740150242,0.005967510051009773,0.000850981995818921,2134
11.78,-6.366134211680806,-5.0860676165105,-6.366134211680806,-6.276459178664019,-0.08967503301678698,-0.004321653749724802,1976,-1.2215966554230626,-1.3055740599221644,0.08397740449910168,0.0034813373001769056,2034,7.5877308671038675,7.582033238586183,0.005697628517684496,0.0008403164495475726,2134
11.790000000000001,-6.398059448846262,-5.0760426340070515,-6.398059448846262,-6.308673290055656,-0.0893861587906068,-0.004312051522385543,1975,-1.1969521473198526,-1.2809106193694355,0.08395847204958286,0.0034824089130102587,2034,7.595011596166115,7.589583909425091,0.005427686741024539,0.0008296426093753057,2134
11.8,-6.429921539747961,-5.06596755301209,-6.429921539747961,-6.340825161761327,-0.08909637798663426,-0.004302406734912691,1975,-1.1722958257821812,-1.2562345163812698,0.08393869059908873,0.0034834461542632847,2035,7.602217365530143,7.597059678142596,0.005157687387546516,0.000818960580649954,2134
11.81,-6.461720169919923,-5.055842472962594,-6.461720169919923,-6.372914476441082,-0.08880569347884007,-0.004292719482496788,1974,-1.147627934157986,-1.2315459945125031,0.08391806035451703,0.003484449013700667,2035,7.609348104077909,7.604460470953587,0.004887633124322049,0.000808270468795916,2135
11.82,-6.493455025522508,-5.045667493789016,-6.493455025522508,-6.404940917372395,-0.08851410815011236,-0.004282989860748861,1974,-1.1229487159093974,-1.2068452974405324,0.08389658153113501,0.0034854174814259666,2035,7.616403741431904,7.611786214812929,0.004617526618976175,0.0007975723793226582,2135
11.83,-6.525125793345509,-5.035442715914291,-6.525125793345509,-6.436904168453283,-0.08822162489222658,-0.004273217965699522,1974,-1.0982584146103316,-1.1821326689629126,0.08387425435258097,0.0034863515478827903,2036,7.623384207955842,7.619036837416197,0.004347370539644412,0.0007868664178166144,2135
11.84,-6.556732160811227,-5.025168240252853,-6.556732160811227,-6.468803914205431,-0.0879282466057969,-0.004263403893791678,1973,-1.0735572739441015,-1.1574083529949506,0.08385107905084921,0.003487251203851193,2036,7.630289434755329,7.6262122672003825,0.00407716755494731,0.0007761526899403995,2135
11.85,-6.588273815977577,-5.014844168209624,-6.588273815977577,-6.500639839777302,-0.08763397620027388,-0.004253547741888269,1973,-1.0488455377009906,-1.132672593567297,0.0838270558663063,0.0034881164404536764,2036,7.637119353678568,7.633312433344602,0.0038069203339666014,0.0007654313014346234,2135
11.86,-6.619750447541157,-5.00447060167903,-6.619750447541157,-6.5324116309472515,-0.08733881659390552,-0.004243649607267551,1973,-1.0241234497758576,-1.1079256348235378,0.0838021850476802,0.0034889472491520996,2036,7.6438738973170155,7.640337265770791,0.003536631546224525,0.0007547023581153242,2135
11.870000000000001,-6.651161744840331,-4.994047643043978,-6.651161744840331,-6.564118974126618,-0.08704277071371173,-0.004233709587622569,1972,-0.999391254165722,-1.0831677210177852,0.08377646685206308,0.003489743621749278,2037,7.650552999006053,7.6472866951444045,0.0032663038616488394,0.0007439659658734403,2135
11.88,-6.682507397858255,-4.983575395174874,-6.682507397858255,-6.595761556362828,-0.08674584149542719,-0.004223727781053285,1972,-0.9746491949673883,-1.0583990965122667,0.08374990154487842,0.003490505550380963,2037,7.657156592825644,7.654160652875096,0.002995939950547381,0.0007332222306721753,2135
11.89,-6.713787097226005,-4.973053961428571,-6.713787097226005,-6.627339065342476,-0.08644803188352913,-0.004213704286081863,1972,-0.9498975163749788,-1.0336200057749145,0.08372248939993557,0.003491233027532419,2037,7.663684613600984,7.660959071117392,0.002725542483592158,0.0007224712585491419,2135
11.9,-6.745000534225566,-4.96248344564737,-6.745000534225566,-6.658851189394414,-0.0861493448311522,-0.0042036392016341585,1971,-0.9251364626775754,-1.0088306933769506,0.083694230699375,0.003491926046022655,2037,7.6701369969031425,7.667681882771366,0.002455114131776416,0.0007117131556116764,2135
11.91,-6.776147400792922,-4.951863952157997,-6.776147400792922,-6.690297617492824,-0.08584978330009814,-0.004193532627051784,1971,-0.9003662782567768,-0.9840314039904742,0.08366512573369743,0.003492584599014373,2038,7.676513679049699,7.674329021483301,0.0021846575663987335,0.0007009480280371809,2135
11.92,-6.807227389521073,-4.941195585770566,-6.807227389521073,-6.721678039260289,-0.08554935026078474,-0.004183384662082818,1971,-0.8755872075843047,-0.9592223823860473,0.0836351748017426,0.0034932086800081676,2038,7.682814597105379,7.680900421646339,0.001914175459040758,0.0006901759820745817,2135
11.93,-6.838240193663084,-4.930478451777543,-6.838240193663084,-6.752992144970856,-0.08524804869222925,-0.004173195406886432,1970,-0.8507994952195806,-0.9344038734302773,0.08360437821069663,0.003493798282846084,2038,7.689039688882664,7.687396018401134,0.0016436704815306303,0.0006793971240399528,2135
11.94,-6.869185507135088,-4.919712655952718,-6.869185507135088,-6.78423962555309,-0.08494588158199905,-0.004162964962024496,1970,-0.8260033858073229,-0.9095761220834023,0.08357273627607953,0.003494353401708725,2039,7.695188892942411,7.693815747636492,0.0013731453059175397,0.0006686115603155339,2136
11.950000000000001,-6.900063024519347,-4.908898304550138,-6.900063024519347,-6.8154201725931305,-0.0846428519262156,-0.004152693428471842,1970,-0.8011991240751073,-0.8847393733968711,0.08354024932176375,0.003494874031121592,2039,7.701262148594455,7.700159545990003,0.0011026026044526403,0.0006578193973506494,2136
11.96,-6.930872441067213,-4.898035504303101,-6.930872441067213,-6.846533478337732,-0.08433896272948052,-0.0041423809076006814,1969,-0.7763869548310053,-0.859893872510927,0.08350691767992167,0.0034953601659408703,2039,7.707259395898218,7.706427350848659,0.0008320450495588372,0.00064702074166007,2136
11.97,-6.961613452702192,-4.887124362423054,-6.961613452702192,-6.877579235697299,-0.08403421700489389,-0.004132027501196049,1969,-0.7515671229610988,-0.8350398646521874,0.08347274169108855,0.003495811801373455,2039,7.7131805756632925,7.712619100349485,0.0005614753138069301,0.0006362156998229555,2136
11.98,-6.99228575602291,-4.876164986598563,-6.99228575602291,-6.908557138248917,-0.0837286177739922,-0.004121633311442206,1968,-0.7267398734271089,-0.8101775951312237,0.08343772170411463,0.0034962289329625827,2040,7.71902562945002,7.718734733380142,0.0002908960698774486,0.0006254043784798685,2136
11.99,-7.022889048306122,-4.865157484994241,-7.022889048306122,-6.939466880239388,-0.08342216806673323,-0.004111198440928405,1968,-0.7019054512639632,-0.7853073093401391,0.08340185807617587,0.003496611556592734,2040,7.724794499570084,7.724774189579529,2.030999055588037e-05,0.0006145868843354229,2136
12.0,-7.053423027509676,-4.854101966249686,-7.053423027509676,-6.97030815658823,-0.08311487092144683,-0.004100722992640469,1968,-0.6770641015773855,-0.7604292527501484,0.08336515117276286,0.003496959668487543,2040,7.730487129087062,7.730737409338379,-0.0002502802513166272,0.0006037633241528012,2136
12.01,-7.083887392275532,-4.842998539478403,-7.083887392275532,-7.001080662890699,-0.08280672938483244,-0.004090207069969868,1967,-0.6522160695414669,-0.7355436709091538,0.08332760136768684,0.003497273265212578,2041,7.736103461816998,7.7366243337998535,-0.0005208719828559893,0.0005929338047570296,2136
12.02,-7.114281841932709,-4.831847314266734,-7.114281841932709,-7.031784095420794,-0.08249774651191459,-0.004079650776706268,1967,-0.627361600396251,-0.7106508094393224,0.08328920904307135,0.0034975523436740004,2041,7.741643442328961,7.742434904860118,-0.0007914625311574474,0.0005820984330322312,2136
12.030000000000001,-7.144606076500261,-4.8206484006727655,-7.144606076500261,-7.062418151134254,-0.08218792536600716,-0.00406905421703621,1967,-0.6025009394453116,-0.6857509140346608,0.08324997458934924,0.0034977969011187058,2041,7.747107015945572,7.7481690651689155,-0.0010620492233432777,0.000571257315917493,2136
12.040000000000001,-7.174859796690226,-4.80940190922526,-7.174859796690226,-7.09298252767154,-0.08187726901868553,-0.004058417495543042,1966,-0.5776343320533447,-0.6608442304585925,0.08320989840524783,0.003498006935131361,2041,7.75249412874357,7.753826758130133,-0.0013326293865627914,0.0005604105604114446,2136
12.05,-7.2050427039106095,-4.798107950922541,-7.2050427039106095,-7.123476923360833,-0.08156578054977698,-0.004047740717210448,1966,-0.5527620236437161,-0.63593100454153,0.08316898089781395,0.0034981824436430536,2042,7.757804727554327,7.759407927902363,-0.0016032003480368616,0.0005495582735676879,2136
12.06,-7.235154500268296,-4.786766637231424,-7.235154500268296,-7.153901037221002,-0.08125346304729479,-0.004037023987412977,1966,-0.527884259696078,-0.61101148217845,0.08312722248237199,0.003498323424919631,2042,7.763038759964376,7.764912519399451,-0.0018737594350754173,0.000538700562493684,2136
12.07,-7.265194888572014,-4.775378080086094,-7.265194888572014,-7.184254568964573,-0.08094031960744055,-0.004026267411922565,1965,-0.5030012857439118,-0.586085909326466,0.08308462358255418,0.003498429877572406,2042,7.768196174315928,7.770340478291039,-0.0021443039751124294,0.0005278375343504135,2136
12.08,-7.295163572335264,-4.763942391887012,-7.295163572335264,-7.214537219000706,-0.0806263533345581,-0.004015471096904807,1965,-0.4781133473721236,-0.5611545320024004,0.08304118463027692,0.0034985018005518507,2043,7.773276919707389,7.775691751003107,-0.0024148312957170417,0.0005169692963533767,2136
12.09,-7.325060255779229,-4.752459685499803,-7.325060255779229,-7.244748688438136,-0.0803115673410929,-0.004004635148913159,1965,-0.45322069021461964,-0.5362175962803574,0.08299690606573766,0.003498539193148225,2043,7.77828094599385,7.780966284718493,-0.0026853387246428707,0.0005060959557651751,2136
12.1,-7.354884643835716,-4.740930074254144,-7.354884643835716,-7.27488867908813,-0.07999596474758418,-0.003993759674896686,1964,-0.4283235599518778,-0.511275348289293,0.08295178833741518,0.0034985420549932013,2043,7.783208203787594,7.786164027377423,-0.002955823589829595,0.0004952176199036857,2137
12.11,-7.384636442150052,-4.729353671942642,-7.384636442150052,-7.304956893467433,-0.07967954868261952,-0.003982844782192829,1964,-0.4034222023085197,-0.4863280342105875,0.08290583190206781,0.003498510386060291,2043,7.788058644458574,7.791284927678022,-0.0032262832194474844,0.00048433439613256805,2137
12.120000000000001,-7.414315357084013,-4.717730592819713,-7.414315357084013,-7.334953034801198,-0.07936232228281585,-0.003971890578530516,1964,-0.3785168630508868,-0.4613759002756138,0.08285903722472707,0.003498444186664121,2044,7.7928322201348985,7.796328935076812,-0.0034967149419133,0.000473446391865702,2137
12.13,-7.4439210957186726,-4.70606095160046,-7.4439210957186726,-7.364876807025917,-0.07904428869275576,-0.003960897172019743,1963,-0.35360778798463377,-0.4364191927633088,0.08281140477867503,0.0034983434574556715,2044,7.797528883703306,7.801295999789227,-0.003767116085920512,0.0004625537145636731,2137
12.14,-7.473453365857352,-4.694344863459527,-7.473453365857352,-7.394727914792346,-0.07872545106500504,-0.003949864671165055,1963,-0.32869522295226883,-0.41145815799774227,0.08276293504547347,0.0034982081994321982,2044,7.8021485888096205,7.80618607279009,-0.004037483980469515,0.00045165647173259216,2137
12.15,-7.502911876028462,-4.682582444029976,-7.502911876028462,-7.424506063468418,-0.07840581256004434,-0.003938793184852755,1963,-0.30377941383075463,-0.38649304234568566,0.08271362851493104,0.003498038413928508,2045,7.8066912898592165,7.810999105814104,-0.004307815954886709,0.00044075477092410213,2137
12.16,-7.532296335488403,-4.67077380940214,-7.532296335488403,-7.454210959142147,-0.07808537634625631,-0.00392768282235541,1962,-0.27886060652906886,-0.3615240922141809,0.08266348568511202,0.0034978341026212865,2045,7.811156942017472,7.815735051356326,-0.004578109338854717,0.0004298487197342835,2137
12.17,-7.561606454224425,-4.658919076122471,-7.561606454224425,-7.483842308624535,-0.0777641455998892,-0.003916533693329199,1962,-0.25393904698577613,-0.33655155404810777,0.08261250706233166,0.003497595267528913,2045,7.815545501210202,7.820393862672643,-0.004848361462441009,0.0004189384258010201,2137
12.18,-7.590841942957493,-4.647018361192403,-7.590841942957493,-7.513399819452465,-0.07744212350502809,-0.003905345907814481,1962,-0.22901498116660693,-0.31157567432775196,0.08256069316114498,0.0034973219110095623,2045,7.8198569241241,7.824975493780217,-0.005118569656116984,0.00040802399680495323,2137
12.19,-7.620002513145125,-4.635071782067188,-7.620002513145125,-7.542883199891581,-0.07711931325354408,-0.0038941195762273416,1961,-0.2040886550620335,-0.28659669956637246,0.08250804450433899,0.0034970140357606806,2046,7.824091168207158,7.829479899457954,-0.005388731250796142,0.0003971055404663132,2137
12.200000000000001,-7.64908787698428,-4.623079456654733,-7.64908787698428,-7.572292158939176,-0.0767957180451038,-0.003882854809372097,1961,-0.17916031468482113,-0.26161487630776814,0.08245456162294702,0.0034966716448245104,2046,7.828248191669102,7.833907035246945,-0.005658843577843617,0.00038618316454745553,2137
12.21,-7.678097747414142,-4.611041503314459,-7.678097747414142,-7.601626406327058,-0.07647134108708514,-0.0038715517184239063,1961,-0.15423020606763996,-0.2366304511238454,0.08240024505620547,0.0034962947415769323,2046,7.832327953481783,7.8382568574509035,-0.005928903969120712,0.00037525697684689507,2137
12.22,-7.707031838119012,-4.598958040856099,-7.707031838119012,-7.630885652524415,-0.07614618559459792,-0.0038602104149441235,1960,-0.12929857526058955,-0.21164367061218411,0.08234509535159457,0.0034958833297414186,2047,7.836330413379603,7.8425293231366,-0.006198909756997619,0.0003643270852026481,2137
12.23,-7.735889863531095,-4.58682918853855,-7.735889863531095,-7.660069608740677,-0.07582025479041708,-0.003848831010867179,1960,-0.10436566832880155,-0.18665478139360364,0.08228911306480208,0.003495437413379034,2047,7.840255531859897,7.846724390134283,-0.006468858274385224,0.0003533935974879667,2137
12.24,-7.764671538833331,-4.574655066068685,-7.764671538833331,-7.689177986928365,-0.07549355190496684,-0.0038374136185049083,1960,-0.07943173134999704,-0.16166403010972857,0.08223229875973151,0.003494956996892797,2047,7.844103270183329,7.850842017038095,-0.006738746854765321,0.000342456621611969,2137
12.25,-7.793376579962201,-4.562435793600185,-7.793376579962201,-7.7182104997859255,-0.07516608017627607,-0.0038259583505421135,1959,-0.05449701041207723,-0.13667166342055526,0.08217465300847802,0.0034944420850223723,2047,7.847873590374279,7.854882163206481,-0.00700857283220175,0.0003315162655197308,2137
12.26,-7.822004703610541,-4.55017149173233,-7.822004703610541,-7.74716686076058,-0.0748378428499609,-0.003814465320039497,1959,-0.029561751610664187,-0.11167792800201683,0.08211617639135264,0.0034938926828529115,2048,7.851566455221206,7.858844788762597,-0.0072783335413912735,0.0003205726371869758,2137
12.27,-7.850555627230332,-4.537862281508832,-7.850555627230332,-7.776046784051143,-0.07450884317918804,-0.0038029346404313867,1959,-0.004626201046696219,-0.08668307054354853,0.0820568694968523,0.0034933087958072813,2048,7.855181828277028,7.862729854594692,-0.007548026317663593,0.0003096258446242438,2137
12.280000000000001,-7.879029069035478,-4.525508284416623,-7.879029069035478,-7.804849984610848,-0.07417908442463036,-0.003791366425519643,1958,0.02030939517600834,-0.061687337745653215,0.08199673292166157,0.0034926904296487225,2048,7.858719673859469,7.8665373223565,-0.007817648497030634,0.0002986759958708701,2137
12.290000000000001,-7.907424748004602,-4.513109622384671,-7.907424748004602,-7.833576178150155,-0.07384856985444777,-0.003779760789478415,1958,0.045244790953179535,-0.03669097631746674,0.08193576727064628,0.0034920375904806482,2049,7.862179957051422,7.870267154467621,-0.008087197416197683,0.0002877231989979025,2137
12.3,-7.935742383883825,-4.500666417782757,-7.935742383883825,-7.862225081139563,-0.07351730274426167,-0.0037681178468543528,1958,0.07017974018253605,-0.011694232974322209,0.08187397315685825,0.0034913502847494227,2049,7.8655626437012875,7.873919314113883,-0.008356670412595194,0.0002767675621050932,2137
12.31,-7.963981697189502,-4.488178793420295,-7.963981697189502,-7.8907964108124045,-0.07318528637709791,-0.003756437712556764,1957,0.09511399676618332,0.013302645564683727,0.08181135120149959,0.0034906285192357737,2049,7.868867700423318,7.87749376524772,-0.008626064824401052,0.00026580919332123715,2138
12.32,-7.9921424092110165,-4.475646872545093,-7.9921424092110165,-7.919289885167637,-0.07285252404338023,-0.0037447205018663965,1957,0.12004731461308173,0.0382994125791267,0.081747902033955,0.0034898723010664094,2049,7.8720950945979355,7.880990472588509,-0.008895377990573968,0.0002548482008001736,2138
12.33,-8.020224242013516,-4.463070778842148,-8.020224242013516,-7.947705222972624,-0.07251901904089059,-0.0037329663304298787,1957,0.14497944764145496,0.06329582134968997,0.08168362629176497,0.0034890816377069122,2050,7.875244794372061,7.884409401622935,-0.009164607250874151,0.00024388469272276,2138
12.34,-8.048226918440639,-4.450450636432434,-8.048226918440639,-7.97604214376592,-0.07218477467471832,-0.0037211753142548307,1956,0.16991014978120733,0.08829162516059867,0.08161852462060866,0.003488256536959199,2050,7.878316768659431,7.887750518605322,-0.009433749945890347,0.0002329187772955564,2138
12.35,-8.076150162117276,-4.437786569871658,-8.076150162117276,-8.004300367860024,-0.07184979425725206,-0.003709347569715837,1956,0.19483917497637437,0.11328657730205491,0.08155259767431947,0.003487397006968088,2050,7.881310987140902,7.8910137905579685,-0.00970280341706687,0.00022195056274764216,2138
12.36,-8.103993697452289,-4.425078704149043,-8.103993697452289,-8.03247961634415,-0.07151408110813853,-0.0036974832135488874,1956,0.21976627718754554,0.13828043107267313,0.0814858461148724,0.0034865030562188913,2050,7.884227420264743,7.894199185271477,-0.009971765006733817,0.0002109801573300556,2138
12.370000000000001,-8.131757249641227,-4.412327164686096,-8.131757249641227,-8.060579611086975,-0.07117763855425066,-0.003685582362853849,1956,0.24469121039428793,0.16327293978191504,0.0814182706123729,0.003485574693535825,2051,7.887066039246942,7.897306671305062,-0.010240632058119795,0.0002000076693185358,2138
12.38,-8.15944054466903,-4.399532077335363,-8.15944054466903,-8.088600074739396,-0.0708404699296335,-0.003673645135083772,1955,0.26961372859756505,0.18826385675252355,0.08134987184504149,0.003484611928079913,2051,7.889826816071465,7.900336217986872,-0.010509401915407572,0.00018903320700383412,2138
12.39,-8.187043309312758,-4.386693568379184,-8.187043309312758,-8.116540730737242,-0.0705025785755154,-0.0036616716480585643,1955,0.29453358582219524,0.21325293532295847,0.08128065049923677,0.0034836147693574444,2051,7.892509723490566,7.903287795414285,-0.010778071923719778,0.00017805687870139746,2138
12.4,-8.214565271144265,-4.37381176452847,-8.214565271144265,-8.144401303304033,-0.07016396784023167,-0.0036496620199511116,1955,0.31945053611923485,0.23823992884982964,0.08121060726940528,0.0034825832272069135,2052,7.895114735025032,7.9061613744542045,-0.01104663942917296,0.0001670787927441006,2138
12.41,-8.242006158532897,-4.360886792921418,-8.242006158532897,-8.172181517453678,-0.06982464107921979,-0.0036376163692929423,1954,0.34436433356845053,0.263224590710332,0.08113974285811855,0.003481517311812422,2052,7.897641824964449,7.908956926743347,-0.011315101778898263,0.0001560990574804317,2138
12.42,-8.269365700648176,-4.347918781122281,-8.269365700648176,-8.199881098993204,-0.0694846016549733,-0.0036255348149715804,1954,0.3692747322807185,0.2882066743046795,0.08106805797603894,0.003480417033694715,2052,7.90009096836746,7.911674424688526,-0.011583456321065284,0.00014511778127677434,2138
12.43,-8.296643627462476,-4.334907857120098,-8.296643627462476,-8.227499774525453,-0.06914385293702273,-0.003613417476229913,1954,0.3941814864004682,0.3131859330585397,0.08099555334192847,0.0034792824037160348,2052,7.902462141062009,7.914313841466916,-0.011851700404905926,0.00013413507251359372,2138
12.44,-8.323839669753657,-4.321854149327441,-8.323839669753657,-8.25503727145179,-0.06880239830186559,-0.0036012644726584487,1953,0.41908435010807815,0.3381621204254659,0.08092222968261228,0.003478113433071568,2053,7.90475531964558,7.9168751510263276,-0.012119831380747792,0.00012315103958675244,2138
12.450000000000001,-8.350953559107774,-4.308757786579133,-8.350953559107774,-8.282493317974787,-0.06846024113298708,-0.0035890759242070865,1953,0.44398307762234657,0.3631349898893314,0.08084808773301519,0.0034769101333023897,2053,7.906970481485429,7.919358328085457,-0.012387846600028497,0.00011216579090458402,2138
12.46,-8.377985027921673,-4.2956188981309875,-8.377985027921673,-8.3098676431009,-0.06811738482077422,-0.0035768519511695587,1953,0.46887742320288117,0.3881042949667624,0.08077312823611875,0.003475672516284299,2053,7.909107604718794,7.921763348134139,-0.012655743415344973,0.00010117943488515899,2138
12.47,-8.404933809405676,-4.28243761365853,-8.404933809405676,-8.337159976643155,-0.06777383276252058,-0.0035645926741941624,1952,0.49376714115253956,0.41306978920957027,0.08069735194296937,0.003474400594232649,2054,7.911166668253138,7.924090187433587,-0.012923519180448687,9.019207996143006e-05,2138
12.48,-8.431799637586188,-4.269214063255714,-8.431799637586188,-8.364370049223812,-0.0674295883623786,-0.0035522982142759786,1952,0.5186519858198588,0.43803122620718427,0.0806207596126745,0.0034730943797030675,2054,7.913147651766331,7.926338823016628,-0.013191171250296542,7.920383457279447e-05,2138
12.49,-8.458582247308339,-4.255948377433643,-8.458582247308339,-8.39149759227701,-0.06708465503132621,-0.0035399686927586084,1952,0.5435317116014704,0.46298835958908424,0.08054335201238612,0.0034717538855885133,2054,7.91505053570687,7.928509232687928,-0.01345869698105882,6.821480717021915e-05,2138
12.5,-8.485281374238568,-4.242640687119286,-8.485281374238568,-8.418542338051447,-0.06673903618712226,-0.003527604231328002,1951,0.5684060729445147,0.48794094302723034,0.08046512991728438,0.0034703791251170443,2054,7.916875301294056,7.930601395024216,-0.013726093730160531,5.722510621126997e-05,2138
12.51,-8.511896754867285,-4.2292911236541695,-8.511896754867285,-8.445504019612985,-0.0663927352543002,-0.0035152049520198623,1951,0.5932748243490957,0.5128887302384957,0.0803860941106,0.0034689701118605304,2055,7.91862193051819,7.932615289374489,-0.013993358856297319,4.6234840159864454e-05,2138
12.52,-8.538428126511423,-4.215899818793094,-8.538428126511423,-8.472382370847315,-0.06604575566410761,-0.003502770977210843,1951,0.6181377203706786,0.5378314749870969,0.08030624538358162,0.0034675268597264574,2055,7.920290406140745,7.934550895860218,-0.01426048971947362,3.524411748419883e-05,2138
12.530000000000001,-8.564875227317057,-4.202466904702837,-8.564875227317057,-8.499177126462573,-0.0656981008544824,-0.0034903024296195012,1951,0.6429945156225114,0.5627689310870239,0.08022558453548766,0.003466049382958265,2055,7.921880711694546,7.93640819537555,-0.014527483681004271,2.4253046661188923e-05,2138
12.540000000000001,-8.591237796261973,-4.188992513960836,-8.591237796261973,-8.525888021991953,-0.06534977427001933,-0.003477799432305394,1950,0.6678449647780614,0.5877008524044693,0.08014411237359205,0.003464537696139511,2056,7.9233928314839135,7.9381871695874855,-0.014794338103571735,1.3261736166395727e-05,2138
12.55,-8.617515573158267,-4.175476779553887,-8.617515573158267,-8.552514793796325,-0.06500077936194147,-0.0034652621086716413,1950,0.6926888225734296,0.6126269928602591,0.08006182971317038,0.003462991814191273,2056,7.92482675058484,7.939887800936067,-0.015061050351227708,2.270294480338081e-06,2138
12.56,-8.643708298654882,-4.161919834876833,-8.643708298654882,-8.579057179066833,-0.06465111958804931,-0.003452690582455017,1950,0.717525843809766,0.6375471064322794,0.07997873737748665,0.0034614117523709114,2056,7.926182454845119,7.941510072634553,-0.015327617789434466,-8.721169915662866e-06,2138
12.57,-8.669815714240196,-4.148321813731242,-8.669815714240196,-8.605514915827486,-0.06430079841270951,-0.003440084977733974,1949,0.7423557833557035,0.6624609471579066,0.07989483619779693,0.003459797526275287,2056,7.927459930884494,7.943053968669581,-0.015594037785085528,-1.9712548541113428e-05,2138
12.58,-8.69583756224456,-4.134682850324091,-8.69583756224456,-8.631887742937755,-0.06394981930680417,-0.0034274454189221074,1949,0.7671783961497632,0.6873682691364337,0.07981012701332961,0.00345814915183683,2057,7.928659166094797,7.9445194738013205,-0.01586030770652316,-3.070373291471848e-05,2138
12.59,-8.721773585842833,-4.12100307926645,-8.721773585842833,-8.658175400095134,-0.06359818574769892,-0.0034147720307667988,1949,0.7919934372027719,0.7122688265314971,0.07972461067127495,0.0034564666453235065,2057,7.929780148640062,7.9459065735636365,-0.016126424923573357,-4.169461455629658e-05,2138
12.6,-8.747623529056936,-4.107282635572133,-8.747623529056936,-8.684377627837724,-0.06324590121921114,-0.0034020649383506765,1948,0.8168006616002956,0.7371623735735036,0.07963828802679207,0.0034547500233428124,2057,7.930822867456641,7.947215254264219,-0.016392386807577645,-5.268508499193126e-05,2138
12.61,-8.773387136758364,-4.093521654656381,-8.773387136758364,-8.710494167546784,-0.06289296921158137,-0.003389324267089074,1948,0.8415998245050451,0.7620486645620556,0.07955115994298956,0.003452999302838297,2058,7.931787312253322,7.948445502984728,-0.016658190731405814,-6.367503574891686e-05,2138
12.620000000000001,-8.799064154670722,-4.079720272334515,-8.799064154670722,-8.736524761449289,-0.06253939322143189,-0.003376550142729919,1948,0.866390681159301,0.7869274538683768,0.07946322729092406,0.0034512145010912234,2058,7.932673473511423,7.949597307580914,-0.01692383406949088,-7.46643583611874e-05,2138
12.63,-8.824654329372189,-4.065878624820614,-8.824654329372189,-8.762469152620474,-0.06218517675171591,-0.003363742691345121,1948,0.8911729868873028,0.8117984959377352,0.0793744909495676,0.003449395635713861,2058,7.933481342484889,7.95067065668274,-0.01718931419785139,-8.565294436909537e-05,2138
12.64,-8.850157408298086,-4.051996848726147,-8.850157408298086,-8.788327084986362,-0.06183032331172548,-0.0033509020393440534,1947,0.9159464970977073,0.8366615452918674,0.07928495180584001,0.0034475427246614433,2058,7.934210911200382,7.951665539694496,-0.017454628494113635,-9.664068531765706e-05,2138
12.65,-8.875573139743317,-4.038075081058642,-8.875573139743317,-8.8140983033263,-0.061474836417015136,-0.0033380283134576234,1947,0.9407109672859668,0.8615163565314008,0.0791946107545659,0.0034456557862213586,2059,7.9348621724573505,7.9525819467949015,-0.017719774337551456,-0.00010762747276424171,2138
12.66,-8.900901272864868,-4.024113459220323,-8.900901272864868,-8.839782553275478,-0.06111871958939083,-0.003325121640746365,1947,0.9654661530367581,0.8863626843382767,0.07910346869848131,0.0034437348390178694,2059,7.935435119828113,7.953419868937203,-0.017984749109090977,-0.00011861319827174109,2138
12.67,-8.926141557684296,-4.010112121006762,-8.926141557684296,-8.865379581327431,-0.06076197635686534,-0.0033121821485951374,1946,0.9902118100263942,0.9112002834781704,0.07901152654822387,0.0034417799020115113,2059,7.935929747657906,7.9541792978492625,-0.01824955019135675,-0.00012959775341628548,2138
12.68,-8.951293745090185,-3.9960712046055105,-8.951293745090185,-8.89088913483655,-0.060404610253634444,-0.0032992099647134038,1946,1.014947694025235,0.9360289088029125,0.07891878522232268,0.0034397909944984375,2060,7.936346051064951,7.95486022603364,-0.01851417496868922,-0.0001405810297850892,2138
12.69,-8.976357586840587,-3.981990848594753,-8.976357586840587,-8.916310962020574,-0.060046624820013335,-0.0032862052171299576,1946,1.0396735609000807,0.9608483152529074,0.0788252456471734,0.0034377681361060335,2060,7.936684025940507,7.955462646767668,-0.018778620827160666,-0.00015156291897649825,2138
12.700000000000001,-9.001332835565517,-3.96787119194191,-9.001332835565517,-8.941644811963066,-0.05968802360245087,-0.0032731680342009944,1946,1.0643891666166219,0.9856582578595527,0.07873090875706897,0.003435711346804152,2060,7.936943668948896,7.9559865541035135,-0.01904288515461809,-0.00016254331260344857,2138
12.71,-9.026219244769337,-3.953712374002301,-9.026219244769337,-8.966890434615904,-0.059328810153432616,-0.00326009854459429,1945,1.0890942672417914,1.010458491747657,0.07863577549413457,0.0034336206468885736,2060,7.937124977527546,7.956431942868248,-0.01930696534070077,-0.00017352210229385802,2138
12.72,-9.051016568833246,-3.939514534517739,-9.051016568833246,-8.992047580801737,-0.05896898803150946,-0.003246996877305529,1945,1.1137886189462305,1.035248772137855,0.0785398468083755,0.0034314960569977243,2061,7.937227949887015,7.956798808663881,-0.019570858776865634,-0.00018449917969200376,2138
12.73,-9.075724563017662,-3.9252778136151676,-9.075724563017662,-9.017116002216449,-0.05860856080121332,-0.0032338631616427175,1945,1.1384719780066546,1.0600288543490257,0.07844312365762868,0.0034293375981006425,2061,7.937252585011008,7.957087147867422,-0.019834562856414356,-0.00019547443645788823,2138
12.74,-9.100342983464659,-3.9110023518052746,-9.100342983464659,-9.042095451431608,-0.0582475320330492,-0.003220697527231066,1944,1.1631441008082746,1.0847984938007065,0.07834560700756797,0.003427145291501276,2061,7.937198882656385,7.957296957630903,-0.020098074974517186,-0.00020644776426983948,2138
12.75,-9.124871587200367,-3.896688289981104,-9.124871587200367,-9.066985681896917,-0.057885905303450634,-0.003207500104012031,1944,1.1878047438472015,1.1095574460155067,0.07824729783169478,0.0034249191588382054,2062,7.9370668433531675,7.957428235881411,-0.02036139252824315,-0.00021741905482586688,2138
12.76,-9.149310132137375,-3.8823357694166654,-9.149310132137375,-9.091786447942628,-0.05752368419474634,-0.00319427102224074,1944,1.2124536637328476,1.1343054666215209,0.07814819711132649,0.003422659222084,2062,7.936856468404528,7.957480981321108,-0.020624512916580753,-0.0002283881998433766,2138
12.77,-9.173658377077098,-3.867944931765548,-9.173658377077098,-9.116497504781988,-0.05716087229511089,-0.0031810104124807307,1944,1.2370906171903144,1.1590423113547403,0.0780483058355741,0.0034203655035413383,2062,7.936567759886784,7.957455193427249,-0.020887433540464993,-0.00023935509106126455,2138
12.780000000000001,-9.197916081712204,-3.853515919059504,-9.197916081712204,-9.14111860851364,-0.056797473198563125,-0.0031677184056135305,1943,1.2617153610628302,1.1837677360614647,0.07794762500136554,0.0034180380258525315,2062,7.936200720649373,7.957350872452177,-0.02115015180280281,-0.00025031962023934744,2138
12.790000000000001,-9.222083006628921,-3.8390488737070685,-9.222083006628921,-9.16564951612404,-0.05643349050488186,-0.0031543951328215636,1943,1.286327652314099,1.2084814967007091,0.07784615561338994,0.0034156768119856114,2063,7.935755354314822,7.957168019423329,-0.02141266510850808,-0.00026128167916414716,2138
12.8,-9.246158913309472,-3.8245439384921376,-9.246158913309472,-9.190089985489841,-0.05606892781963135,-0.003141040725606281,1943,1.3109272480307528,1.2331833493466162,0.07774389868413653,0.0034132818852489278,2063,7.935231665278721,7.956906636143225,-0.021674970864504782,-0.0002722411596423257,2138
12.81,-9.270143564134372,-3.8100012565725643,-9.270143564134372,-9.214439775380303,-0.055703788754070636,-0.003127655315769598,1943,1.3355139054247105,1.2578730501908613,0.07764085523384914,0.0034108532692794413,2063,7.934629658709664,7.956566725189441,-0.021937066479777906,-0.00028319795350972756,2138
12.82,-9.294036722384805,-3.795420971478748,-9.294036722384805,-9.238698645459658,-0.05533807692514558,-0.0031142390354216877,1942,1.3600873818355905,1.2825503555450601,0.07753702629053054,0.0034083909880477884,2063,7.933949340549214,7.956148289914598,-0.022198949365384562,-0.00029415195262626204,2138
12.83,-9.31783815224494,-3.7808032271122163,-9.31783815224494,-9.262866356289491,-0.054971795955449126,-0.0031007920169762743,1942,1.3846474347331017,1.3072150218431722,0.07743241288992976,0.003405895065856537,2064,7.933190717511839,7.955651334446318,-0.02246061693447944,-0.00030510304887974415,2138
12.84,-9.341547618804277,-3.766148167744206,-9.341547618804277,-9.286942669331095,-0.05460494947318153,-0.003087314393151605,1942,1.4091938217194366,1.3318668056439065,0.07732701607553033,0.0034033655273400247,2064,7.932353797084842,7.955075863687189,-0.022722066602348205,-0.00031605113418844717,2138
12.85,-9.365164888059956,-3.751455938014231,-9.365164888059956,-9.310927346947835,-0.05423754111212175,-0.003073806296968069,1941,1.4337263005316714,1.3565054636331235,0.07722083689854792,0.003400802397466183,2064,7.931438587528287,7.95442188331471,-0.022983295786423386,-0.0003269961004977876,2138
12.86,-9.388689726919056,-3.736726682928676,-9.388689726919056,-9.334820152407481,-0.053869574511574946,-0.0030602678617438032,1941,1.4582446290441335,1.3811307526262362,0.07711387641789733,0.0033982057015297484,2065,7.930445097874924,7.953689399781244,-0.02324430190632098,-0.0003379378397857617,2138
12.870000000000001,-9.41212190320092,-3.721960547859338,-9.41212190320092,-9.358620849884561,-0.053501053316358196,-0.0030466992211002015,1941,1.4827485652708234,1.4057424295706102,0.07700613570021311,0.0033955754651614697,2065,7.9293733379300955,7.952878420313949,-0.023505082383853137,-0.00034887624406117635,2138
12.88,-9.43546118563943,-3.707157678542004,-9.43546118563943,-9.382329204462671,-0.05313198117675911,-0.0030331005089564043,1941,1.5072378673677904,1.4303402515479633,0.07689761581982706,0.0033929117143235415,2065,7.928223318271638,7.951988952914705,-0.02376563464306636,-0.0003598112053670617,2138
12.89,-9.45870734388528,-3.6923182210750287,-9.45870734388528,-9.405944982136804,-0.05276236174847703,-0.003019471859524314,1940,1.531712293635496,1.454923975776762,0.07678831785873423,0.003390214475303016,2065,7.9269950502497855,7.9510210063600395,-0.024025956110254217,-0.00037074261577829844,2138
12.9,-9.481860148508284,-3.6774423219178587,-9.481860148508284,-9.42946794981566,-0.0523921986926246,-0.003005813407316432,1940,1.5561716025212422,1.479493359614618,0.07667824290662406,0.003387483774724088,2066,7.925688545987043,7.949974590201041,-0.02428604421399708,-0.00038167036740731786,2138
12.91,-9.504919370999604,-3.662530127889616,-9.504919370999604,-9.45289787532394,-0.05202149567566255,-0.0029921252871364656,1940,1.5806155526215222,1.504048160560684,0.07656739206083861,0.0033847196395379426,2066,7.924303818378082,7.948849714763257,-0.024545896385174872,-0.00039259435240136895,2138
12.92,-9.52788478377402,-3.647581786167634,-9.52788478377402,-9.476234527404644,-0.05165025636937588,-0.0029784076340822153,1940,1.6050439026844185,1.5285881362580447,0.07645576642637414,0.003381922097026689,2066,7.922840881089603,7.947646391146599,-0.024805510056997274,-0.0004035144629448645,2138
12.93,-9.550756160172185,-3.632597444286011,-9.550756160172185,-9.49947767572135,-0.05127848445083567,-0.002964660583542063,1939,1.6294564116119774,1.5531130444961116,0.07634336711586562,0.003379091174801443,2067,7.921299748560209,7.946364631225237,-0.02506488266502916,-0.0004144305912593864,2138
12.94,-9.573533274462852,-3.617577250134148,-9.573533274462852,-9.522627090860485,-0.05090618360236725,-0.0029508842711968583,1939,1.6538528384625992,1.577622643213013,0.07623019524958609,0.003376226900805213,2067,7.919680436000256,7.945004447647473,-0.025324011647217648,-0.0004253426296082913,2138
12.950000000000001,-9.596215901845085,-3.6025213519553048,-9.596215901845085,-9.545682544333596,-0.050533357511489824,-0.002937078833009937,1939,1.6782329424533853,1.6021166904979802,0.07611625195540477,0.0033733293033037133,2067,7.917982959391701,7.943565853835617,-0.025582894443915937,-0.0004362504702940138,2138
12.96,-9.618803818450518,-3.587429898345114,-9.618803818450518,-9.5686438085796,-0.050160009870918024,-0.002923244405239604,1939,1.7025964829625602,1.6265949445937387,0.07600153836882163,0.003370398410898769,2067,7.916207335487957,7.94204886398586,-0.025841528497904,-0.0004471540056596524,2138
12.97,-9.641296801345533,-3.5723030382501273,-9.641296801345533,-9.591510656967026,-0.049786144378506265,-0.0029093811244271794,1938,1.7269432195318202,1.6510571638988916,0.07588605563292862,0.003367434252518952,2068,7.914353581813714,7.940453493068137,-0.026099911254423545,-0.000458053128091958,2138
12.98,-9.663694628533465,-3.5571409209663547,-9.663694628533465,-9.614282863796268,-0.04941176473719624,-0.0028954891273968997,1938,1.7512729118686925,1.675503106970306,0.0757698048983868,0.00336443685741689,2068,7.912421716664773,7.938779756825964,-0.026358040161190765,-0.00046894773002021176,2138
12.99,-9.685997078956802,-3.5419436961377673,-9.685997078956802,-9.636960204301793,-0.049036874655009,-0.0028815685512585485,1938,1.7755853198489415,1.6999325325254937,0.07565278732344746,0.0033614062551782387,2068,7.910411759107863,7.9370276717763,-0.026615912668437665,-0.00047983770391969716,2138
13.0,-9.708203932499368,-3.52671151375484,-9.708203932499368,-9.65954245465437,-0.04866147784499883,-0.002867619533404574,1938,1.799880203518917,1.7243451994449959,0.07553500407392104,0.0033583424757153355,2068,7.908323728980451,7.935197255209374,-0.026873526228921613,-0.0004907229423105246,2138
13.01,-9.730314969988479,-3.5114445241530623,-9.730314969988479,-9.682029391963273,-0.04828557802520711,-0.0028536422115073255,1937,1.8241573230979247,1.7487408667747593,0.07541645632316585,0.003355245549266947,2069,7.906157646890556,7.933288525188515,-0.027130878297958728,-0.0005016033377595094,2138
13.02,-9.752329973197124,-3.496142878011459,-9.752329973197124,-9.70442079427849,-0.04790917891863213,-0.002839636723517526,1937,1.8484164389805962,1.7731192937285163,0.07529714525207969,0.0033521155063992478,2069,7.903913534216528,7.931301500549976,-0.02738796633344775,-0.0005124787828817839,2138
13.030000000000001,-9.774248724846114,-3.4808067263510956,-9.774248724846114,-9.726716440592913,-0.04753228425320203,-0.002825603207666706,1937,1.8726573117392566,1.7974802396901628,0.07517707204909391,0.0033489523780068347,2069,7.901591413106859,7.92923620090275,-0.02764478779589228,-0.000523349170340315,2138
13.040000000000001,-9.796071008606207,-3.4654362205336064,-9.796071008606207,-9.7489161108445,-0.04715489776170802,-0.00281154180245715,1937,1.8968797021262656,1.821823464216129,0.07505623791013664,0.003345756195305685,2070,7.899191306479943,7.927092646628371,-0.02790134014842943,-0.0005342143928486103,2138
13.05,-9.817796609100279,-3.4500315122596725,-9.817796609100279,-9.771019585918472,-0.046777023181807556,-0.002797452646672894,1936,1.9210833710764166,1.846148727037756,0.0749346440386608,0.0033425269898440264,2070,7.896713238023864,7.924870858880717,-0.028157620856853652,-0.0005450743431713815,2138
13.06,-9.839425311905424,-3.434592753567548,-9.839425311905424,-9.793026647649462,-0.04639866425596233,-0.0027833358793689254,1936,1.9452680797092667,1.8704557880636647,0.07481229164560216,0.0033392647934934873,2070,7.894157232196158,7.922570859585798,-0.028413627389640626,-0.0005559289141245432,2138
13.07,-9.860956903555085,-3.419120096831542,-9.860956903555085,-9.814937078823675,-0.04601982473140962,-0.002769191639875098,1936,1.9694335893315145,1.8947444073821287,0.07468918194938585,0.0033359696384534852,2070,7.89152331422357,7.920192671441547,-0.02866935721797584,-0.0005667779985782774,2138
13.08,-9.88239117154113,-3.403613694760539,-9.88239117154113,-9.836750663181022,-0.045640508360108266,-0.002755020067785911,1936,1.9935796614393209,1.919014345263438,0.07456531617588318,0.0033326415572424556,2071,7.88881151010181,7.917736317917584,-0.028924807815775312,-0.000577621489456376,2138
13.09,-9.903727904315993,-3.3880737003964634,-9.903727904315993,-9.858467185417263,-0.04526071889872907,-0.002740821302972496,1935,2.017706057720709,1.9432653621622678,0.07444069555844125,0.0033292805827103786,2071,7.886021846595284,7.915201823254997,-0.029179976659712583,-0.0005884592797380612,2138
13.1,-9.924966891294739,-3.3725002671127853,-9.924966891294739,-9.880086431186133,-0.044880460108607134,-0.00272659548557257,1935,2.0418125400578897,1.9674972187200424,0.07431532133784774,0.0033258867480299775,2071,7.883154351236851,7.912589212466091,-0.02943486122923942,-0.0005992912624572444,2138
13.11,-9.94610792285714,-3.3568935486130047,-9.94610792285714,-9.901608187101445,-0.04449973575569413,-0.002712342755989354,1935,2.0658988705296126,1.9917096757672952,0.07418919476231729,0.003322460086697351,2071,7.880209052327528,7.90989851133415,-0.02968945900662237,-0.0006101173307077904,2138
13.120000000000001,-9.967150790349752,-3.3412536989291275,-9.967150790349752,-9.923032240739216,-0.04411854961053605,-0.0026980632548942703,1935,2.0899648114135263,2.0159024943260344,0.07406231708749195,0.0033190006325348937,2072,7.877185978936227,7.907129746413182,-0.029943767476955502,-0.000620937377640479,2138
13.13,-9.98809528608796,-3.3255808724201645,-9.98809528608796,-9.944358380639745,-0.04373690544821434,-0.0026837571232175284,1934,2.114010125188498,2.040075435612096,0.07393468957640217,0.003315508419682974,2072,7.8740851608994635,7.904282945027649,-0.03019778412818584,-0.0006317512964651457,2138
13.14,-10.00894120335805,-3.3098752237705824,-10.00894120335805,-9.965586396309709,-0.043354807048342756,-0.0026694245021586594,1934,2.1380345745369946,2.0642282610375027,0.0738063134994919,0.003311983482611749,2072,7.870906628821059,7.901358135272205,-0.030451506451146762,-0.0006425589804528783,2138
13.15,-10.029688336419241,-3.2941369079887926,-10.029688336419241,-9.986716078224237,-0.04297225819500212,-0.002655065533175515,1934,2.1620379223474013,2.088360732212821,0.07367719013458039,0.0033084258561116645,2073,7.86765041407184,7.898355346011418,-0.030704931939577077,-0.0006533603229359006,2137
13.16,-10.050336480505702,-3.278366080405613,-10.050336480505702,-10.007747217828987,-0.04258926267671492,-0.0026406803579875314,1934,2.18601993171637,2.1124726109495087,0.07354732076686141,0.0033048355752972216,2073,7.864316548789334,7.895274606879478,-0.0309580580901449,-0.0006641552173098,2137
13.17,-10.07088543182858,-3.2625628966727547,-10.07088543182858,-10.02867960754219,-0.04220582428639121,-0.0026262691185682356,1933,2.2099803659511377,2.1365636592622717,0.07341670668886587,0.0033012126756000546,2073,7.860905065877445,7.892115948279918,-0.031210882402473057,-0.0006749435570314903,2137
13.18,-10.091334987578028,-3.246727512761256,-10.091334987578028,-10.049513040756706,-0.04182194682132226,-0.0026118319571540394,1933,2.2339189885718986,2.160633639371408,0.07328534920049082,0.0032975571927801113,2073,7.85741599900613,7.888879401385299,-0.03146340237916935,-0.0006857252356263161,2137
13.19,-10.111684945925184,-3.230860084959963,-10.111684945925184,-10.070247311842069,-0.04143763408311535,-0.002597369016234686,1933,2.2578355633141114,2.184682313705157,0.07315324960895458,0.0032938691629162305,2074,7.853849382611074,7.885564998136913,-0.031715615525839236,-0.0006965001466819887,2137
13.200000000000001,-10.131935106024184,-3.214960769873978,-10.131935106024184,-10.090882216146506,-0.04105288987767787,-0.0025828804385559997,1933,2.2817298541308477,2.2087094449020443,0.07302040922880308,0.0032901486224105967,2074,7.850205251893337,7.882172771244461,-0.03196751935112402,-0.0007072681838545015,2137
13.21,-10.152085268014108,-3.1990297244231307,-10.152085268014108,-10.11141754999896,-0.040667718015147354,-0.002568366367112421,1933,2.305601625195088,2.2327147958132234,0.0728868293818645,0.0032863956079799248,2074,7.846483642819023,7.8787027541857375,-0.03221911136671516,-0.000718029240867047,2137
13.22,-10.172135233020999,-3.1830671058404048,-10.172135233020999,-10.131853110711107,-0.04028212230989146,-0.0025538269451542235,1932,2.329450640902096,2.256698129504816,0.07275251139727991,0.0032826101566680796,2074,7.842684592118904,7.875154981206292,-0.03247038908738765,-0.000728783211513922,2137
13.23,-10.192084803159796,-3.1670730716704,-10.192084803159796,-10.152188696579346,-0.03989610658045076,-0.0025392623161812023,1932,2.3532766658717152,2.280659209260251,0.07261745661146432,0.00327879230583711,2075,7.8388081372880825,7.871529487319095,-0.03272135003101277,-0.0007395299896561357,2137
13.24,-10.211933781536299,-3.1510477797677763,-10.211933781536299,-10.172424106886798,-0.03950967464950209,-0.0025246726239413894,1932,2.3770794649507003,2.3045977985826025,0.07248166636809793,0.0032749420931685487,2075,7.8348543165856,7.867826308304196,-0.032971991718594634,-0.0007502694692269165,2137
13.25,-10.23168197224911,-3.1349913882956923,-10.23168197224911,-10.19255914190528,-0.03912283034382845,-0.002510058012431319,1932,2.400858803215037,2.3285136611969195,0.07234514201811734,0.003271059556664278,2075,7.830823169034074,7.864045480708362,-0.033222311674287706,-0.0007610015442326892,2137
13.26,-10.251329180391542,-3.1189040557242564,-10.251329180391542,-10.212593602897284,-0.03873557749425685,-0.002495418625888762,1931,2.4246144459722454,2.3524065610525633,0.07220788491968186,0.003267144734640922,2076,7.826714734419299,7.860187041844722,-0.033472307425423814,-0.0007717261087521543,2137
13.27,-10.270875212053596,-3.102785940828944,-10.270875212053596,-10.232527292117934,-0.03834791993566159,-0.002480754608802445,1931,2.448346158763729,2.376276262325533,0.07206989643819602,0.003263197665739245,2076,7.822529053289866,7.856251029792401,-0.033721976502534425,-0.0007824430569371736,2137
13.280000000000001,-10.29031987432383,-3.086637202689036,-10.29031987432383,-10.252360012816931,-0.03795986150689743,-0.002466066105901594,1931,2.4720537073670696,2.4001225294207957,0.07193117794627432,0.003259218388917556,2076,7.818266166956762,7.85223748339614,-0.03397131643937769,-0.0007931522830160161,2137
13.290000000000001,-10.309662975291271,-3.070458000686068,-10.309662975291271,-10.272091569240516,-0.03757140605075507,-0.0024513532621545575,1931,2.4957368577983203,2.4239451269746084,0.07179173082371217,0.0032552069434466755,2076,7.813926117492952,7.848146442265909,-0.0342203247729575,-0.0008038536812924376,2137
13.3,-10.328904324047324,-3.0542484945022275,-10.328904324047324,-10.291721766633373,-0.03718255741395158,-0.002436616222773227,1931,2.519395376314354,2.4477438198568446,0.07165155645751009,0.0032511633689212135,2077,7.809508947732971,7.843977946776531,-0.03446899904356009,-0.0008145471461481054,2137
13.31,-10.348043730687648,-3.038008844118796,-10.348043730687648,-10.311250411240575,-0.03679331944707162,-0.0024218551332074734,1930,2.543029029415145,2.471518373173313,0.07151065624183241,0.0032470877052502393,2077,7.805014701272503,7.8397320380672655,-0.03471733679476198,-0.0008252325720430409,2137
13.32,-10.36708100631402,-3.021739209814566,-10.36708100631402,-10.330677310309484,-0.03640369600453558,-0.0024070701391440234,1930,2.5666375838460778,2.4952685522680755,0.07136903157800213,0.0032429799926599057,2077,7.8004434224679455,7.835408758041412,-0.034965335573466545,-0.0008359098535158788,2137
13.33,-10.386015963036225,-3.0054397521642615,-10.386015963036225,-10.350002272091661,-0.036013690944564615,-0.0023922613865067725,1930,2.590220806600252,2.5189941227257653,0.07122668387448651,0.0032388402716925966,2077,7.795795156435975,7.831008149365896,-0.035212992929921506,-0.0008465788851859208,2137
13.34,-10.404848413973877,-2.989110632036948,-10.404848413973877,-10.369225105844745,-0.035623308129132926,-0.0023774290214519517,1930,2.6137784649207787,2.5426948503738984,0.0710836145468805,0.003234668583206187,2078,7.7910699490530995,7.826530255470845,-0.03546030641774757,-0.0008572395617541129,2137
13.35,-10.423578173258294,-2.972752010594445,-10.423578173258294,-10.388345621834352,-0.03523255142394393,-0.0023625731903724554,1929,2.637310326303089,2.5663705012851854,0.07093982501790343,0.0032304649683762817,2078,7.786267846955208,7.821975120549166,-0.03570727359395911,-0.0008678917780036537,2137
13.36,-10.442205056034307,-2.95636404928975,-10.442205056034307,-10.407363631335942,-0.03484142469836503,-0.0023476940398860597,1929,2.6608161584971968,2.5900208417798405,0.07079531671735619,0.0032262294686874124,2078,7.781388897537112,7.817342789556101,-0.03595389201898956,-0.0008785354288011384,2137
13.370000000000001,-10.460728878462106,-2.939946909865421,-10.460728878462106,-10.426278946636675,-0.034449931825430824,-0.002332791716847825,1929,2.684295729510036,2.6136456384278874,0.07065009108214855,0.00322196212594605,2079,7.77643314895207,7.812633308208787,-0.036200159256716935,-0.0008891704090980721,2136
13.38,-10.479149457719044,-2.9235007543519917,-10.479149457719044,-10.445091381037269,-0.034058076681774685,-0.002317866368338763,1929,2.7077488076077247,2.6372446580514635,0.07050414955626151,0.0032176629822709096,2079,7.771400650111321,7.807846722985808,-0.03644607287448603,-0.000899796613931845,2136
13.39,-10.497466612001435,-2.9070257450663872,-10.497466612001435,-10.463800748853847,-0.03366586314758747,-0.0023029181416653957,1929,2.731175161317838,2.6608176677271205,0.07035749359071818,0.003213332080090218,2079,7.766291450683599,7.80298308112673,-0.03669163044313071,-0.0009104139384248037,2136
13.4,-10.515680160526362,-2.8905220446102917,-10.515680160526362,-10.482406865419758,-0.03327329510660313,-0.0022879471843624665,1928,2.7545745594317292,2.6843644347881233,0.07021012464360606,0.003208969462151278,2079,7.761105601094635,7.7980424306316385,-0.03693682953700254,-0.000921022277788985,2136
13.41,-10.533789923533458,-2.8739898158685673,-10.533789923533458,-10.500909547087414,-0.03288037644604472,-0.0022729536441885795,1928,2.777946771006786,2.707884726826749,0.07006204418003656,0.0032045751715122496,2080,7.755843152526674,7.7930248202606665,-0.037181667733993035,-0.0009316215273238769,2136
13.42,-10.551795722286672,-2.857429222007637,-10.551795722286672,-10.519308611230086,-0.03248711105658777,-0.002257937669125825,1928,2.8012915653687154,2.731378311696577,0.06991325367213855,0.003200149251544016,2080,7.750504156917959,7.787930299533511,-0.03742614261555117,-0.0009422115824183281,2136
13.43,-10.56969737907604,-2.8408404264738754,-10.56969737907604,-10.537603876243724,-0.03209350283231738,-0.0022428994073756146,1928,2.824608712113822,2.754844957514783,0.0697637545990397,0.0031956917459291623,2080,7.74508866696222,7.782758918728943,-0.037670251766723124,-0.0009527923385537354,2136
13.44,-10.58749471721944,-2.8242235929919945,-10.58749471721944,-10.555795161548733,-0.03169955567070591,-0.002227839007361572,1928,2.847897981111287,2.7782844326644245,0.06961354844686257,0.0031912026986636436,2080,7.739596736108155,7.777510728884312,-0.03791399277615864,-0.0009633636913022967,2136
13.450000000000001,-10.605187561064318,-2.8075788855634407,-10.605187561064318,-10.573882287591772,-0.03130527347254627,-0.002212756617722516,1927,2.871159142505414,2.80169650579673,0.06946263670868394,0.003186682154049766,2081,7.734028418558908,7.772185781795045,-0.03815736323613807,-0.0009739255363273172,2136
13.46,-10.62277573598946,-2.790906468464752,-10.62277573598946,-10.59186507584751,-0.030910660141950215,-0.0021976523873188415,1927,2.8943919667179396,2.8250809458333817,0.06931102088455836,0.003182130156707097,2081,7.728383769271524,7.766784130014132,-0.038400360742608934,-0.0009844777693883994,2136
13.47,-10.64025906840668,-2.7742065062459487,-10.64025906840668,-10.6097433488204,-0.030515719586280084,-0.0021825264652240535,1927,2.9175962244502727,2.848437521968793,0.06915870248147955,0.003177546751563655,2081,7.7226628439564085,7.7613058268516095,-0.03864298289520027,-0.0009950202863395138,2136
13.48,-10.657637385762534,-2.757479163728926,-10.657637385762534,-10.62751693004642,-0.03012045571611372,-0.0021673790007235424,1927,2.940771686685745,2.871766003672391,0.06900568301335379,0.0031729319838531564,2081,7.716865699076791,7.755750926374032,-0.03888522729724007,-0.0010055529831295646,2136
13.49,-10.674910516540058,-2.740724606005797,-10.674910516540058,-10.645185644094825,-0.029724872445230213,-0.0021522101433202358,1927,2.9639181246919084,2.895066160690889,0.06885196400101973,0.0031682858991250373,2082,7.710992391848149,7.750119483403939,-0.03912709155579031,-0.0010160757558050617,2136
13.5,-10.692078290260412,-2.723942998437282,-10.692078290260412,-10.662749316569874,-0.029328973690538312,-0.0021370200427237272,1926,2.9870353100227627,2.9183377630505576,0.06869754697220473,0.0031636085432342463,2082,7.705042980237651,7.744411553519318,-0.03936857328166603,-0.0010265885005103165,2136
13.51,-10.709140537484613,-2.707134506651072,-10.709140537484613,-10.680207774112548,-0.0289327633720653,-0.0021218088488574698,1926,3.0101230145210223,2.9415805810594997,0.06854243346152247,0.0031588999623458317,2082,7.699017522963592,7.738627193053049,-0.03960967008945757,-0.001037091113488326,2136
13.52,-10.72609708981516,-2.6902992965401964,-10.72609708981516,-10.697560844402268,-0.02853624541289497,-0.0021065767118488878,1926,3.033181010320364,2.9647943853099115,0.06838662501045223,0.0031541602029320527,2083,7.6929160794948,7.732766459092357,-0.03985037959755606,-0.0010475834910828518,2136
13.530000000000001,-10.74294777989774,-2.673437534261377,-10.74294777989774,-10.714808356158587,-0.028139423739151737,-0.00209132378203576,1926,3.0562090698476836,2.9879789466803515,0.06823012316733253,0.0031493893117747035,2083,7.686738710050057,7.7268294094782375,-0.040090699428180394,-0.001058065529738638,2135
13.540000000000001,-10.759692441422828,-2.6565493862334097,-10.759692441422828,-10.731950139142892,-0.027742302279938593,-0.0020760502099576644,1926,3.079206965825321,3.0111340363379977,0.06807292948732344,0.0031445873359582195,2083,7.680485475597511,7.720816102804896,-0.04033062720738524,-0.0010685371260007294,2135
13.55,-10.776330909127386,-2.639635019135492,-10.776330909127386,-10.748986024160073,-0.027344884967313268,-0.0020607561463598014,1925,3.1021744712733312,3.034259425740909,0.06791504553242238,0.0031397543228788567,2083,7.674156437854057,7.714726598419164,-0.04057016056510712,-0.0010789981765189785,2135
13.56,-10.79286301879645,-2.6226945999056004,-10.79286301879645,-10.765915843060197,-0.026947175736251657,-0.0020454417421892955,1925,3.1251113595117075,3.05735488664028,0.06775647287142761,0.0031348903202371332,2084,7.667751659284743,7.708560956419918,-0.04080929713517556,-0.0010894485780475905,2135
13.57,-10.809288607264778,-2.6057282957388264,-10.809288607264778,-10.782739428740172,-0.026549178524606462,-0.002030107148596475,1925,3.148017404162632,3.080420191082694,0.06759721307993863,0.003129995376041805,2084,7.661271203102148,7.702319237657479,-0.04104803455533058,-0.0010998882274451558,2135
13.58,-10.825607512418433,-2.5887362740857536,-10.825607512418433,-10.799456615145386,-0.026150897273046765,-0.002014752516924855,1925,3.170892379152676,3.1034551114123707,0.06743726774030562,0.003125069538600259,2084,7.65471513326576,7.696001503733016,-0.04128637046725608,-0.001110317021674986,2135
13.59,-10.841819573196414,-2.571718702650771,-10.841819573196414,-10.816067237271358,-0.02575233592505644,-0.001999377998721601,1925,3.1937360587150785,3.126459420273416,0.06727663844166253,0.0031201128565320397,2084,7.648083514481338,7.689607816997942,-0.0415243025166037,-0.0011207348578103331,2135
13.6,-10.857924629592231,-2.5546757493904377,-10.857924629592231,-10.83257113116536,-0.025353498426872133,-0.001983983745727976,1924,3.2165482173919457,3.149432890612065,0.06711532677988089,0.0031151253787587,2085,7.641376412200288,7.683138240553294,-0.04176182835300558,-0.001131141633030154,2135
13.61,-10.873922522655473,-2.5376075825118227,-10.873922522655473,-10.848968133928029,-0.02495438872744509,-0.0019685699098796923,1924,3.23932863003648,3.1723752956789215,0.06695333435755832,0.00311010715450478,2085,7.634593892618995,7.676592838249108,-0.04199894563011243,-0.0011415372446250665,2135
13.620000000000001,-10.889813094493404,-2.520514370470837,-10.889813094493404,-10.86525808371499,-0.02455501077841413,-0.0019531366433078855,1924,3.2620770718152126,3.1952864090311985,0.06679066278401374,0.00310505823330106,2085,7.627736022678192,7.669971674683793,-0.042235652005600005,-0.0011519215899936288,2135
13.63,-10.905596188272481,-2.503396281970592,-10.905596188272481,-10.881440819738442,-0.02415536853404044,-0.001937684098330339,1924,3.2847933182101943,3.2181660045349503,0.06662731367524365,0.003099978664975284,2085,7.62080287006229,7.663274815203493,-0.042471945141202415,-0.00116229456664514,2135
13.64,-10.921271648219946,-2.4862534859597063,-10.921271648219946,-10.897516182268744,-0.023755465951201205,-0.001922212427459026,1924,3.3074771450212475,3.241013856367306,0.0664632886539416,0.0030948684996631366,2086,7.613794503198701,7.656502325901441,-0.04270782270273921,-0.0011726560722038412,2135
13.65,-10.93683931962534,-2.469086151630655,-10.93683931962534,-10.913484012636003,-0.023355306989337143,-0.0019067217833962152,1924,3.330128328368164,3.263829739018697,0.0662985893494664,0.003089727787801834,2086,7.606710991257178,7.649654273617307,-0.04294328236012967,-0.0011830060044059074,2135
13.66,-10.952299048842033,-2.451894448418093,-10.952299048842033,-10.929344153231625,-0.022954895610407974,-0.0018912123190286904,1923,3.3527466446929117,3.2866134272950864,0.06613321739782502,0.003084556580129628,2086,7.599552404149124,7.6427307259365405,-0.04317832178741665,-0.0011933442611012238,2134
13.67,-10.967650683288735,-2.4346785459972,-10.967650683288735,-10.945096447509881,-0.02255423577885265,-0.0018756841874279463,1923,3.3753318707618294,3.3093646963201864,0.06596717444164274,0.0030793549276818956,2086,7.592318812526908,7.635731751189696,-0.04341293866278889,-0.0012036707402537546,2134
13.68,-10.98289407145101,-2.417438614281977,-10.98289407145101,-10.960740739989447,-0.02215333146156235,-0.0018601375418529518,1923,3.3978837836678593,3.33208332153768,0.0658004621301791,0.003074122881799762,2087,7.5850102877831524,7.628657418451768,-0.04364713066861595,-0.001213985339946765,2134
13.69,-10.998029062882773,-2.400174823423591,-10.998029062882773,-10.976276876254945,-0.02175218662782796,-0.0018445725357426604,1923,3.4204021608327246,3.354769078713439,0.06563308211928572,0.0030688604941217917,2087,7.57762690205005,7.621507797541506,-0.043880895491456164,-0.0012242879583789935,2134
13.700000000000001,-11.013055508207774,-2.3828873438086817,-11.013055508207774,-10.991704702958454,-0.02135080524932102,-0.0018289893227208965,1923,3.4428867800091427,3.377421743937734,0.06546503607140872,0.0030635678165887806,2087,7.5701687281986345,7.614282959020722,-0.0441142308220869,-0.0012345784938677775,2134
13.71,-11.027973259121056,-2.365576346057705,-11.027973259121056,-11.00702406782104,-0.02094919130001739,-0.0018133880565852495,1923,3.465337419282985,3.400041093627447,0.06529632565553821,0.003058244901433754,2087,7.562635839838075,7.606982974193595,-0.04434713435552042,-0.001244856844848422,2134
13.72,-11.042782168390444,-2.348242001023215,-11.042782168390444,-11.022234819634246,-0.020547348756198812,-0.0017977688913168553,1922,3.487753857075512,3.422626904528275,0.06512695254723651,0.0030528918011949735,2088,7.555028311314935,7.599607915105971,-0.0445796037910373,-0.0012551229098783428,2134
13.73,-11.057482089857979,-2.3308844797881982,-11.057482089857979,-11.03733680826159,-0.02014528159638934,-0.0017821319810706936,1922,3.510135872145532,3.4451789537169386,0.06495691842859325,0.0030475085687059556,2088,7.54734621771245,7.592157854544654,-0.044811636832203905,-0.0012653765876352108,2134
13.74,-11.072072878441375,-2.313503953664382,-11.072072878441375,-11.052329884640049,-0.01974299380132669,-0.0017664774801789858,1922,3.5324832435915936,3.4676970186033746,0.06478622498821897,0.0030420952570983186,2088,7.539589634849785,7.584632866036676,-0.04504323118689148,-0.0012756177769194868,2134
13.75,-11.086554390135438,-2.296100594190542,-11.086554390135438,-11.067213900781521,-0.019340489353916114,-0.0017508055431452651,1922,3.5547957508541628,3.4901808769329405,0.06461487392122209,0.0030366519197999086,2088,7.531758639281278,7.577033023848584,-0.04527438456730637,-0.001285846376654549,2134
13.76,-11.100926482013497,-2.2786745731308065,-11.100926482013497,-11.081988709774299,-0.018937772239197025,-0.0017351163246479883,1922,3.577073173717806,3.512630306788604,0.06444286692920134,0.0030311786105362264,2089,7.523853308295693,7.569358402985698,-0.045505094690005916,-0.0012960622858886562,2134
13.77,-11.115189012228798,-2.2612260624729767,-11.115189012228798,-11.096654165784509,-0.018534846444290508,-0.0017194099795313084,1922,3.5993152923133405,3.5350450865931333,0.06427020572020725,0.003025675383324056,2089,7.515873719915461,7.561609079191378,-0.04573535927591755,-0.00130626540379313,2133
13.780000000000001,-11.129341840015938,-2.2437552344268,-11.129341840015938,-11.111210124057552,-0.018131715958385006,-0.0017036866628141528,1921,3.6215218871200494,3.557424995111284,0.06409689200876552,0.003020142292482872,2089,7.50781995289589,7.55378512894627,-0.04596517605038011,-0.0013164556296687913,2133
13.790000000000001,-11.143384825692209,-2.2262622614223044,-11.143384825692209,-11.125656440919538,-0.01772838477266954,-0.0016879465296781408,1921,3.6436927389677933,3.5797698114519845,0.06392292751580828,0.0030145793926186085,2089,7.4996920867244175,7.545886629467557,-0.04619454274313913,-0.0013266328629402318,2133
13.8,-11.157317830659018,-2.208747316108067,-11.157317830659018,-11.139992973778705,-0.017324856880311424,-0.0016721897354743318,1921,3.6658276290392227,3.6020793150705153,0.06374831396870749,0.0030089867386385335,2090,7.491490201619797,7.537913658708192,-0.04642345708839448,-0.0013367970031638483,2133
13.81,-11.17114071740323,-2.1912105713495276,-11.17114071740323,-11.154219581126812,-0.016921136276418117,-0.0016564164357169356,1921,3.6879263388719075,3.624353285770681,0.06357305310122648,0.0030033643857400936,2090,7.483214378531325,7.529866295356132,-0.04665191682480676,-0.0013469479500228141,2133
13.82,-11.184853349498528,-2.1736522002272753,-11.184853349498528,-11.16833612254055,-0.016517226957979966,-0.0016406267860823746,1921,3.709988650360502,3.6465915037069934,0.0633971466535091,0.002997712389414324,2090,7.474864699138028,7.521744618833558,-0.046879919695529126,-0.0013570856033320988,2133
13.83,-11.198455591606782,-2.156072376035347,-11.198455591606782,-11.182342458682923,-0.016113132923857482,-0.0016248209424104924,1921,3.7320143457589023,3.6687937493868312,0.06322059637207188,0.0029920308054458473,2090,7.46644124584788,7.513548709296096,-0.04710746344821519,-0.0013672098630352564,2133
13.84,-11.21194730947934,-2.1384712722795074,-11.21194730947934,-11.19623845130463,-0.015708858174712962,-0.0016089990606983368,1920,3.7540032076823855,3.6909598036726123,0.06304340400977339,0.002986319689909666,2091,7.457944101796958,7.50527864763202,-0.04733454583506201,-0.0013773206292118376,2133
13.85,-11.22532836995841,-2.1208490626755427,-11.22532836995841,-11.21002396324541,-0.01530440671299617,-0.0015931612971035406,1920,3.775955019109766,3.7130894477839576,0.06286557132580861,0.002980579099174373,2091,7.449373350848643,7.496934515461458,-0.04756116461281483,-0.0013874178020711796,2133
13.86,-11.238598640978307,-2.103205921147555,-11.238598640978307,-11.223698858435426,-0.01489978254288074,-0.001577307807937245,1920,3.797869563385518,3.7351824632998443,0.06268710008567405,0.002974809089894958,2091,7.440729077592792,7.488516395135586,-0.047787317542794104,-0.0013975012819577616,2133
13.870000000000001,-11.251757991566826,-2.085542021826224,-11.251757991566826,-11.237263001896574,-0.01449498967025144,-0.0015614387496696268,1920,3.8197466242219402,3.757238632160764,0.0625079920611764,0.0029690097190216824,2091,7.432011367344888,7.480024369735815,-0.048013002390927345,-0.0014075709693524814,2133
13.88,-11.26480629184649,-2.0678575390471003,-11.26480629184649,-11.250716259743841,-0.01409003210264692,-0.001545554278923127,1920,3.8415859857012813,3.77925773667088,0.06232824903040158,0.00296318104379456,2092,7.42322030614521,7.471458523072966,-0.048238216927757045,-0.001417626764871542,2132
13.89,-11.277743413035838,-2.050152647348899,-11.277743413035838,-11.264058499186618,-0.01368491384921838,-0.00152965455247122,1920,3.8633874322778494,3.8012395595001687,0.06214787277768052,0.0029573231217375124,2092,7.414355980757989,7.4628189396864535,-0.04846295892846453,-0.0014276685692667683,2132
13.9,-11.290569227450705,-2.0324275214717487,-11.290569227450705,-11.277289588530003,-0.013279638920700934,-0.0015137397272382384,1920,3.885150748780173,3.8231838836865686,0.06196686509360428,0.0029514360106685077,2092,7.4054184786705335,7.454105704843441,-0.04868722617290653,-0.0014376962834304194,2132
13.91,-11.303283608505486,-2.0146823363554853,-11.303283608505486,-11.290409397176115,-0.012874211329370671,-0.0014978099602995475,1919,3.906875720413105,3.8450904926381186,0.06178522777498588,0.0029455197686922164,2092,7.396407888092383,7.445318904538001,-0.04891101644561839,-0.0014477098083929838,2132
13.92,-11.315886430714372,-1.996917267137922,-11.315886430714372,-11.303417795625373,-0.012468635088998545,-0.0014818654088757585,1919,3.928562132759946,3.866959170135101,0.061602962624845194,0.0029395744542002195,2093,7.387324297954427,7.436458625490276,-0.04913432753584904,-0.001457709045324703,2132
13.93,-11.328377569692593,-1.9791324891531208,-11.328377569692593,-11.316314655477775,-0.012062914214818565,-0.0014659062303340985,1919,3.9502097717845617,3.8887897003321696,0.06142007145239225,0.0029336001258710546,2093,7.378167797908033,7.427524955145608,-0.04935715723757527,-0.0014676938955369518,2132
13.94,-11.340756902157658,-1.9613281779296543,-11.340756902157658,-11.32909984943417,-0.011657052723488034,-0.0014499325821873184,1919,3.9718184238334997,3.9105818677604858,0.0612365560730145,0.002927596842670969,2093,7.36893847832416,7.418517981673687,-0.049579503349527265,-0.001477664260483483,2132
13.950000000000001,-11.353024305930543,-1.9435045091888974,-11.353024305930543,-11.341773251297507,-0.011251054633035081,-0.0014339446220874071,1919,3.9933878756380774,3.932335457329837,0.06105241830824027,0.0029215646638473497,2093,7.3596364302924675,7.409437793967673,-0.04980136367520598,-0.0014876200417596594,2132
13.96,-11.365179659936931,-1.9256616588432585,-11.365179659936931,-11.354334735974092,-0.010844923962837972,-0.0014179425078320474,1919,4.014917914316518,3.9540502543307676,0.060867659985749854,0.0029155036489385555,2094,7.350261745620415,7.400284481643327,-0.050022736022911886,-0.0014975611411061386,2132
13.97,-11.377222844208385,-1.9077998029944632,-11.377222844208385,-11.366784179474811,-0.010438664733575825,-0.001401926397356543,1919,4.036408327376038,3.9757260444366964,0.060682282939341366,0.0029094138577663536,2094,7.340814516832349,7.391058135038115,-0.05024361820576554,-0.0015074874604097616,2132
13.98,-11.389153739883534,-1.8899191179318278,-11.389153739883534,-11.379121458916353,-0.010032280967182488,-0.0013858964487328367,1918,4.0578589027149246,3.9973626137060254,0.060496289008898876,0.0029032953504319254,2094,7.331294837168613,7.38175884521033,-0.050464008041715594,-0.0015173989016986763,2131
13.99,-11.400972229209259,-1.8720197801304894,-11.400972229209259,-11.39134645252244,-0.00962577668682109,-0.0013698528201722335,1918,4.079269428624665,4.018959748584261,0.06030968004040362,0.00289714818732539,2094,7.321702800584598,7.37238670393818,-0.050683903353581736,-0.0015272953671528816,2131
14.0,-11.41267819554184,-1.8541019662496858,-11.41267819554184,-11.403459039625007,-0.00921915591683475,-0.0013537956700197806,1918,4.1006396937920115,4.040517235906115,0.060122457885897346,0.002890972429117572,2095,7.312038501749831,7.3629418037188925,-0.0509033019690626,-0.0015371767590977936,2131
14.01,-11.424271523348116,-1.836165853131007,-11.424271523348116,-11.415459100665407,-0.00881242268271158,-0.001337725156754229,1918,4.121969487301078,4.06203486289761,0.059934624403468056,0.0028847681367615823,2095,7.302302036047042,7.353424237767799,-0.051122201720756474,-0.0015470429800071616,2131
14.02,-11.435752098206624,-1.8182116177966472,-11.435752098206624,-11.427346517195584,-0.008405581011038579,-0.0013216414389859467,1918,4.143258598635411,4.08351241717818,0.0597461814572309,0.002878535371492218,2095,7.292493499571214,7.343834100017407,-0.05134060044619312,-0.0015568939325065262,2131
14.030000000000001,-11.447119806808722,-1.8002394374476571,-11.447119806808722,-11.439121171879254,-0.00799863492946823,-0.0013055446754557838,1918,4.16450681768008,4.104949686762769,0.05955713091731147,0.002872274194825693,2095,7.282612989128642,7.334171485116486,-0.05155849598784324,-0.0015667295193700819,2131
14.040000000000001,-11.458374536959715,-1.78224948946221,-11.458374536959715,-11.450782948493039,-0.007591588466675568,-0.0012894350250326325,1918,4.185713934723735,4.1263464600639175,0.059367474659817995,0.002865984668556041,2096,7.272660602235983,7.324436488429124,-0.05177588619314084,-0.001576549643523142,2131
14.05,-11.469516177579958,-1.7642419513938254,-11.469516177579958,-11.462331731927643,-0.007184445652315231,-0.0012733126467128191,1918,4.206879740460693,4.147702525893855,0.059177214566838145,0.002859666854759807,2096,7.262636437119267,7.314629206033788,-0.05199276891452133,-0.0015863542080468036,2131
14.06,-11.480544618705965,-1.746217000969634,-11.480544618705965,-11.473767408188966,-0.006777210516999211,-0.0012571776996203685,1917,4.228004025993001,4.169017673466583,0.05898635252641756,0.0028533208157930814,2096,7.252540592712965,7.304749734722382,-0.05220914200941676,-0.0015961431161721955,2130
14.07,-11.491459751491467,-1.7281748160886141,-11.491459751491467,-11.485089864399239,-0.006369887092230052,-0.0012410303430012704,1917,4.249086582832491,4.190291692399956,0.0587948904325352,0.002846946614290295,2096,7.242373168658979,7.2947981719992825,-0.05242500334030356,-0.0016059162712888592,2130
14.08,-11.502261468208511,-1.7101155748198569,-11.502261468208511,-11.496298988798134,-0.005962479410377,-0.0012248707362229171,1917,4.270127202902828,4.211524372717757,0.05860283018507235,0.0028405443131600764,2097,7.232134265305684,7.284774616080379,-0.052640350774694554,-0.0016156735769372243,2130
14.09,-11.512949662248513,-1.6920394554007778,-11.512949662248513,-11.507394670743878,-0.005554991504634656,-0.001208699038775199,1917,4.291125678541594,4.232715504851769,0.05841017368982453,0.0028341139755931107,2097,7.221823983706921,7.274679165892109,-0.05285518218518828,-0.0016254149368177514,2130
14.1,-11.523524228123314,-1.6739466362353779,-11.523524228123314,-11.518376800714323,-0.005147427408991167,-0.0011925154102687772,1917,4.312081802502309,4.253864879643848,0.058216922858461743,0.00282765566505531,2097,7.211442425621008,7.264511921070478,-0.05306949544947057,-0.001635140254786606,2130
14.11,-11.53398506146622,-1.6558372958924776,-11.53398506146622,-11.529245270308053,-0.004739791158167799,-0.001176320010429957,1917,4.332995367956491,4.274972288347978,0.05802307960851338,0.002821169445288212,2097,7.200989693509731,7.254272981960076,-0.05328328845034478,-0.0016448494348580978,2130
14.120000000000001,-11.544332059033032,-1.6377116131039509,-11.544332059033032,-11.53999997224543,-0.004332086787599854,-0.0011601129991025052,1917,4.3538661684957,4.296037522632346,0.05782864586335387,0.0028146553803106017,2098,7.190465890537332,7.243962449613089,-0.05349655907575561,-0.0016545423812085588,2130
14.13,-11.554565118703051,-1.6195697667629785,-11.554565118703051,-11.550640800369676,-0.003924318333374646,-0.0011438945362413928,1917,4.374693998133544,4.3170603745813825,0.05763362355216219,0.002808113534410359,2098,7.179871120569508,7.233580425788297,-0.05370930521878914,-0.0016642189981692724,2130
14.14,-11.564684139480116,-1.6014119359222552,-11.564684139480116,-11.561167649647894,-0.0035164898322203706,-0.0011276647819192607,1916,4.395478651307764,4.338040636697823,0.0574380146099417,0.002801543972156472,2098,7.169205488172352,7.223127012950076,-0.05392152477772371,-0.0016738791902378087,2130
14.15,-11.574689021493576,-1.58323829979224,-11.574689021493576,-11.571580416172134,-0.0031086053214424945,-0.0011114238963179594,1916,4.416219922882222,4.358978101904751,0.0572418209774716,0.002794946758388513,2098,7.158469098611354,7.212602314267385,-0.0541332156560307,-0.001683522862070773,2129
14.16,-11.58457966599929,-1.5650490377393806,-11.58457966599929,-11.58187899716039,-0.002700668838899902,-0.0010951720397304118,1916,4.436917608148947,4.379872563547647,0.057045044601299895,0.0027883219582203,2098,7.147662057850343,7.202006433612746,-0.05434437576240238,-0.001693149918490051,2129
14.17,-11.594355975380578,-1.546844329284359,-11.594355975380578,-11.592063290957634,-0.002292684422941281,-0.0010789093725543965,1916,4.45757150283013,4.400723815396425,0.0568476874337051,0.002781669637033292,2099,7.13678447255045,7.191339475561216,-0.054555003010767,-0.0017027602644792096,2129
14.18,-11.60401785314922,-1.5286243541002944,-11.60401785314922,-11.602133197036823,-0.0018846561123971749,-0.001062636055298263,1916,4.478181403080173,4.421531651647464,0.05664975143270904,0.002774989860486,2099,7.125836450069048,7.180601545389363,-0.054765095320315045,-0.0017123538051883585,2129
14.19,-11.613565203946383,-1.5103892920109847,-11.613565203946383,-11.612088615999864,-0.0014765879465195497,-0.0010463522485742744,1916,4.498747105487683,4.442295866925647,0.056451238562035475,0.0027682826945067264,2099,7.114818098458701,7.169792749074221,-0.0549746506155191,-0.001721930445932703,2129
14.200000000000001,-11.622997933543575,-1.4921393229891269,-11.622997933543575,-11.621929449578623,-0.0010684839649499898,-0.001030058113098595,1916,4.519268407077487,4.463016256286386,0.056252150791100554,0.0027615482052939853,2099,7.103729526466089,7.158913193292242,-0.05518366682615295,-0.0017314900921953967,2129
14.21,-11.632315948843553,-1.4738746271545573,-11.632315948843553,-11.631655600635886,-0.000660348207667218,-0.0010137538096872938,1916,4.539745105312609,4.483692615217638,0.056052490094971485,0.0027547864593119977,2100,7.092570843530945,7.147962985418252,-0.05539214188730666,-0.0017410326496247316,2129
14.22,-11.641519157881268,-1.455595384772445,-11.641519157881268,-11.641266973166308,-0.0002521847149600617,-0.0009974394992581462,1916,4.560176998096311,4.504324739641931,0.05585225845437926,0.002747997523298973,2100,7.0813421597849615,7.136942233524382,-0.05560007373942,-0.0017505580240406785,2129
14.23,-11.650607469824772,-1.437301776251533,-11.650607469824772,-11.650763472297378,0.00015600247260594377,-0.0009811153428290371,1915,4.580563883774059,4.524912425918376,0.055651457855683636,0.0027411814642602497,2100,7.070043586050716,7.125851046379006,-0.05580746032829038,-0.0017600661214309385,2128
14.24,-11.659580794976087,-1.4189939821423507,-11.659580794976087,-11.660145004290339,0.0005642093142521659,-0.0009647815015128864,1915,4.600905561135523,4.545455470844674,0.05545009029084852,0.0027343383494678178,2100,7.0586752338405665,7.1146895334456675,-0.05601429960510148,-0.0017695568479549582,2128
14.25,-11.66843904477212,-1.4006721831354312,-11.66843904477212,-11.669411476541121,0.0009724317690011875,-0.0009484381365198885,1915,4.621201829416565,4.565953671659128,0.055248157757437175,0.00272746824646335,2101,7.047237215355559,7.103457804881998,-0.05622058952643916,-0.0017790301099431033,2128
14.26,-11.67718213178552,-1.3823365600595432,-11.67718213178552,-11.678562797581261,0.0013806657957404177,-0.0009320854091523362,1915,4.6414524883012,4.586406826042635,0.05504566225856375,0.002720571223048771,2101,7.035729643484323,7.092155971538628,-0.05642632805430496,-0.001788485813896395,2128
14.27,-11.685809969725547,-1.3639872938798798,-11.685809969725547,-11.687598877078788,0.0017889073532411756,-0.0009157234808063724,1915,4.661657337923604,4.606814732120694,0.05484260580290992,0.0027136473472978593,2101,7.024152631801945,7.0807841449580975,-0.05663151315615269,-0.0017979238664916665,2128
14.280000000000001,-11.694322473438927,-1.3456245656962842,-11.694322473438927,-11.696519625839134,0.0021971524002095785,-0.0008993525129688349,1915,4.6818161788700765,4.627177188465386,0.054638990404690765,0.002706696687548883,2101,7.012506294568852,7.069342437373753,-0.05683614280490035,-0.0018073441745799848,2128
14.290000000000001,-11.702719558910681,-1.327248556741481,-11.702719558910681,-11.705324955806002,0.0026053968953231193,-0.000882972667215369,1915,4.7019288121809835,4.647493994097372,0.05443481808361178,0.0026997193123997265,2101,7.0007907467297,7.057830961708636,-0.057040214978935695,-0.001816746645184126,2128
14.3,-11.71100114326497,-1.3088594483792546,-11.71100114326497,-11.714014780062243,0.003013636797275193,-0.0008665841052097941,1915,4.72199503935276,4.667764948487872,0.05423009086488797,0.002692715290716398,2102,6.98900610391221,7.046249831574376,-0.057243727662164755,-0.0018261311855068425,2128
14.31,-11.719167144765894,-1.2904574221026806,-11.719167144765894,-11.722589012830705,0.0034218680648100846,-0.0008501869887008306,1915,4.742014662339845,4.687989851560645,0.05402481077920014,0.0026856846916272067,2102,6.977152482426051,7.034599161270062,-0.057446678844010224,-0.0018354977029263536,2127
14.32,-11.72721748281832,-1.2720426595323293,-11.72721748281832,-11.731047569475082,0.003830086656761133,-0.000833781479522868,1915,4.761987483556641,4.7081685036939644,0.05381897986267737,0.002678627584521669,2102,6.965229999261682,7.022879065781121,-0.05764906651943771,-0.0018448461049986051,2127
14.33,-11.735152077968658,-1.2536153424144731,-11.735152077968658,-11.739390366500757,0.004238288532098442,-0.0008173677395920866,1915,4.781913305879466,4.728300705722584,0.05361260015688113,0.002671544039051158,2102,6.953238772089197,7.011089660778175,-0.05785088868897878,-0.001854176299458746,2127
14.34,-11.742970851905662,-1.2351756526192919,-11.742970851905662,-11.747617321555621,0.004646469649959095,-0.0008009459309071994,1914,4.801791932648499,4.748386258939714,0.05340567370878462,0.002664434125128872,2103,6.941178919257167,6.99923106261591,-0.05805214335874292,-0.001863488194221453,2127
14.35,-11.750673727461189,-1.2167237721390747,-11.750673727461189,-11.755728353430884,0.005054625969694862,-0.0007845162155459499,1914,4.821623167669724,4.76842496509897,0.05319820257075365,0.0026572979129283426,2103,6.929050559791467,6.987303388331914,-0.058252828540447714,-0.0018727816973822366,2127
14.36,-11.758260628610962,-1.1982598830864433,-11.758260628610962,-11.76372338206187,0.0054627534509087755,-0.0007680787556630106,1914,4.841406815216848,4.7884166264163355,0.05299018880051168,0.0026501354728790455,2103,6.916853813394117,6.975306755645538,-0.058452942251420455,-0.0018820567172161198,2127
14.370000000000001,-11.765731480475333,-1.1797841676925225,-11.765731480475333,-11.77160232852883,0.005870848053499664,-0.0007516337134903283,1914,4.861142680033258,4.8083610455721155,0.05278163446114301,0.0026429468756736865,2103,6.904588800442077,6.963241282956718,-0.05865248251464187,-0.0018913131621832203,2127
14.38,-11.77308620932001,-1.1612968083051594,-11.77308620932001,-11.779365115057697,0.006278905737687586,-0.0007351812513361131,1914,4.8808305673339465,4.828258025712879,0.05257254162106728,0.002635732192263286,2104,6.892255641986065,6.951107089344819,-0.058851447358754076,-0.0019005509409272675,2126
14.39,-11.780324742556788,-1.1427979873871386,-11.780324742556788,-11.787011665020861,0.006686922464074272,-0.0007187215315785818,1914,4.9004702828074,4.848107370453407,0.05236291235399266,0.0026284914938512734,2104,6.879854459749389,6.938904294567455,-0.05904983481806613,-0.0019097699622723633,2126
14.4,-11.787447008744262,-1.124287887514348,-11.787447008744262,-11.794541902937931,0.007094894193665379,-0.0007022547166712738,1914,4.920061632617563,4.867908883878628,0.05215274873893481,0.002621224851903422,2104,6.8673853761267045,6.926633019059305,-0.05924764293260019,-0.0019189701352321123,2126
14.41,-11.794452937588549,-1.1057666913740014,-11.794452937588549,-11.801955754476472,0.007502816887924566,-0.0006857809691345161,1914,4.93960442340572,4.887662370545551,0.051942052860168474,0.002613932338138507,2104,6.854848514182832,6.914293383930925,-0.05944486974809304,-0.00192815136900415,2126
14.42,-11.801342459943957,-1.0872345817628268,-11.801342459943957,-11.809253146452752,0.007910686508797346,-0.0006693004515595869,1914,4.959098462292418,4.907367635485197,0.05173082680722186,0.0026066140245325827,2104,6.842243997651541,6.901885510967558,-0.05964151331601841,-0.0019373135729730965,2126
14.43,-11.808115507813675,-1.0686917415852646,-11.808115507813675,-11.816434006832441,0.008318499018766747,-0.0006528133266024971,1914,4.978543556879361,4.927024484204518,0.05151907267484407,0.0025992699833143436,2105,6.829571950934316,6.889409522627926,-0.05983757169361002,-0.001946456656711715,2126
14.44,-11.814772014350467,-1.050138353851656,-11.814772014350467,-11.823498264731345,0.008726250380880339,-0.0006363197569877726,1914,4.997939515251324,4.946632722688324,0.051306792562999505,0.0025919002869694676,2105,6.816832499099144,6.8768655420430225,-0.06003304294387905,-0.0019555805299817965,2126
14.450000000000001,-11.821311913857286,-1.031574601676458,-11.821311913857286,-11.830445850416096,0.00913393655880909,-0.0006198199054973522,1914,5.017286145978015,4.9661921574011965,0.0510939885768186,0.0025845050082306193,2105,6.804025767879274,6.864253693014899,-0.060227925135625304,-0.0019646851027329444,2125
14.46,-11.827735141787974,-1.0130006682764052,-11.827735141787974,-11.837276695304832,0.009541553516856892,-0.0006033139349818561,1913,5.036583258116004,4.98570259528939,0.050880662826614485,0.002577084220089151,2105,6.791151883671972,6.851574100015442,-0.06042221634347058,-0.0019737702851070657,2125
14.47,-11.83404163474787,-0.9944167369687161,-11.83404163474787,-11.843990731967892,0.009949097220024178,-0.0005868020083503577,1913,5.055830661210595,5.005163843782748,0.05066681742784723,0.002569637995787997,2106,6.778210973537275,6.838826888185147,-0.06061591464787061,-0.001982835987437473,2125
14.48,-11.840231330494419,-0.9758229911693007,-11.840231330494419,-11.85058789412847,0.010356563634052457,-0.0005702842885667555,1913,5.075028165297674,5.024575710796597,0.05045245450107693,0.002562166408814884,2106,6.765203165196747,6.826012183331875,-0.06080901813512939,-0.0019918821202483915,2125
14.49,-11.846304167937829,-0.957219614390918,-11.846304167937829,-11.857068116663267,0.010763948725438614,-0.0005537609386564533,1913,5.094175580905634,5.043938004733645,0.050237576171987555,0.002554669532914856,2106,6.7521285870322,6.813130111929625,-0.06100152489742617,-0.002000908594258381,2125
14.5,-11.852260087141651,-0.9386067902413864,-11.852260087141651,-11.863431335603142,0.011171248461492164,-0.0005372321217003541,1913,5.1132727190572105,5.063250534485873,0.050022184571336836,0.002547147442079686,2106,6.738987368084443,6.800180801117273,-0.0611934330328298,-0.002009915320379695,2125
14.51,-11.858099029323366,-0.9199847024217664,-11.858099029323366,-11.869677488133737,0.011578458810373428,-0.0005206980008314174,1913,5.132319391271364,5.082513109436419,0.049806281834944385,0.002539600210550279,2106,6.725779638052005,6.787164378697322,-0.061384740645317015,-0.00201890220971891,2125
14.52,-11.863820936854966,-0.9013535347245459,-11.863820936854966,-11.8758065125961,0.011985575741133273,-0.000504158739235273,1913,5.151315409565125,5.101725539461461,0.04958987010366381,0.0025320279128151976,2107,6.712505527289845,6.774080973134643,-0.06157544584479708,-0.002027869173579758,2124
14.530000000000001,-11.869425753263542,-0.8827134710318238,-11.869425753263542,-11.88181834848729,0.012392595223748115,-0.000487614500149741,1913,5.17026058645547,5.120887634932093,0.049372951523376396,0.0025244306236119505,2107,6.699165166808075,6.760930713555199,-0.06176554674712451,-0.0020368161234622893,2124
14.540000000000001,-11.874913423231812,-0.8640646953135138,-11.874913423231812,-11.887712936460979,0.012799513229167617,-0.0004710654468593348,1913,5.189154734961139,5.139999206716197,0.049155528244942584,0.0025168084179205017,2107,6.685758688270675,6.7477137297447864,-0.061955041474111794,-0.0020457429710614137,2124
14.55,-11.88028389259869,-0.845407391625498,-11.88028389259869,-11.893490218328036,0.013206325729346496,-0.00045451174269837795,1913,5.207997668604522,5.159060066180306,0.04893760242421549,0.0025091613709719435,2107,6.672286223994171,6.734430152147735,-0.06214392815356278,-0.002054649628273734,2124
14.56,-11.885537108359815,-0.8267417441078314,-11.885537108359815,-11.8991501370571,0.013613028697285872,-0.0004379535510460079,1913,5.226789201413469,5.178070025191472,0.04871917622199638,0.002501489558240098,2107,6.658747906946348,6.721080111865632,-0.062332204919283846,-0.0020635360071944,2124
14.57,-11.890673018668064,-0.8080679369829145,-11.890673018668064,-11.904692636775144,0.014019618107079388,-0.000421391035325765,1913,5.2455291479231425,5.197028896119121,0.04850025180402195,0.0024937930554444617,2108,6.645143870744924,6.707663740656028,-0.06251986991110371,-0.002072402020118915,2124
14.58,-11.895691572834078,-0.7893861545536951,-11.895691572834078,-11.910117662768025,0.01442608993394501,-0.0004048243590039956,1913,5.264217323177828,5.2159364918368984,0.0482808313409301,0.0024860719385446347,2108,6.631474249656254,6.694181170931131,-0.0627069212748767,-0.0020812475795407978,2123
14.59,-11.900592721326754,-0.7706965812018183,-11.900592721326754,-11.915425161481025,0.014832440154271148,-0.00038825368558749983,1913,5.2828535427327825,5.234792625724525,0.04806091700825763,0.0024783262837467365,2108,6.617739178593973,6.680632535756503,-0.06289335716253117,-0.002090072598159551,2123
14.6,-11.905376415773734,-0.7519994013858278,-11.905376415773734,-11.920615080519381,0.015238664745646877,-0.0003716791786241005,1913,5.301437622656048,5.253597111669634,0.047840510986413114,0.002470556167499049,2108,6.60393879311769,6.667017968849751,-0.06307917573206158,-0.0020988769888749836,2123
14.61,-11.910042608961884,-0.7332947996393403,-11.910042608961884,-11.9256873686488,0.015644759686915994,-0.00035510100169750675,1913,5.319969379530251,5.272349764069606,0.04761961546064436,0.002462761666489216,2109,6.590073229431636,6.653337604579198,-0.06326437514756195,-0.0021076606647917506,2123
14.620000000000001,-11.914591254837761,-0.7145829605692179,-11.914591254837761,-11.930641975795965,0.016050720958200877,-0.0003385193184294623,1912,5.338448630454443,5.291050397833408,0.0473982326210344,0.002454942857648687,2109,6.576142624383324,6.63959157796256,-0.06344895357923687,-0.0021164235392192705,2123
14.63,-11.91902230850807,-0.695864068853769,-11.91902230850807,-11.935478853049029,0.01645654454095816,-0.00032193429247452925,1912,5.356875193045865,5.309698828383413,0.04717636466245303,0.0024470998181431256,2109,6.562147115462209,6.625780024665621,-0.06363290920341198,-0.002125165525668641,2123
14.64,-11.9233357262401,-0.6771383092408919,-11.9233357262401,-11.940197952658103,0.01686222641800256,-0.000305346087521796,1912,5.375248885441792,5.3282948716572225,0.046954013784569454,0.0024392326253834277,2109,6.5480868407983115,6.611903081000882,-0.06381624020257201,-0.0021338865378614826,2122
14.65,-11.927531465462154,-0.6584058665462746,-11.927531465462154,-11.944799228035714,0.017267762573559376,-0.0002887548672905159,1912,5.393569526301294,5.346838344109488,0.04673118219180547,0.0024313413570156315,2109,6.5339619391608625,6.597960883926228,-0.06399894476536484,-0.002142586489724832,2122
14.66,-11.931609484763987,-0.6396669256515582,-11.931609484763987,-11.949282633757282,0.017673148993293104,-0.0002721607955316289,1912,5.4118369348070505,5.3653290627137205,0.046507872093329024,0.0024234260909259684,2110,6.51977254995694,6.583953571043564,-0.06418102108662292,-0.0021512652953941513,2122
14.67,-11.935569743897188,-0.6209216715025353,-11.935569743897188,-11.95364812556155,0.01807838166436311,-0.00025556403602094036,1912,5.4300509306671,5.383766844964092,0.04628408570300815,0.002415486905232079,2110,6.505518813230091,6.569881280597463,-0.06436246736737285,-0.002159922869211212,2122
14.68,-11.939412203775602,-0.6021702891072905,-11.939412203775602,-11.957895660351046,0.018483456575442692,-0.00023896475256401494,1912,5.448211334116665,5.4021515088772425,0.04605982523942285,0.0024075238782936496,2110,6.49120086965894,6.5557441514738075,-0.06454328181486793,-0.002168559125729888,2122
14.69,-11.943136826475701,-0.5834129635343984,-11.943136826475701,-11.962025196192476,0.018888369716776352,-0.0002223631089893173,1912,5.4663179659198935,5.420482872994073,0.045835092925820616,0.0023995370887029575,2110,6.476818860555809,6.541542323198407,-0.06472346264259855,-0.0021771739797140175,2122
14.700000000000001,-11.946743575236958,-0.5646498799110842,-11.946743575236958,-11.966036692317166,0.019293117080206815,-0.0002057592691492036,1912,5.484370647371646,5.438760756381542,0.04560989099010446,0.002391526615288471,2110,6.462372927865316,6.527275935935627,-0.06490300807031127,-0.0021857673461393445,2122
14.71,-11.950232414462226,-0.5458812234214189,-11.950232414462226,-11.969930109121448,0.019697694659219563,-0.0001891533969185493,1912,5.502369200299234,5.4569849786344395,0.045384221664793965,0.00238349253710854,2111,6.4478632141629975,6.51294513048701,-0.06508191632401274,-0.002194339140189667,2121
14.72,-11.95360330971807,-0.5271071793044596,-11.95360330971807,-11.973705408167055,0.020102098448984182,-0.0001725456561917386,1912,5.520313447064211,5.475155359877182,0.04515808718702929,0.0023754349334586724,2111,6.433289862653862,6.498550048289874,-0.06526018563601267,-0.002202889277266527,2121
14.73,-11.956856227735107,-0.5083279328524424,-11.956856227735107,-11.977362552181505,0.020506324446397304,-0.00015593621088009352,1912,5.538203210564106,5.493271720765578,0.04493148979852897,0.0023673538838640566,2111,6.418653017171005,6.484090831415931,-0.06543781424492627,-0.002211417672983886,2121
14.74,-11.959991136408357,-0.4895436694089483,-11.959991136408357,-11.980901505058467,0.020910368650109628,-0.00013932522491385668,1912,5.556038314234176,5.5113338824885965,0.044704431745578845,0.0023592494680831503,2111,6.403952822174183,6.469567622569873,-0.06561480039568847,-0.0022199242431692433,2121
14.75,-11.963008004797535,-0.4707545743670737,-11.963008004797535,-11.984322231858108,0.021314227060573645,-0.00012271286223799246,1912,5.573818582049148,5.529341666770144,0.04447691527900417,0.0023511217661038707,2111,6.38918942274839,6.454980565087967,-0.06579114233957703,-0.00222840890386565,2121
14.76,-11.965906803127366,-0.4519608331675963,-11.965906803127366,-11.987624698807453,0.021717895680086564,-0.00010609928681037505,1912,5.591543838524961,5.54729489587081,0.044248942654151406,0.0023429708581450357,2112,6.374362964602408,6.440329802936644,-0.06596683833423637,-0.002236871571334504,2121
14.77,-11.968687502787883,-0.4331626312971647,-11.968687502787883,-11.990808873300706,0.022121370512820534,-8.948466260155167e-05,1912,5.609213908720483,5.56519339258963,0.04402051613085233,0.0023347968246510966,2112,6.359473594067405,6.425615480711076,-0.06614188664367049,-0.0022453121620492414,2120
14.780000000000001,-11.971350076334703,-0.41436015428643175,-11.971350076334703,-11.993874723899577,0.022524647564873525,-7.28691535913737e-05,1912,5.6268286182392595,5.583036980265832,0.04379163797342813,0.002326599746299723,2112,6.344521458095446,6.410837743633745,-0.06631628553829848,-0.002253730592707942,2120
14.790000000000001,-11.973894497489297,-0.39555358770826526,-11.973894497489297,-11.996822220333593,0.022927722844296367,-5.62529237692691e-05,1912,5.644387793231212,5.600825482780576,0.043562310450636035,0.002318379703990671,2112,6.329506704258089,6.395996737553018,-0.06649003329492922,-0.002262126780220916,2120
14.8,-11.97632074113926,-0.37674311717587955,-11.97632074113926,-11.999651333500397,0.02333059236113888,-3.96361371323619e-05,1912,5.661891260394378,5.618558724558701,0.043332535835676526,0.002310136778855375,2112,6.314429480744884,6.381092608941697,-0.06666312819681303,-0.0022705006417226615,2120
14.81,-11.97862878333854,-0.3579289283410247,-11.97862878333854,-12.002362035466033,0.023733252127491195,-2.301895768212249e-05,1912,5.6793388469766,5.63623653057045,0.04310231640615037,0.00230187105224834,2113,6.2992899363619435,6.366125504895584,-0.06683556853364156,-0.002278852094566341,2120
14.82,-11.9808186013077,-0.3391112068921488,-11.9808186013077,-12.004954299465217,0.024135698157518762,-6.401549424283476e-06,1912,5.696730380777246,5.6538587263331985,0.04287165444404751,0.0022935826057503394,2113,6.284088220530457,6.351095573132023,-0.06700735260156628,-0.0022871810563263113,2119
14.83,-11.982890173434116,-0.3202901385525657,-11.982890173434116,-12.007428099901619,0.024537926467503694,1.0215923633300969e-05,1912,5.714065690148896,5.671425137913182,0.042640552235712864,0.0022852715211651078,2113,6.268824483285223,6.33600296198844,-0.06717847870321735,-0.0022954874447987626,2119
14.84,-11.98484347927221,-0.3014659090786213,-11.98484347927221,-12.00978341234809,0.024939933075881333,2.683329748146869e-05,1912,5.731344603999046,5.6889355919272075,0.04240901207183915,0.0022769378805213005,2113,6.2534988752731655,6.320847820420887,-0.06734894514772048,-0.002303771178003192,2119
14.85,-11.98667849954364,-0.28263870425785576,-11.98667849954364,-12.012020213546924,0.025341714003284787,4.345040811313226e-05,1912,5.748566951791797,5.706389915544365,0.042177036247431944,0.002268581766069722,2113,6.238111547751845,6.305630298002562,-0.06751875025071673,-0.0023120321741829405,2119
14.86,-11.988395216137496,-0.26380870990719046,-11.988395216137496,-12.014138481410077,0.025743265272579908,6.006709152264235e-05,1912,5.76573256354952,5.723787936487737,0.041944627061782605,0.0022602032602801808,2114,6.22266265258798,6.290350544922342,-0.06768789233436251,-0.0023202703518028847,2119
14.870000000000001,-11.989993612110482,-0.24497611187106216,-11.989993612110482,-12.016138195019387,0.026144582908906658,7.668318370934908e-05,1912,5.7828412698545595,5.741129483036094,0.04171178681846591,0.0022518024458474907,2114,6.207152342255925,6.275008711983298,-0.06785636972737256,-0.0023284856295568753,2119
14.88,-11.991473671687071,-0.2261410960196053,-11.991473671687071,-12.018019334626787,0.026545662939715657,9.329852067820749e-05,1912,5.799892901850899,5.758414384025592,0.04147851782530663,0.0022433794056861437,2114,6.191580769836175,6.259604950601198,-0.06802418076502308,-0.002336677926364373,2118
14.89,-11.992835380259672,-0.20730384824683287,-11.992835380259672,-12.019781881654488,0.026946501394814325,0.00010991293844191292,1912,5.816887291245803,5.775642468851464,0.041244822394339034,0.002234934222926108,2114,6.175948089013874,6.244139412803029,-0.06819132378915416,-0.0023448471613682306,2118
14.9,-11.994078724388778,-0.18846455446877014,-11.994078724388778,-12.02142581869517,0.027347094306392313,0.00012652627302129835,1912,5.833824270311516,5.792813567469696,0.04101070284181957,0.0022264669809209043,2114,6.160254454077265,6.228612251225478,-0.06835779714821268,-0.0023529932539423475,2118
14.91,-11.995203691803079,-0.16962340062164108,-11.995203691803079,-12.022951129512155,0.027747437709077172,0.00014313836044883323,1912,5.85070367188689,5.809927510398715,0.04077616148817516,0.002217977763238934,2115,6.14450001991619,6.213023619113443,-0.06852359919725312,-0.002361116123687868,2118
14.92,-11.9962102713996,-0.15078057266002762,-11.9962102713996,-12.024357799039562,0.028147527639962967,0.00015974903676922378,1912,5.867525329379048,5.8269841287210555,0.040541200657992126,0.0022094666536662264,2115,6.128684942020554,6.19737367031851,-0.06868872829795589,-0.002369215690435524,2118
14.93,-11.99709845324381,-0.13193625655503455,-11.99709845324381,-12.025645813382459,0.028547360138650047,0.00017635813804033063,1912,5.884289076765021,5.843983254085027,0.040305822679993095,0.002200933736205164,2115,6.112809376478791,6.181662559297434,-0.06885318281864393,-0.002377291874245555,2118
14.94,-11.997868228569708,-0.11309063829244881,-11.997868228569708,-12.026815159817,0.028946931247291148,0.00019296550033664692,1912,5.900994748593394,5.860924718706382,0.04007002988701155,0.002192379095073355,2115,6.096873479976318,6.165890441110621,-0.06901696113430429,-0.002385344595410049,2117
14.950000000000001,-11.998519589779928,-0.09424390387092499,-11.998519589779928,-12.02786582679055,0.02934623701062163,0.00020957095974908843,1912,5.917642179985921,5.87780835536996,0.03983382461596164,0.0021838028147002737,2115,6.0808774097940095,6.1500574714205944,-0.06918006162658485,-0.0023933737744495955,2117
14.96,-11.999052530445793,-0.07539623930011775,-11.999052530445793,-12.028797803921798,0.029745273476003968,0.00022617435238807444,1912,5.934231206639182,5.894633997431349,0.03959720920783339,0.002175204979732474,2116,6.064821323806614,6.134163806490453,-0.06934248268383895,-0.00240137933212072,2117
14.97,-11.999467045307398,-0.05654783059886198,-11.999467045307398,-12.02961108200086,0.030144036693461197,0.0002427755143826777,1912,5.9507616648261825,5.911401478818523,0.0393601860076601,0.0021665856750291562,2116,6.048705380481218,6.118209603182341,-0.06950422270112289,-0.0024093611894119614,2117
14.98,-11.999763130273644,-0.03769886379335283,-11.999763130273644,-12.030305652989373,0.030542522715727757,0.0002593742818863612,1912,5.967233391397968,5.928110634033488,0.03912275736448018,0.0021579449856575237,2116,6.032529738875681,6.102195018955891,-0.06966528008020953,-0.0024173192675439855,2117
14.99,-11.999940782422298,-0.018849524915277676,-11.999940782422298,-12.03088151002057,0.030940727598273373,0.0002759704910744471,1912,5.983646223785249,5.9447612981539075,0.038884925631341945,0.0021492829968998133,2116,6.016294558637052,6.086120211866669,-0.06982565322961691,-0.002425253487974342,2116
15.0,-12.0,-1.4695761589768238e-15,-12.0,-12.031338647399354,0.031338647399353936,0.0002925639781487209,1911,5.999999999999996,5.961353306834735,0.038646693165260634,0.00214059979424699,2116,6.000000000000007,6.069985340564622,-0.06998534056461536,-0.0024331637723957827,2116
15.01,-11.999940782422298,0.018849524915274737,-11.999940782422298,-12.031677060602338,0.03173627818004012,0.0003091545793364372,1912,6.016294558637043,5.9778864963098375,0.03840806232720492,0.002131895463400222,2116,5.983646223785259,6.053790564292505,-0.07014434050724584,-0.002441050042736531,2116
15.02,-11.999763130273644,0.03769886379334989,-11.999763130273644,-12.031896746277914,0.03213361600426829,0.00032574213089482055,1912,6.03252973887567,5.994360703393606,0.03816903548206512,0.0021231700902677236,2117,5.967233391397978,6.0375360428843114,-0.07030265148633341,-0.0024489122211624687,2116
15.030000000000001,-11.999467045307398,0.05654783059886437,-11.999467045307398,-12.031997702246267,0.032530656938867517,0.00034232646910999694,1912,6.048705380481212,6.010775765482571,0.03792961499864122,0.00211442376096778,2117,5.95076166482619,6.021221936763698,-0.07046027193750874,-0.0024567502300775375,2116
15.040000000000001,-11.999052530445793,0.07539623930011481,-11.999052530445793,-12.0319799274994,0.032927397053608885,0.00035890743030104946,1912,6.064821323806604,6.027131520557007,0.0376898032495976,0.00210565656182067,2117,5.9342312066391925,6.004848406942397,-0.07061720030320569,-0.0024645639921215654,2116
15.05,-11.998519589779928,0.09424390387092205,-11.998519589779928,-12.031843422201158,0.033323832421230944,0.00037548485081866437,1912,6.080877409793998,6.0434278071825265,0.03744960261147174,0.0020968685793582046,2117,5.917642179985931,5.988415615018633,-0.07077343503270189,-0.002472353430176574,2115
15.06,-11.997868228569708,0.11309063829244588,-11.997868228569708,-12.031588187687204,0.03371995911749694,0.00039205856705014277,1912,6.096873479976307,6.059664464511683,0.03720901546462417,0.002088059900314268,2117,5.900994748593404,5.971923723175523,-0.07092897458212033,-0.0024801184673642106,2115
15.07,-11.99709845324381,0.1319362565550316,-11.99709845324381,-12.031214226465023,0.03411577322121552,0.0004086284154186876,1912,6.11280937647878,6.075841332285547,0.03696804419323287,0.0020792306116289806,2118,5.8842890767650315,5.955372894179478,-0.0710838174144468,-0.002487859027047528,2115
15.08,-11.9962102713996,0.15078057266002468,-11.9962102713996,-12.03072154221389,0.034511270814289986,0.0004251942323857758,1912,6.128684942020543,6.091958250835297,0.036726691185247164,0.0020703808004423497,2118,5.867525329379058,5.938763291378593,-0.07123796199953555,-0.0024955750328278315,2115
15.09,-11.995203691803079,0.16962340062163817,-11.995203691803079,-12.030110139784831,0.03490644798175332,0.00044175585445173533,1912,6.1445000199161806,6.108015061083788,0.03648495883239169,0.0020615105541005136,2118,5.850703671886901,5.922095078701044,-0.07139140681414262,-0.002503266408552037,2115
15.1,-11.994078724388778,0.18846455446876723,-11.994078724388778,-12.029380025200586,0.03530130081180791,0.0004583131181601476,1912,6.160254454077255,6.124011604547131,0.03624284953012426,0.0020526199601500743,2118,5.833824270311527,5.905368420653458,-0.07154415034193137,-0.0025109330783098707,2114
15.11,-11.992835380259672,0.2073038482468299,-11.992835380259672,-12.028531205655538,0.035695825395865355,0.00047486586009594725,1912,6.175948089013864,6.139947723336244,0.036000365677619175,0.0020437091063382224,2118,5.816887291245814,5.888583482319298,-0.07169619107348453,-0.0025185749664343067,2114
15.120000000000001,-11.99147367168707,0.22614109601960763,-11.99147367168707,-12.027563689515652,0.0360900178285814,0.0004914139168896931,1912,6.191580769836169,6.155823260158425,0.03575750967774415,0.00203477808061334,2118,5.799892901850903,5.871740429357231,-0.07184752750632635,-0.002526191997503305,2114
15.13,-11.989993612110482,0.24497611187105925,-11.989993612110482,-12.026477486318376,0.03648387420789571,0.0005079571252174907,1912,6.207152342255914,6.17163805831889,0.03551428393702375,0.0020258269711193166,2119,5.782841269854569,5.85483942799949,-0.07199815814492025,-0.002533784096337177,2114
15.14,-11.988395216137496,0.2638087099071875,-11.988395216137496,-12.025272606772573,0.0368773906350764,0.0005244953218041986,1912,6.22266265258797,6.187391961722334,0.03527069086563618,0.0020168558662022633,2119,5.76573256354953,5.837880645050243,-0.07214808150071338,-0.0025413511880067107,2114
15.15,-11.98667849954364,0.2826387042578529,-11.98667849954364,-12.023949062758385,0.03727056321474708,0.0005410283434234171,1912,6.238111547751835,6.203084814874456,0.03502673287737834,0.0020078648544039892,2119,5.748566951791807,5.820864247883933,-0.07229729609212622,-0.0025488931978275755,2113
15.16,-11.98484347927221,0.3014659090786184,-11.98484347927221,-12.022506867327145,0.037663388054936145,0.0005575560268995276,1912,6.253498875273156,6.218716462883511,0.034782412389645134,0.001998854024464241,2119,5.731344603999057,5.803790404443638,-0.07244580044458128,-0.0025564100513638865,2113
15.17,-11.982890173434116,0.3202901385525627,-11.982890173434116,-12.020946034701225,0.03805586126710856,0.0005740782091107994,1912,6.268824483285212,6.234286751461822,0.034537731823391295,0.0019898234653140555,2119,5.714065690148907,5.786659283239406,-0.07259359309049906,-0.0025639016744247447,2113
15.18,-11.9808186013077,0.33911120689214586,-11.9808186013077,-12.019266580273905,0.038447978966204076,0.0005905947269881258,1912,6.284088220530446,6.249795526927311,0.03429269360313457,0.001980773266084262,2119,5.6967303807772565,5.769471053346593,-0.07274067256933706,-0.0025713679930721243,2113
15.19,-11.97862878333854,0.3579289283410218,-11.97862878333854,-12.017468520609224,0.0388397372706817,0.0006071054175197437,1912,6.299289936361933,6.265242636205022,0.0340473001569104,0.0019717035160969325,2120,5.679338846976611,5.752225884404202,-0.0728870374275905,-0.002578808933616299,2113
15.200000000000001,-11.97632074113926,0.376743117175882,-11.97632074113926,-12.015551873441812,0.03923113230255313,0.00062361011775068,1912,6.314429480744879,6.280627926828617,0.033801553916260794,0.001962614304868938,2120,5.661891260394383,5.734923946613195,-0.07303268621881233,-0.0025862244226193543,2112
15.21,-11.973894497489297,0.3955535877082677,-11.973894497489297,-12.01351665767672,0.0396221601874225,0.0006401086647856409,1912,6.329506704258083,6.295951246941894,0.033555457316188204,0.001953505722105007,2120,5.6443877932312185,5.717565410734828,-0.07317761750360911,-0.002593614386890266,2112
15.22,-11.971350076334703,0.41436015428643425,-11.971350076334703,-12.011362893389224,0.04001281705452137,0.0006566008957895435,1912,6.34452145809544,6.311212445300276,0.03330901279516506,0.0019443778577054906,2120,5.626828618239265,5.7001504480889515,-0.07332182984968563,-0.002600978753495147,2112
15.23,-11.968687502787883,0.4331626312971618,-11.968687502787883,-12.009090601824639,0.04040309903675325,0.0006730866479899532,1912,6.359473594067394,6.32641137127231,0.03306222279508368,0.0019352308017595802,2120,5.609213908720493,5.6826792305523295,-0.07346532183183614,-0.002608317449749599,2112
15.24,-11.965906803127366,0.4519608331675933,-11.965906803127366,-12.006699805398092,0.04079300227072699,0.0006895657586784964,1912,6.374362964602398,6.341547874841154,0.03281508976124358,0.0019260646445460432,2121,5.591543838524973,5.665151930556942,-0.07360809203196977,-0.0026156304032243782,2112
15.25,-11.963008004797535,0.4707545743670708,-11.963008004797535,-12.004190527694329,0.04118252289679337,0.000706038065211168,1912,6.3891894227483785,6.356621806606052,0.032567616142326755,0.0019168794765324678,2121,5.573818582049159,5.6475687210882795,-0.07375013903912012,-0.002622917541743901,2111
15.26,-11.959991136408357,0.4895436694089453,-11.959991136408357,-12.001562793467446,0.0415716570590896,0.0007225034050129453,1912,6.4039528221741735,6.371633017783814,0.03231980439036038,0.0019076753883713743,2121,5.556038314234186,5.629929775683636,-0.07389146144944918,-0.0026301787933844896,2111
15.27,-11.956856227735107,0.5083279328524395,-11.956856227735107,-11.998816628640679,0.04196040090556959,0.0007389616155760318,1912,6.418653017170995,6.386581360210281,0.032071656960714366,0.0018984524709058067,2121,5.5382032105641175,5.612235268430401,-0.07403205786628396,-0.002637414086481757,2111
15.280000000000001,-11.953603309718067,0.5271071793044619,-11.953603309718067,-11.995952060306122,0.042348750588053194,0.000755412534464199,1912,6.433289862653855,6.40146668634179,0.03182317631206563,0.0018892108151635917,2121,5.520313447064216,5.594485373964336,-0.07417192690011883,-0.0026446233496279217,2111
15.290000000000001,-11.950232414462226,0.5458812234214212,-11.950232414462226,-11.992969116724476,0.04273670226224849,0.0007718559993124194,1912,6.447863214162991,6.4162888492566275,0.03157436490636308,0.0018799505123542927,2121,5.50236920029924,5.576680267467851,-0.07431106716861077,-0.0026518065116666024,2111
15.3,-11.946743575236958,0.5646498799110865,-11.946743575236958,-11.989867827324764,0.04312425208780427,0.0007882918478290526,1912,6.462372927865311,6.4310477026564845,0.031325225208826815,0.001870671653875962,2122,5.484370647371652,5.558820124668282,-0.07444947729663108,-0.002658963501705126,2110
15.31,-11.943136826475701,0.5834129635343954,-11.943136826475701,-11.986648222704037,0.04351139622833866,0.0008047199177982373,1912,6.476818860555798,6.445743100867891,0.031075759687907586,0.0018613743313078551,2122,5.466317965919905,5.5409051218361505,-0.07458715591624625,-0.0026660942491061653,2110
15.32,-11.939412203775602,0.6021702891072876,-11.939412203775602,-11.983310334627086,0.04389813085148365,0.0008211400470809049,1912,6.49120086965893,6.460374898843663,0.03082597081526612,0.0018520586364113873,2122,5.448211334116676,5.522935435783424,-0.07472410166674898,-0.0026731986834923377,2110
15.33,-11.935569743897188,0.6209216715025323,-11.935569743897188,-11.979854196026105,0.04428445212891688,0.0008375520736163518,1912,6.50551881323008,6.474942952164332,0.030575861065749266,0.0018427246611293288,2122,5.430050930667111,5.504911243861775,-0.07486031319466456,-0.002680276734745517,2110
15.34,-11.931609484763987,0.6396669256515555,-11.931609484763987,-11.976279841000386,0.04467035623639983,0.0008539558354226885,1912,6.5197725499569295,6.489447117039564,0.03032543291736614,0.0018333724975855776,2122,5.41183693480706,5.486832723960825,-0.07499578915376517,-0.002687328333007955,2110
15.35,-11.927531465462156,0.6584058665462716,-11.927531465462156,-11.972587304815981,0.04505583935382553,0.0008703511706011297,1912,6.533961939160854,6.50388725030959,0.030074688851264266,0.001824002238083356,2122,5.393569526301306,5.468700054506394,-0.075130528205089,-0.002694353408684457,2109
15.36,-11.9233357262401,0.6771383092408891,-11.9233357262401,-11.96877662390534,0.04544089766524081,0.000886737917335581,1912,6.5480868407983,6.518263209446608,0.029823631351693004,0.001814613975101768,2122,5.375248885441803,5.450513414458736,-0.07526452901693381,-0.0027013518924373214,2109
15.370000000000001,-11.919022308508072,0.695864068853766,-11.919022308508072,-11.964847835866966,0.0458255273588924,0.0009031159138936373,1912,6.5621471154622,6.532574852556195,0.029572262906004353,0.0018052078013016852,2123,5.356875193045878,5.432272983310774,-0.07539779026489675,-0.002708323715195293,2109
15.38,-11.914591254837761,0.7145829605692202,-11.914591254837761,-11.960800979465034,0.04620972462727152,0.0009194849986312809,1912,6.576142624383317,6.546822038378709,0.0293205860046092,0.0017957838095196115,2123,5.338448630454449,5.41397894108633,-0.07553031063188151,-0.0027152688081512537,2109
15.39,-11.910042608961884,0.7332947996393373,-11.910042608961884,-11.956636094629017,0.04659348566713289,0.0009358450099907897,1913,6.590073229431627,6.561004626290678,0.029068603140948713,0.0017863420927651539,2123,5.319969379530262,5.395631468338344,-0.0756620888080824,-0.0027221871027561847,2109
15.4,-11.905376415773734,0.751999401385825,-11.905376415773734,-11.952353222453285,0.04697680667955203,0.000952195786504852,1913,6.603938793117679,6.57512247630619,0.028816316811488767,0.0017768827442261742,2123,5.301437622656057,5.377230746147099,-0.07579312349104159,-0.002729078530731194,2108
15.41,-11.900592721326754,0.7706965812018155,-11.900592721326754,-11.947952405196702,0.0473596838699475,0.0009685371667964232,1913,6.617739178593964,6.58917544907828,0.028563729515682566,0.0017674058572638889,2123,5.282853542732795,5.358776956118427,-0.07592341338563166,-0.0027359430240604284,2108
15.42,-11.895691572834078,0.7893861545536922,-11.895691572834078,-11.943433686282209,0.04774211344813022,0.0009848689895826136,1913,6.631474249656244,6.603163405900297,0.028310843755946006,0.0017579115254115736,2123,5.264217323177839,5.340270280381918,-0.07605295720407862,-0.0027427805149944687,2108
15.43,-11.890673018668064,0.8080679369829117,-11.890673018668064,-11.938797110296397,0.04812409162833207,0.001001191093673609,1913,6.645143870744914,6.617086208707277,0.028057662037637796,0.0017483998423753313,2124,5.245529147923154,5.3217109015891255,-0.07618175366597145,-0.00274959093604914,2108
15.44,-11.885537108359815,0.8267417441078285,-11.885537108359815,-11.934042722989062,0.04850561462924723,0.0010175033179759367,1913,6.6587479069463384,6.630943720077305,0.027804186869033205,0.0017388709020335425,2124,5.226789201413481,5.303099002911761,-0.07630980149828123,-0.0027563742200096284,2107
15.450000000000001,-11.88028389259869,0.8454073916254949,-11.88028389259869,-11.929170571272758,0.04888667867406882,0.0010338055014940334,1913,6.67228622399416,6.644735803232873,0.027550420761287497,0.0017293247984306115,2124,5.207997668604533,5.284434768039889,-0.07643709943535631,-0.0027631302999247577,2107
15.46,-11.874913423231812,0.8640646953135107,-11.874913423231812,-11.924180703222335,0.049267279990522196,0.0010500974833299176,1913,6.685758688270665,6.658462322042227,0.02729636622843752,0.0017197616257863214,2124,5.189154734961152,5.265718381180109,-0.07656364621895892,-0.0027698591091159398,2107
15.47,-11.869425753263542,0.8827134710318263,-11.869425753263542,-11.919073168074458,0.049647414810915946,0.001066379102688874,1913,6.699165166808069,6.672123141020714,0.027042025787354793,0.0017101814784859,2124,5.170260586455476,5.246950027053745,-0.07668944059826915,-0.002776560581174192,2107
15.48,-11.863820936854966,0.9013535347245432,-11.863820936854966,-11.913848016227128,0.05002707937216088,0.0010826501988761388,1913,6.712505527289835,6.685718125332116,0.026787401957718462,0.0017005844510797029,2124,5.151315409565136,5.228129890895013,-0.07681448132987775,-0.0027832346499556404,2107
15.49,-11.858099029323366,0.9199847024217634,-11.858099029323366,-11.90850529923918,0.05040626991581304,0.001098910611300928,1913,6.725779638051995,6.69924714078998,0.02653249726201532,0.0016909706382898784,2125,5.132319391271375,5.2092581584492015,-0.07693876717782677,-0.002789881249590471,2106
15.5,-11.852260087141651,0.9386067902413836,-11.852260087141651,-11.90304506982978,0.05078498268812611,0.0011151601794801022,1913,6.738987368084434,6.712710053858947,0.026277314225487302,0.0016813401350006998,2125,5.113272719057222,5.190335015970833,-0.07706229691361023,-0.002796500314480373,2106
15.51,-11.84630416793783,0.9572196143909151,-11.84630416793783,-11.897467381877892,0.051163213940062624,0.0011313987430353898,1913,6.75212858703219,6.726106731656067,0.026021855376122765,0.0016716930362623145,2125,5.0941755809056435,5.1713606502218274,-0.077185069316183,-0.0028030917792973963,2106
15.52,-11.840231330494419,0.9758229911692977,-11.840231330494419,-11.89177229042177,0.05154095992735115,0.001147626141697786,1913,6.765203165196737,6.73943704195211,0.025766123244626245,0.0016620294372885706,2125,5.0750281652976845,5.152335248469659,-0.07730708317197421,-0.0028096555789859376,2106
15.530000000000001,-11.834041634747866,0.9944167369687186,-11.834041634747866,-11.88595985165838,0.05191821691051495,0.0011638422153091577,1913,6.77821097353727,6.752700853172873,0.025510120364396222,0.0016523494334566005,2125,5.0558306612106,5.133258998485509,-0.077428337274908,-0.002816191648765449,2106
15.540000000000001,-11.827735141787976,1.0130006682764023,-11.827735141787976,-11.880030122942884,0.05229498115490697,0.0011800468038219002,1913,6.791151883671963,6.765898034400477,0.02525384927148693,0.0016426531203027443,2125,5.036583258116017,5.114132088542408,-0.07754883042639152,-0.0028226999241244073,2105
15.55,-11.821311913857288,1.0315746016764553,-11.821311913857288,-11.873983162788038,0.05267124893075117,0.0011962397473019356,1914,6.804025767879265,6.7790284553746565,0.024997312504607575,0.0016329405935278079,2125,5.017286145978026,5.094954707413385,-0.07766856143535875,-0.0028291803408299417,2105
15.56,-11.814772014350467,1.0501383538516529,-11.814772014350467,-11.867819030863647,0.053047016513182256,0.0012124208859312629,1914,6.816832499099134,6.7920919864940545,0.024740512605080187,0.0016232119489916538,2126,4.9979395152513355,5.075727044369596,-0.07778752911826085,-0.002835632834923224,2105
15.57,-11.808115507813676,1.0686917415852615,-11.808115507813676,-11.86153778799595,0.053422280182274386,0.001228590060008688,1914,6.829571950934307,6.805088498817489,0.024483452116818155,0.0016134672827129081,2126,4.978543556879373,5.056449289178464,-0.07790573229909095,-0.0028420573427215892,2105
15.58,-11.801342459943957,1.0872345817628237,-11.801342459943957,-11.855139496167032,0.05379703622307608,0.0012447471099477003,1914,6.84224399765153,6.818017864065235,0.02422613358629601,0.0016037066908668922,2126,4.959098462292429,5.037121632101801,-0.07802316980937209,-0.0028484538008147656,2104
15.59,-11.79445293758855,1.1057666913739983,-11.79445293758855,-11.848624218514214,0.0541712809256643,0.0012608918762856344,1914,6.854848514182823,6.830879954620287,0.023968559562535904,0.0015939302697881921,2126,4.939604423405732,5.017744263893931,-0.0781398404881994,-0.0028548221460739276,2104
15.6,-11.787447008744262,1.1242878875143452,-11.787447008744262,-11.841992019329425,0.0545450105851588,0.0012770241996788011,1914,6.867385376126694,6.843674643529618,0.0237107325970766,0.0015841381159670802,2126,4.920061632617574,4.998317375799809,-0.0782557431822354,-0.002861162315645937,2104
15.610000000000001,-11.780324742556784,1.1427979873871408,-11.780324742556784,-11.835242964058562,0.05491822150177776,0.0012931439209070417,1914,6.8798544597493825,6.856401804505436,0.023452655243947247,0.0015743303260496912,2126,4.900470282807405,4.978841159553131,-0.0783708767457258,-0.0028674742469571505,2104
15.620000000000001,-11.773086209320006,1.1612968083051618,-11.773086209320006,-11.828377119300862,0.05529090998085528,0.0013092508808734814,1914,6.8922556419860594,6.869061311926424,0.023194330059635553,0.0015645069968335838,2126,4.880830567333952,4.959315807374443,-0.07848524004049083,-0.002873757877707344,2104
15.63,-11.765731480475333,1.1797841676925194,-11.765731480475333,-11.82139455280823,0.05566307233289545,0.0013253449206087264,1914,6.904588800442066,6.8816530408389855,0.022935759603081432,0.001554668225273505,2127,4.861142680033271,4.939741511969245,-0.07859883193597529,-0.0028800131458820294,2103
15.64,-11.758260628610964,1.1982598830864402,-11.758260628610964,-11.814295333484562,0.05603470487359938,0.0013414258812699843,1914,6.916853813394108,6.894176866958476,0.022676946435631694,0.001544814108474392,2127,4.8414068152168594,4.920118466526089,-0.07871165130923027,-0.002886239989744044,2103
15.65,-11.750673727461189,1.2167237721390718,-11.750673727461189,-11.807079531385098,0.056405803923908156,0.00135749360414449,1914,6.929050559791458,6.906632666670432,0.02241789312102571,0.0015349447436926855,2127,4.821623167669735,4.900446864714669,-0.07882369704493387,-0.002892438347837333,2103
15.66,-11.742970851905664,1.235175652619289,-11.742970851905664,-11.799747217715689,0.05677636581002668,0.0013735479306488376,1914,6.9411789192571565,6.919020317031784,0.022158602225373164,0.0015250602283375138,2127,4.80179193264851,4.880726900683911,-0.07893496803540064,-0.002898608158986451,2103
15.67,-11.73515207796866,1.25361534241447,-11.73515207796866,-11.79229846483213,0.057146386863469775,0.0013895887023317437,1915,6.953238772089187,6.931339695772076,0.021899076317111115,0.0015151606599632522,2127,4.781913305879478,4.860958769060059,-0.07904546318058168,-0.0029047493622950645,2102
15.68,-11.72721748281832,1.2720426595323264,-11.72721748281832,-11.784733346239424,0.05751586342110198,0.0014056157608772378,1915,6.965229999261672,6.943590681294673,0.021639317967000006,0.001505246136276557,2127,4.761987483556652,4.841142664944755,-0.07915518138810278,-0.0029108618971540315,2102
15.69,-11.719167144765896,1.2904574221026779,-11.719167144765896,-11.777051936591056,0.05788479182516136,0.0014216289481034563,1915,6.9771524824260425,6.955773152677955,0.021379329748087903,0.0014953167551309656,2127,4.742014662339856,4.821278783913108,-0.07926412157325165,-0.0029169457032347766,2102
15.700000000000001,-11.711001143264967,1.3088594483792568,-11.711001143264967,-11.769254311688279,0.05825316842331203,0.0014376281059670093,1915,6.989006103912205,6.967886989676517,0.021119114235687426,0.001485372614526431,2128,4.721995039352765,4.8013673220117665,-0.07937228265900105,-0.0029230007204938797,2102
15.71,-11.702719558910681,1.3272485567414833,-11.702719558910681,-11.761340548479335,0.05862098956865524,0.0014536130765598378,1915,7.000790746729694,6.979932072722352,0.020858674007342353,0.0014754138126069401,2128,4.70192881218099,4.781408475756988,-0.07947966357599838,-0.002929026889166901,2101
15.72,-11.694322473438927,1.3456245656962866,-11.694322473438927,-11.75331072505872,0.0589882516197946,0.0014695837021173157,1915,7.012506294568848,6.991908282926032,0.020598011642814103,0.0014654404476632374,2128,4.681816178870082,4.761402442132692,-0.0795862632626095,-0.0029350241497804555,2101
15.73,-11.685809969725547,1.3639872938798767,-11.685809969725547,-11.745164920666399,0.05935495094085201,0.0014855398250141595,1915,7.024152631801934,7.0038155020778845,0.020337129724050725,0.001455452618129344,2128,4.661657337923615,4.74134941858852,-0.07969208066490432,-0.002940992443143451,2101
15.74,-11.67718213178552,1.3823365600595408,-11.67718213178552,-11.73690321568703,0.059721083901510534,0.001501481287769165,1915,7.035729643484313,7.015653612649149,0.020076030835163846,0.0014454504225818341,2128,4.64145248830121,4.721249603037886,-0.07979711473667597,-0.0029469317103511623,2101
15.75,-11.66843904477212,1.4006721831354283,-11.66843904477212,-11.728525691649171,0.06008664687705104,0.0015174079330458118,1915,7.0472372153555485,7.027422497793152,0.01981471756239685,0.001435433959739216,2128,4.6212018294165755,4.701103193856024,-0.07990136443944869,-0.0029528418927849587,2101
15.76,-11.659580794976089,1.418993982142348,-11.659580794976089,-11.720032431224473,0.06045163624838556,0.001533319603654,1915,7.058675233840558,7.039122041346447,0.019553192494110586,0.0014254033284614182,2128,4.6009055611355345,4.680910389878031,-0.08000482874249694,-0.002958722932115381,2100
15.77,-11.650607469824772,1.4373017762515299,-11.650607469824772,-11.711423518226862,0.06081604840209227,0.0015492161425509268,1915,7.070043586050705,7.050752127829968,0.01929145822073644,0.0014153586277446647,2128,4.58056388377407,4.6606713903968995,-0.0801075066228295,-0.0029645747702957696,2100
15.780000000000001,-11.641519157881268,1.4555953847724474,-11.641519157881268,-11.70269903761172,0.06117987973045368,0.0015650973928433808,1916,7.081342159784956,7.062312642450171,0.019029517334784286,0.001405299956730069,2129,4.560176998096315,4.640386395161554,-0.08020939706523876,-0.0029703973495733872,2100
15.790000000000001,-11.632315948843548,1.4738746271545595,-11.632315948843548,-11.693859075475036,0.061543126631486866,0.0015809631977874725,1916,7.09257084353094,7.073803471100157,0.018767372430782067,0.0013952274146909914,2129,4.539745105312614,4.620055604374882,-0.08031049906226893,-0.0029761906124784344,2100
15.8,-11.622997933543571,1.4921393229891293,-11.622997933543571,-11.684903719052562,0.061905785508989515,0.0015968134007943837,1916,7.103729526466084,7.085224500360808,0.018505026105274193,0.0013851411010411731,2129,4.519268407077492,4.599679218691756,-0.0804108116142645,-0.002981954501835543,2099
15.81,-11.613565203946383,1.510389292010982,-11.613565203946383,-11.675833056718952,0.062267852772568626,0.0016126478454282092,1916,7.114818098458693,7.096575617501906,0.01824248095678815,0.0013750411153294851,2129,4.498747105487695,4.579257439217051,-0.08051033372935677,-0.0029876889607575023,2099
15.82,-11.60401785314922,1.5286243541002913,-11.60401785314922,-11.666647177986896,0.06262932483767387,0.0016284663754084962,1916,7.125836450069039,7.107856710483237,0.017979739585802696,0.0013649275572387883,2129,4.478181403080184,4.558790467503663,-0.08060906442347816,-0.002993393932647353,2099
15.83,-11.594355975380578,1.5468443292843561,-11.594355975380578,-11.657346173506216,0.06299019812563897,0.0016442688346120712,1916,7.136784472550439,7.119067667955706,0.01771680459473355,0.0013548005265867557,2129,4.457571502830139,4.538278505550514,-0.0807070027203749,-0.002999069361199076,2099
15.84,-11.58457966599929,1.5650490377393775,-11.58457966599929,-11.647930135062998,0.06335046906370706,0.001660055067073258,1916,7.147662057850334,7.130208379262433,0.017453678587901575,0.001344660123324408,2129,4.436917608148957,4.51772175580057,-0.08080414765161181,-0.003004715190398042,2098
15.85,-11.574689021493576,1.5832382997922372,-11.574689021493576,-11.638399155578663,0.06371013408508645,0.00167582491698994,1916,7.158469098611346,7.141278734439841,0.017190364171504168,0.0013345064475336274,2129,4.416219922882233,4.497120421138828,-0.0809004982565946,-0.0030103313645240297,2098
15.860000000000001,-11.564684139480116,1.6014119359222523,-11.564684139480116,-11.628753329109069,0.06406918962895218,0.001691578228715818,1916,7.169205488172344,7.152278624218751,0.01692686395359378,0.0013243395994274884,2130,4.3954786513077755,4.476474704890324,-0.08099605358254834,-0.0030159178281436417,2098
15.870000000000001,-11.554565118703051,1.619569766762976,-11.554565118703051,-11.618992750843567,0.06442763214051594,0.001707314846773049,1917,7.179871120569498,7.163207940025447,0.01666318054405169,0.0013141596793493915,2130,4.374693998133555,4.455784810818125,-0.08109081268457001,-0.0030214745261228897,2098
15.88,-11.544332059033028,1.637711613103953,-11.544332059033028,-11.609117517104071,0.06478545807104205,0.0017230346158470427,1917,7.190465890537328,7.17406657398276,0.016399316554568895,0.0013039667877735289,2130,4.3538661684957045,4.4350509431213165,-0.08118477462561174,-0.0030270014036203234,2098
15.89,-11.533985061466222,1.6558372958924752,-11.533985061466222,-11.599127725344104,0.0651426638778824,0.0017387373807876885,1917,7.2009896935097215,7.184854418911126,0.016135274598596056,0.0012937610252975306,2130,4.332995367956502,4.414273306432982,-0.08127793847648004,-0.0030324984060848786,2097
15.9,-11.523524228123316,1.673946636235375,-11.523524228123316,-11.589023474147837,0.06549924602452098,0.0017544229866145455,1917,7.211442425620999,7.195571368329646,0.015871057291353796,0.001283542492650492,2130,4.31208180250232,4.393452105818195,-0.08137030331587478,-0.0030379654792648293,2097
15.91,-11.512949662248515,1.692039455400775,-11.512949662248515,-11.578804863229117,0.06585520098060253,0.0017700912785170398,1917,7.221823983706912,7.206217316457135,0.015606667249777061,0.0012733112906855694,2130,4.291125678541604,4.372587546771984,-0.08146186823037958,-0.003043402569202477,2097
15.92,-11.502261468208511,1.7101155748198538,-11.502261468208511,-11.568471993430474,0.06621052522196433,0.0017857421018539063,1917,7.232134265305675,7.216792158213169,0.015342107092505579,0.0012630675203821468,2130,4.27012720290284,4.35167983521731,-0.0815526323144707,-0.0030488096222355903,2097
15.93,-11.491459751491469,1.7281748160886112,-11.491459751491469,-11.55802496672215,0.06656521523068071,0.001801375302156837,1917,7.242373168658968,7.22729578921912,0.015077379439848864,0.0012528112828416246,2130,4.2490865828325015,4.330729177503034,-0.08164259467053275,-0.0030541865849989256,2096
15.94,-11.480544618705965,1.7462170009696312,-11.480544618705965,-11.547463886201058,0.0669192674950933,0.00181699072513343,1917,7.252540592712956,7.237728105799185,0.014812486913770323,0.001242542679291147,2130,4.228004025993011,4.309735780401876,-0.08173175440886601,-0.0030595334044249013,2096
15.950000000000001,-11.46951617757996,1.7642419513938226,-11.46951617757996,-11.536788856089789,0.06727267850983011,0.0018325882166619744,1918,7.262636437119259,7.248089004981414,0.014547432137845899,0.001232261811076595,2131,4.206879740460704,4.288699851108381,-0.0818201106476768,-0.0030648500277386127,2096
15.96,-11.458374536959715,1.7822494894622076,-11.458374536959715,-11.525999981735584,0.06762544477586749,0.001848167622801958,1918,7.272660602235974,7.2583783844987195,0.014282217737254537,0.0012219687796679,2131,4.185713934723745,4.267621597236869,-0.08190766251312362,-0.0030701364024697075,2096
15.97,-11.44711980680872,1.8002394374476596,-11.44711980680872,-11.515097369609274,0.06797756280055407,0.001863728789790851,1918,7.282612989128638,7.268596142789891,0.014016846338747968,0.001211663686654263,2131,4.164506817680085,4.246501226819388,-0.08199440913930284,-0.0030753924764452194,2095
15.98,-11.435752098206624,1.8182116177966443,-11.435752098206624,-11.504081127304254,0.0683290290976298,0.0018792715640440103,1918,7.292493499571207,7.278742179000598,0.01375132057060936,0.0012013466337417239,2131,4.143258598635421,4.225338948303659,-0.08208034966823916,-0.0030806181977856223,2095
15.99,-11.42427152334812,1.8361658531310039,-11.42427152334812,-11.4929513635354,0.0686798401872816,0.0018947957921601121,1918,7.302302036047033,7.288816392984379,0.013485643062653313,0.0011910177227573765,2131,4.121969487301089,4.204134970551023,-0.08216548324993492,-0.003085813514917426,2095
16.0,-11.412678195541844,1.854101966249683,-11.412678195541844,-11.481708188138013,0.06902999259617042,0.0019103013209211131,1918,7.312038501749823,7.298818685303639,0.013219816446182933,0.0011806770556442034,2131,4.100639693792023,4.182889502834375,-0.08224980904235177,-0.003090978376564896,2095
16.01,-11.400972229209259,1.8720197801304914,-11.400972229209259,-11.470351712066721,0.06937948285746304,0.0019257879972927154,1918,7.3217028005845926,7.308748957230624,0.012953843353967558,0.001170324734461499,2131,4.07926942862467,4.161602754836099,-0.0823333262114282,-0.003096112731753737,2094
16.02,-11.389153739883538,1.889919117931825,-11.389153739883538,-11.458882047394395,0.06972830751085748,0.0019412556684247984,1918,7.331294837168605,7.318607110748397,0.012687726420209365,0.0011599608613813341,2131,4.057858902714934,4.140274936646,-0.08241603393106527,-0.003101216529805613,2094
16.03,-11.377222844208383,1.9077998029944658,-11.377222844208383,-11.447299307311033,0.07007646310264987,0.0019567041816603336,1919,7.340814516832345,7.328393048551803,0.012421468280541786,0.0011495855386939842,2132,4.0364083273760425,4.118906258759233,-0.08249793138319086,-0.003106289720354145,2094
16.04,-11.365179659936931,1.9256616588432562,-11.365179659936931,-11.435603606122655,0.07042394618572323,0.0019721333845249198,1919,7.350261745620407,7.338106674048437,0.012155071571969068,0.0011391988687989123,2132,4.014917914316528,4.097496932074221,-0.08257901775769229,-0.0031113322533238962,2094
16.05,-11.353024305930544,1.9435045091888943,-11.353024305930544,-11.42379505925016,0.07077075331961588,0.0019875431247391414,1919,7.3596364302924595,7.3477478913595915,0.011888538932867865,0.0011288009542091502,2132,3.993387875638088,4.0760471678905725,-0.08265929225248454,-0.003116344078948516,2093
16.06,-11.34075690215766,1.9613281779296519,-11.34075690215766,-11.4118737832282,0.07111688107054218,0.0020029332502135176,1919,7.368938478324152,7.357316605321201,0.011621873002950669,0.0011183918975497063,2132,3.9718184238335112,4.054557177907005,-0.08273875407349364,-0.0031213251477635665,2093
16.07,-11.328377569692595,1.979132489153118,-11.328377569692595,-11.399839895704027,0.07146232601143059,0.0020183036090544925,1919,7.378167797908025,7.366812721484786,0.011355076423238766,0.0011079718015542363,2132,3.9502097717845728,4.033027174219243,-0.08281740243467095,-0.003126275410609154,2093
16.080000000000002,-11.315886430714372,1.9969172671379196,-11.315886430714372,-11.387693515436315,0.07180708472194282,0.0020336540495593048,1919,7.387324297954419,7.376236146118384,0.01108815183603521,0.0010975407690647677,2132,3.9285621327599576,4.011457369317935,-0.08289523655797804,-0.0031311948186241723,2093
16.09,-11.303283608505486,2.0146823363554827,-11.303283608505486,-11.37543476229402,0.07215115378853425,0.002048984420226157,1919,7.396407888092374,7.385586786207473,0.010821101884900963,0.0010870989030323536,2132,3.9068757204131153,3.989847976086552,-0.0829722556734368,-0.0031360833232585827,2092
16.1,-11.290569227450705,2.032427521471751,-11.290569227450705,-11.363063757255171,0.07249452980446663,0.002064294569749263,1920,7.405418478670529,7.394864549455888,0.01055392921464058,0.001076646306516044,2132,3.8851507487801773,3.9681992077992847,-0.08304845901910721,-0.0031409408762653624,2092
16.11,-11.277743413035838,2.0501526473488965,-11.277743413035838,-11.350580622405682,0.07283720936984152,0.0020795843470213715,1920,7.414355980757981,7.4040693442867385,0.010286636471241785,0.0010661830826764473,2132,3.8633874322778605,3.946511278118944,-0.0831238458410833,-0.0031457674296976666,2092
16.12,-11.26480629184649,2.0678575390471026,-11.26480629184649,-11.33798548093815,0.07317918909166067,0.0020948536011410196,1920,7.423220306145205,7.413201079843307,0.010019226301897735,0.0010557093347857227,2132,3.841585985701287,3.924784401094846,-0.08319841539355921,-0.0031505629359266387,2092
16.13,-11.251757991566826,2.0855420218262215,-11.251757991566826,-11.325278457150644,0.07352046558381653,0.0021101021814032657,1920,7.43201136734488,7.4222596659899445,0.00975170135493545,0.001045225166213172,2133,3.8197466242219513,3.903018791160705,-0.08327216693875357,-0.0031553273476165678,2091
16.14,-11.238598640978308,2.103205921147552,-11.238598640978308,-11.312459676445469,0.07386103546716055,0.0021253299373105057,1920,7.440729077592783,7.43124501331296,0.009484064279822181,0.0010347306804356264,2133,3.7978695633855284,3.8812146631325124,-0.08334509974698433,-0.0031600606177466144,2091
16.15,-11.22532836995841,2.12084906267554,-11.22532836995841,-11.29952926532793,0.07420089536952079,0.0021405367185702486,1920,7.449373350848635,7.4401570331215146,0.009216317727120884,0.0010242259810306353,2133,3.7759550191097775,3.8593722322064195,-0.08341721309664248,-0.0031647626996008328,2091
16.16,-11.21194730947934,2.1384712722795047,-11.21194730947934,-11.286487351405087,0.07454004192574476,0.002155722375098392,1920,7.45794410179695,7.448995637448479,0.008948464348471123,0.0010137111716750054,2133,3.7540032076823953,3.8374917139566125,-0.08348850627421747,-0.003169433546773372,2091
16.17,-11.198455591606782,2.1560723760353437,-11.198455591606782,-11.273334063384493,0.07487847177771058,0.00217088675701378,1921,7.466441245847871,7.457760739051312,0.008680506796558875,0.001003186356146186,2133,3.732014345758914,3.8155733243331853,-0.08355897857427183,-0.003174073113160345,2090
16.18,-11.184853349498532,2.1736522002272727,-11.184853349498532,-11.260069531072928,0.07521618157439539,0.0021860297146524058,1921,7.474864699138022,7.466452251412923,0.008412447725099019,0.0009926516383217182,2133,3.709988650360514,3.793617279660009,-0.0836286292994952,-0.0031786813529740086,2090
16.19,-11.171140717403226,2.19121057134953,-11.171140717403226,-11.246693885375109,0.07555316797188324,0.0022011510985590283,1921,7.4832143785313185,7.47507008874252,0.008144289788798772,0.0009821071221750672,2133,3.6879263388719106,3.771623796632594,-0.08369745776068362,-0.003183258220734228,2090
16.2,-11.157317830659018,2.208747316108064,-11.157317830659018,-11.23320725829241,0.07588942763339065,0.0022162507594873353,1921,7.491490201619788,7.4836141659764595,0.007876035643329055,0.0009715529117755592,2133,3.6658276290392333,3.749593092315955,-0.0837654632767213,-0.0031878036712629978,2090
16.21,-11.143384825692205,2.226262261422306,-11.143384825692205,-11.219609782921545,0.07622495722933803,0.0022313285484137253,1921,7.499692086724412,7.4920843987790855,0.00760768794532609,0.0009609891112930206,2133,3.6436927389677978,3.7275253841424645,-0.0838326451746665,-0.0031923176597068274,2089
16.22,-11.129341840015938,2.243755234426797,-11.129341840015938,-11.20590159345327,0.07655975343732908,0.002246384316520463,1921,7.507819952895882,7.5004807035435626,0.007339249352319835,0.0009504158249851683,2133,3.6215218871200605,3.7054208899097123,-0.0838990027896513,-0.0031968001415058948,2089
16.23,-11.1151890122288,2.261226062472974,-11.1151890122288,-11.19208282517104,0.07689381294224144,0.002261417915217597,1922,7.515873719915453,7.5088029973926975,0.007070722522754655,0.0009398331572103517,2133,3.5993152923133516,3.683279827778349,-0.08396453546499769,-0.0032012510724281464,2089
16.240000000000002,-11.100926482013495,2.2786745731308087,-11.100926482013495,-11.1781536144497,0.07722713243620603,0.002276429196125484,1922,7.5238533082956875,7.517051198179767,0.006802110115920946,0.0009292412124138477,2134,3.5770731737178108,3.6611024162699395,-0.08402924255212896,-0.0032056704085391954,2089
16.25,-11.08655439013544,2.29610059419054,-11.08655439013544,-11.16411409875411,0.07755970861867217,0.0022914180110877435,1922,7.53175863928127,7.525225224489314,0.006533414791955128,0.0009186400951332885,2134,3.554795750854173,3.638888874264803,-0.08409312341062969,-0.003210058106221248,2088
16.26,-11.072072878441379,2.3135039536643793,-11.072072878441379,-11.149964416637808,0.07789153819643155,0.0023063842121708866,1922,7.539589634849775,7.533324995637963,0.006264639211812616,0.0009080299099997061,2134,3.532483243591605,3.616639420999852,-0.08415617740824734,-0.003214414122170955,2088
16.27,-11.05748208985798,2.330884479788195,-11.05748208985798,-11.135704707741635,0.0782226178836531,0.0023213276516637843,1922,7.547346217712441,7.54135043167521,0.005995786037231242,0.0008974107617325177,2134,3.510135872145543,3.594354276066431,-0.08421840392088832,-0.0032187384133965736,2088
16.28,-11.042782168390442,2.3482420010232175,-11.042782168390442,-11.121335112792355,0.07855294440191331,0.0023362481820805086,1922,7.555028311314929,7.549301453384215,0.00572685793071376,0.0008867827551392732,2134,3.487753857075516,3.5720336594081465,-0.08427980233263065,-0.0032230309372200906,2088
16.29,-11.027973259121058,2.365576346057703,-11.027973259121058,-11.106855773601275,0.07888251448021684,0.0023511456561577052,1923,7.562635839838067,7.557177982282582,0.005457857555484909,0.0008761459951128004,2134,3.4653374192829953,3.5496777913186985,-0.08434037203570334,-0.003227291651270648,2087
16.3,-11.013055508207772,2.382887343808684,-11.013055508207772,-11.092266833062835,0.0792113248550633,0.0023660199268676057,1923,7.570168728198628,7.564979940623135,0.005188787575493007,0.0008655005866367079,2134,3.442886780009147,3.5272868924397054,-0.08440011243055828,-0.0032315205135040534,2087
16.31,-10.99802906288278,2.400174823423583,-10.99802906288278,-11.077568435153204,0.07953937227042505,0.002380870847399905,1923,7.57762690205004,7.572707251394683,0.004919650655357467,0.0008548466347756169,2134,3.4204021608327433,3.5048611837585266,-0.08445902292578372,-0.0032357174821754688,2087
16.32,-10.98289407145101,2.4174386142819744,-10.98289407145101,-11.06276072492886,0.07986665347784894,0.0023956982711878187,1923,7.5850102877831445,7.580359838322784,0.0046504494603608485,0.0008441842446825307,2134,3.3978837836678704,3.4824008866060803,-0.08451710293821019,-0.0032398825158701425,2087
16.330000000000002,-10.96765068328873,2.434678545997202,-10.96765068328873,-11.04784384852515,0.08019316523641812,0.0024105020518864727,1923,7.5923188125269006,7.587937625870491,0.0043811866564090985,0.0008335135215899606,2134,3.375331870761834,3.4599062226546597,-0.08457435189282642,-0.0032440155734760195,2086
16.34,-10.952299048842036,2.4518944484180905,-10.952299048842036,-11.032817953154852,0.08051890431281568,0.00242528204338416,1923,7.599552404149116,7.595440539239108,0.004111864910007701,0.0008228345708139982,2134,3.3527466446929233,3.4373774139157485,-0.08463076922282498,-0.0032481166141980853,2086
16.35,-10.93683931962534,2.469086151630653,-10.93683931962534,-11.017683187106734,0.08084386748139145,0.002440038099814388,1924,7.60671099125717,7.602868504368916,0.0038424868882537197,0.0008121474977544601,2135,3.330128328368175,3.414814682737822,-0.08468635436964715,-0.0032521855975688094,2086
16.36,-10.921271648219948,2.4862534859597036,-10.921271648219948,-11.00243969974407,0.08116805152412064,0.002454770075534774,1924,7.613794503198693,7.610221447939914,0.003573055258780145,0.0008014524078872841,2135,3.3074771450212586,3.3922182518041604,-0.08474110678290117,-0.003256222483422232,2086
16.37,-10.905596188272483,2.5033962819705895,-10.905596188272483,-10.98708764150318,0.08149145323069605,0.0024694778251483527,1924,7.620802870062282,7.617499297372535,0.0033035726897463476,0.0007907494067698681,2135,3.284793318210205,3.3695883441306473,-0.08479502592044279,-0.0032602272319181566,2085
16.38,-10.889813094493405,2.5205143704708344,-10.889813094493405,-10.971627163891936,0.08181406939853132,0.0024841612034945714,1924,7.627736022678185,7.62470198082837,0.003034041849815816,0.0007800386000374011,2135,3.262077071815223,3.34692518306357,-0.08484811124834635,-0.0032641998035315544,2085
16.39,-10.873922522655477,2.5376075825118196,-10.873922522655477,-10.95605841948828,0.0821358968328022,0.002498820065653329,1924,7.634593892618987,7.631829427210871,0.0027644654081164007,0.0007693200934019836,2135,3.2393286300364923,3.324228992277412,-0.0849003622409198,-0.003268140159055421,2085
16.4,-10.857924629592237,2.55467574939043,-10.857924629592237,-10.940381561938702,0.08245693234646409,0.0025134542669442896,1924,7.641376412200279,7.638881566166055,0.0024948460342244087,0.0007585939926512972,2135,3.216548217391963,3.3014999957726494,-0.08495177838068652,-0.0032720482595953726,2085
16.41,-10.84181957319642,2.5717187026507684,-10.84181957319642,-10.924596745956734,0.08277717276031563,0.002528063662937766,1925,7.648083514481333,7.6458583280831975,0.0022251863981343914,0.0007478604036493053,2135,3.19373605871509,3.2787384178735395,-0.08500235915845002,-0.003275924066586733,2084
16.42,-10.825607512418431,2.588736274085756,-10.825607512418431,-10.908704127321423,0.08309661490299075,0.0025426481094409413,1925,7.654715133265753,7.6527596440955215,0.0019554891702321083,0.0007371194323313804,2135,3.1708923791526806,3.255944483225904,-0.08505210407322286,-0.003279767541772478,2084
16.43,-10.80928860726478,2.605728295738824,-10.80928860726478,-10.892703862875784,0.08341525561100324,0.0025572074625082666,1925,7.661271203102141,7.659585446080873,0.0016857570212674919,0.0007263711847079876,2135,3.1480174041626436,3.2331184167949143,-0.08510101263227073,-0.003283578647216069,2084
16.44,-10.792863018796451,2.6226945999055977,-10.792863018796451,-10.876596110525266,0.08373309172881505,0.0025717415784502207,1925,7.667751659284735,7.666335666662399,0.0014159926223355646,0.0007156157668606758,2135,3.125111359511719,3.210260443862871,-0.08514908435115182,-0.003287357345311156,2084
16.45,-10.776330909127386,2.6396350191354894,-10.776330909127386,-10.860381029236184,0.08405012010879502,0.002586250313813792,1925,7.674156437854049,7.673010239209207,0.0011461986448414536,0.0007048532849425176,2135,3.1021744712733423,3.1873707900269785,-0.08519631875363609,-0.0032911035987563918,2083
16.46,-10.759692441422832,2.6565493862334075,-10.759692441422832,-10.844058779034148,0.08436633761131586,0.00260073352540606,1926,7.680485475597503,7.679609097837028,0.0008763777604733556,0.0006940838451745673,2135,3.079206965825332,3.164449681197122,-0.08524271537179041,-0.0032948173705807816,2083
16.47,-10.742947779897742,2.673437534261375,-10.742947779897742,-10.827629521002494,0.08468174110475252,0.0026151910702820625,1926,7.686738710050049,7.6861321774088625,0.0006065326411866331,0.0006833075538477786,2135,3.0562090698476956,3.1414973435936355,-0.08528827374593993,-0.003298498624130046,2083
16.48,-10.726097089815164,2.6902992965401946,-10.726097089815164,-10.811093417280688,0.08499632746552359,0.002629622805752129,1926,7.692916079494792,7.692579413535624,0.00033666595916882964,0.000672524517321642,2136,3.0331810103203733,3.1185140037450667,-0.08533299342469322,-0.0033021473230738212,2083
16.490000000000002,-10.709140537484616,2.70713450665107,-10.709140537484616,-10.794450631062722,0.08531009357810562,0.002644028589376869,1926,7.699017522963586,7.698950742576776,6.678038680945378e-05,0.0006617348420194548,2136,3.010123014521033,3.095499888485948,-0.08537687396491468,-0.003305763431395977,2082
16.5,-10.692078290260417,2.7239429984372787,-10.692078290260417,-10.777701326595508,0.08562303633509191,0.002658408278978559,1926,7.7050429802376454,7.705246101640961,-0.0002031214033159234,0.0006509386344317166,2136,2.987035310022774,3.0724552249545507,-0.08541991493177678,-0.003309346913410333,2082
16.51,-10.674910516540052,2.740724606005799,-10.674910516540052,-10.76084566917726,0.08593515263720525,0.002672761732635436,1927,7.7109923918481424,7.711465428586616,-0.00047303673847429336,0.0006401360011142384,2136,2.9639181246919137,3.0493802405906467,-0.08546211589873334,-0.0033128977337500086,2082
16.52,-10.657637385762536,2.7574791637289233,-10.657637385762536,-10.743883825155851,0.08624643939331546,0.0026870888086798165,1927,7.716865699076783,7.717608662022593,-0.0007429629458101962,0.0006293270486846048,2136,2.940771686685756,3.0262751631332647,-0.08550347644750844,-0.003316415857364753,2081
16.53,-10.640259068406676,2.774206506245951,-10.640259068406676,-10.726815961927194,0.08655689352051721,0.0027013893657139455,1927,7.722662843956403,7.723675741308759,-0.0010128973523568527,0.0006185118838248366,2136,2.9175962244502776,3.00314022061844,-0.08554399616816274,-0.0033199012495391147,2081
16.54,-10.622775735989462,2.7909064684647493,-10.622775735989462,-10.709642247933555,0.08686651194409359,0.0027156632625918303,1927,7.728383769271516,7.729666606556598,-0.001282837285082282,0.0006076906132755173,2136,2.8943919667179507,2.979975641376965,-0.08558367465901409,-0.003323353875867686,2081
16.55,-10.605187561064323,2.8075788855634385,-10.605187561064323,-10.692362852661928,0.08717529159760659,0.002729910358436738,1927,7.7340284185589,7.735581198629798,-0.001552780070898844,0.000596863343839584,2136,2.8711591425054253,2.9567816540321354,-0.08562251152671013,-0.0033267737022766725,2081
16.56,-10.58749471721944,2.8242235929919923,-10.58749471721944,-10.674977946642334,0.08748322942289408,0.0027441305126350334,1928,7.739596736108147,7.741419459144844,-0.0018227230366982246,0.0005860301823783776,2136,2.8478979811112977,2.9335584874974954,-0.08566050638619783,-0.003330160695013575,2080
16.57,-10.569697379076041,2.840840426473873,-10.569697379076041,-10.657487701446154,0.08779032237011102,0.002758323584839375,1928,7.745088666962212,7.747181330471582,-0.0020926635093705195,0.000575191235812113,2136,2.824608712113833,2.9103063709745745,-0.0856976588607413,-0.003333514820651335,2080
16.580000000000002,-10.551795722286673,2.8574292220076343,-10.551795722286673,-10.639892289684422,0.08809656739774704,0.0027724894349663576,1928,7.750504156917952,7.752866755733796,-0.002362598815843991,0.0005643466111163722,2136,2.801291565368727,2.8870255339506294,-0.08573396858190266,-0.0033368360460822623,2080
16.59,-10.533789923533462,2.8739898158685646,-10.533789923533462,-10.62219188500614,0.0884019614726789,0.0027866279232054,1928,7.7558431525266665,7.758475678809763,-0.0026325262830962006,0.0005534964153244082,2136,2.7779467710067975,2.8637162061963783,-0.08576943518958072,-0.0033401243385294014,2080
16.6,-10.51568016052636,2.890522044610294,-10.51568016052636,-10.604386662096548,0.08870650157018796,0.0028007389100163796,1928,7.761105601094629,7.764008044332818,-0.0029024432381889935,0.0005426407555245106,2136,2.754574559431734,2.8403786177637316,-0.08580405833199738,-0.00334337966554033,2079
16.61,-10.497466612001435,2.9070257450663846,-10.497466612001435,-10.586476796675408,0.08901018467397133,0.0028148222561234556,1929,7.766291450683591,7.769463797691888,-0.003172347008297125,0.0005317797388571053,2136,2.7311751613178497,2.8170129989835218,-0.08583783766567223,-0.003346601994980084,2079
16.62,-10.479149457719041,2.9235007543519944,-10.479149457719041,-10.568462465495266,0.08931300777622457,0.0028288778225356867,1929,7.771400650111315,7.774842885032037,-0.0034422349207209827,0.0005209134725182463,2136,2.7077488076077287,2.7936195804632313,-0.08587077285550239,-0.0033497912950537973,2079
16.63,-10.460728878462106,2.9399469098654185,-10.460728878462106,-10.55034384633971,0.08961496787760352,0.002842905470524803,1929,7.776433148952062,7.780145253254996,-0.003712104302932704,0.0005100420637531395,2136,2.6842957295100462,2.7701985930847153,-0.08590286357466884,-0.003352947534277645,2079
16.64,-10.44220505603431,2.9563640492897476,-10.44220505603431,-10.532121118021612,0.08991606198730219,0.002856905061643369,1929,7.781388897537105,7.7853708500196905,-0.0039819524825857175,0.0004991656198599145,2137,2.6608161584972083,2.746750268001924,-0.08593410950471568,-0.0033560706815030684,2078
16.65,-10.4235781732583,2.972752010594442,-10.4235781732583,-10.513794460381371,0.0902162871230719,0.0028708764577214003,1929,7.786267846955202,7.790519623742752,-0.00425177678755132,0.000488284248184109,2137,2.637310326303101,2.72327483663862,-0.0859645103355186,-0.0033591607059055392,2078
16.66,-10.404848413973879,2.9891106320369456,-10.404848413973879,-10.495364054285124,0.0905156403112467,0.0028848195208679957,1930,7.7910699490530915,7.795591523599032,-0.0045215745459409405,0.00047739805612193216,2137,2.61377846492079,2.699772530686095,-0.08599406576530497,-0.0033622175769900337,2078
16.67,-10.386015963036227,3.0054397521642593,-10.386015963036227,-10.476830081622976,0.09081411858674972,0.0028987341134643838,1930,7.795795156435967,7.800586499522097,-0.004791343086129993,0.0004665071511167308,2137,2.5902208066002634,2.676243582100884,-0.08602277550062011,-0.0033652412645813683,2077
16.68,-10.367081006314026,3.021739209814564,-10.367081006314026,-10.4581927253072,0.09111171899317586,0.0029126200981824547,1930,7.8004434224679375,7.8055045022047285,-0.005061079736791275,0.0004556116406574072,2137,2.5666375838460884,2.652688223102473,-0.08605063925638419,-0.003368231738840024,2077
16.69,-10.348043730687642,3.038008844118798,-10.348043730687642,-10.439452169270421,0.09140843858277589,0.002926477337972324,1930,7.805014701272498,7.810345483099411,-0.005330781826914048,0.0004447116322797151,2137,2.543029029415149,2.6291066861710113,-0.08607765675586185,-0.003371188970251953,2077
16.7,-10.328904324047327,3.0542484945022244,-10.328904324047327,-10.420608598463813,0.09170427441648832,0.002940305696063611,1931,7.809508947732963,7.815109394418804,-0.005600446685840616,0.00043380723356137036,2137,2.5193953763143657,2.6054992040450142,-0.0861038277306485,-0.0033741129296251107,2077
16.71,-10.309662975291266,3.07045800068607,-10.309662975291266,-10.40166219885528,0.09199922356401403,0.00295410503598143,1931,7.8139261174929455,7.819796189136218,-0.005870071643272685,0.0004228985521273062,2137,2.4957368577983248,2.5818660097190653,-0.08612915192074096,-0.0033770035881091104,2076
16.72,-10.290319874323833,3.0866372026890327,-10.290319874323833,-10.3826131574276,0.09229328310376707,0.002967875221525278,1931,7.818266166956755,7.8244058209860805,-0.006139654029325432,0.0004119856956408966,2137,2.4720537073670816,2.558207336441522,-0.08615362907444003,-0.003379860917165748,2076
16.73,-10.270875212053596,3.102785940828941,-10.270875212053596,-10.36346166217659,0.09258645012299384,0.002981616116794157,1931,7.822529053289859,7.828938244464389,-0.006409191174529099,0.0004010687718092659,2137,2.4483461587637407,2.534523417712204,-0.08617725894846354,-0.003382684888603029,2076
16.740000000000002,-10.251329180391538,3.1189040557242587,-10.251329180391538,-10.344207902109257,0.09287872171771915,0.0029953275861658527,1931,7.8267147344192916,7.833393414829162,-0.006678680409870335,0.0003901478883780417,2137,2.42461444597225,2.510814487280098,-0.08620004130784802,-0.0033854754745439087,2076
16.75,-10.23168197224911,3.1349913882956892,-10.23168197224911,-10.324852067241924,0.09317009499281284,0.0030090094943107104,1932,7.830823169034065,7.837771288100879,-0.0069481190668144645,0.0003792231531320788,2137,2.400858803215048,2.487080779141047,-0.08622197592599917,-0.0033882326474430798,2075
16.76,-10.211933781536302,3.151047779767774,-10.211933781536302,-10.305394348598353,0.09346056706205197,0.003022661706199542,1932,7.834854316585595,7.842071821062916,-0.007217504477321387,0.00036829467389718276,2137,2.3770794649507105,2.4633225275354405,-0.08624306258472979,-0.0033909563800966287,2075
16.77,-10.1920848031598,3.167073071670397,-10.1920848031598,-10.285834938207872,0.09375013504807299,0.0030362840870843512,1932,7.838808137288075,7.8462949712619725,-0.007486833973896468,0.0003573625585312533,2137,2.353276665871727,2.439539966945902,-0.08626330107417532,-0.0033936466456155343,2075
16.78,-10.172135233020994,3.183067105840407,-10.172135233020994,-10.266174029103466,0.0940387960824704,0.003049876502520428,1932,7.842684592118899,7.85044069700849,-0.007756104889592127,0.00034642691493184594,2137,2.3294506409020994,2.415733332094977,-0.08628269119287788,-0.003396303417452217,2074
16.79,-10.15208526801411,3.199029724423129,-10.15208526801411,-10.246411815319876,0.0943265473057665,0.0030634388183501185,1933,7.846483642819015,7.854508957377062,-0.008025314558047598,0.0003354878510289849,2137,2.305601625195098,2.3919028579428163,-0.08630123274771812,-0.003398926669379154,2074
16.8,-10.13193510602418,3.2149607698739797,-10.13193510602418,-10.22654849189169,0.09461338586751006,0.003076970900725541,1933,7.85020525189333,7.8584997122068385,-0.008294460313508008,0.00032454547478843934,2137,2.2817298541308526,2.368048779684854,-0.08631892555400167,-0.0034015163755140073,2074
16.81,-10.111684945925193,3.230860084959956,-10.111684945925193,-10.20658425485141,0.09489930892621894,0.0030904726160822585,1933,7.853849382611066,7.862412922101924,-0.008563539490857778,0.0003135998942074324,2137,2.2578355633141296,2.3441713327494895,-0.08633576943535956,-0.003404072510289709,2074
16.82,-10.091334987578032,3.2467275127612534,-10.091334987578032,-10.186519301227523,0.09518431364949309,0.003103943831169474,1933,7.8574159990061245,7.866248548431763,-0.008832549425639703,0.000302651217316016,2137,2.2339189885719106,2.320270752795761,-0.0863517642238506,-0.003406595048485202,2073
16.830000000000002,-10.070885431828577,3.262562896672757,-10.070885431828577,-10.166353829042553,0.09546839721397483,0.003117384413027986,1933,7.860905065877439,7.87000655333153,-0.009101487454091528,0.0002916995521726395,2137,2.209980365951142,2.2963472757110224,-0.08636690975988051,-0.003409083965200129,2073
16.84,-10.050336480505706,3.2783660804056107,-10.050336480505706,-10.146088037311102,0.09575155680539804,0.0031307942289996882,1934,7.864316548789327,7.87368689970249,-0.009370350913163444,0.0002807450068661897,2137,2.1860199317163813,2.2724011376086146,-0.086381205892233,-0.0034115392358655223,2073
16.85,-10.029688336419241,3.2941369079887908,-10.029688336419241,-10.125722126037903,0.09603378961866138,0.0031441731467425574,1934,7.867650414071832,7.877289551212373,-0.00963913714054035,0.00026978768951512085,2137,2.1620379223474115,2.2484325748255327,-0.08639465247812142,-0.0034139608362579016,2073
16.86,-10.008941203358054,3.30987522377058,-10.008941203358054,-10.105256296215826,0.09631509285777105,0.0031575210342041863,1934,7.870906628821052,7.8808144722957305,-0.009907843474678425,0.00025882770826497845,2138,2.138034574537006,2.2244418239200976,-0.08640724938309104,-0.003416348742469207,2072
16.87,-9.988095286087963,3.3255808724201623,-9.988095286087963,-10.084690749823904,0.09659546373594094,0.003170837759649078,1934,7.8740851608994555,7.884261628154289,-0.010176467254833767,0.00024786517128558196,2138,2.1140101251885093,2.2004291216696172,-0.08641899648110797,-0.003418702930934963,2072
16.88,-9.967150790349754,3.3412536989291253,-9.967150790349754,-10.064025689825339,0.09687489947558468,0.0031841231916447674,1935,7.877185978936219,7.887630984757289,-0.010445005821070325,0.00023690018677458013,2138,2.089964811413538,2.176394705068052,-0.08642989365451474,-0.0034210233784196407,2072
16.89,-9.946107922857141,3.356893548613002,-9.946107922857141,-10.043261320165497,0.09715339730835702,0.003197377199069859,1935,7.88020905232752,7.890922508841826,-0.010713456514306031,0.00022593286295294508,2138,2.0658988705296237,2.152338811323676,-0.08643994079405258,-0.0034233100620230006,2071
16.9,-9.924966891294748,3.3725002671127786,-9.924966891294748,-10.022397845769904,0.09743095447515542,0.0032105996511075357,1935,7.883154351236843,7.894136167913173,-0.010981816676330294,0.0002149633080631222,2138,2.0418125400579075,2.1282616778567345,-0.08644913779882711,-0.003425562959170983,2071
16.91,-9.903727904315994,3.3880737003964607,-9.903727904315994,-10.001435472542202,0.09770756822620587,0.003223790417263649,1935,7.886021846595278,7.8972719302451075,-0.011250083649829429,0.00020399163037165477,2138,2.0177060577207206,2.1041635422971,-0.08645748457637922,-0.003427782047635816,2071
16.92,-9.882391171541125,3.403613694760541,-9.882391171541125,-9.98037440736214,0.09798323582101523,0.0032369493673457886,1936,7.888811510101803,7.900329764880217,-0.01151825477841371,0.00019301793816524707,2138,1.993579661439325,2.0800446424819286,-0.08646498104260349,-0.0034299673055112985,2071
16.93,-9.860956903555087,3.4191200968315387,-9.860956903555087,-9.959214858083522,0.09825795452843483,0.003250076371476179,1936,7.891523314223563,7.903309641630212,-0.011786327406649167,0.00018204233974964887,2138,1.9694335893315256,2.055905216453314,-0.08647162712178845,-0.003432118711226211,2070
16.94,-9.839425311905426,3.434592753567545,-9.839425311905426,-9.937957033532152,0.09853172162672569,0.0032631713001032058,1936,7.894157232196151,7.906211531076222,-0.012054298880070306,0.00017106494345205288,2138,1.9452680797092774,2.0317455024559345,-0.08647742274665737,-0.003434236243555539,2070
16.95,-9.817796609100283,3.4500315122596708,-9.817796609100283,-9.91660114350378,0.09880453440349805,0.0032762340239783673,1936,7.896713238023858,7.909035404569081,-0.01232216654522305,0.00016008585761425297,2138,1.9210833710764272,2.0075657389347046,-0.0864823678582774,-0.003436319881592538,2070
16.96,-9.79607100860621,3.4654362205336033,-9.79607100860621,-9.895147398762031,0.09907639015582113,0.0032892644141796967,1937,7.899191306479936,7.9117812342296165,-0.012589927749680641,0.00014910519059576233,2138,1.8968797021262769,1.9833661645324197,-0.08648646240614288,-0.0034383696047758138,2070
16.97,-9.774248724846116,3.480806726351093,-9.774248724846116,-9.87359601103632,0.09934728619020403,0.003302262342101848,1937,7.901591413106852,7.9144489929489215,-0.012857579842069087,0.00013812305077327922,2138,1.8726573117392669,1.9591470180874022,-0.08648970634813533,-0.003440385392875007,2069
16.98,-9.752329973197126,3.4961428780114567,-9.752329973197126,-9.851947193019761,0.09961721982263548,0.0033152276794605967,1937,7.90391353421652,7.917038654388621,-0.013125120172100553,0.00012713954653572213,2138,1.848416438980606,1.934908538631142,-0.08649209965053613,-0.0034423672259963536,2069
16.990000000000002,-9.730314969988482,3.5114445241530596,-9.730314969988482,-9.830201158367077,0.099886188378595,0.0033281602982882076,1937,7.9061576468905495,7.919550192981139,-0.013392546090589269,0.00011615478628785453,2138,1.824157323097936,1.9106509653859414,-0.08649364228800535,-0.0034443150845756216,2069
17.0,-9.708203932499371,3.526711513754837,-9.708203932499371,-9.808358121692486,0.10015418919311493,0.003341060070948098,1938,7.908323728980446,7.921983583929938,-0.01365985494949287,0.00010516887844351855,2138,1.7998802035189279,1.88637453776255,-0.08649433424362207,-0.0034462289493912305,2068
17.01,-9.685997078956799,3.5419436961377686,-9.685997078956799,-9.786418298567579,0.10042121961077878,0.003353926870124024,1938,7.9104117591078555,7.924338803209776,-0.013927044101920355,9.418193143111066e-05,2138,1.7755853198489462,1.8620794953578037,-0.08649417550885763,-0.0034481088015549813,2068
17.02,-9.663694628533468,3.557140920966352,-9.663694628533468,-9.764381905519198,0.10068727698572923,0.003366760568820071,1938,7.912421716664767,7.926615827566938,-0.014194110902170251,8.319405368809474e-05,2138,1.7512729118687038,1.8377660779522607,-0.08649316608355699,-0.0034499546225078667,2068
17.03,-9.641296801345531,3.5723030382501295,-9.641296801345531,-9.742249160027296,0.10095235868176669,0.0033795610403800237,1938,7.9143535818137085,7.9288146345194646,-0.014461052705756055,7.220535366115732e-05,2138,1.7269432195318237,1.8134345255078335,-0.08649130597600944,-0.0034517663940406857,2068
17.04,-9.61880381845052,3.587429898345112,-9.61880381845052,-9.720020280522796,0.10121646207227623,0.003392328158460394,1939,7.916207335487951,7.930935202357378,-0.014727866869426908,6.121593980404696e-05,2138,1.702596482962571,1.7890850781654197,-0.08648859520284873,-0.003453544098264483,2067
17.05,-9.596215901845088,3.6025213519553025,-9.596215901845088,-9.697695486385426,0.10147958454033719,0.00340506179705771,1939,7.917982959391694,7.932977510142891,-0.014994550751196227,5.0225920579619575e-05,2138,1.678232942453396,1.7647179762425358,-0.08648503378913976,-0.003455287717637305,2067
17.06,-9.573533274462855,3.6175772501341457,-9.573533274462855,-9.675274997941559,0.1017417234787026,0.003417761830494262,1939,7.919680436000249,7.934941537710619,-0.015261101710370317,3.9235404455476366e-05,2138,1.6538528384626099,1.7403334602309408,-0.08648062176833109,-0.0034569972349493753,2067
17.07,-9.550756160172188,3.632597444286009,-9.550756160172188,-9.652759036462038,0.10200287628985003,0.0034304281334270117,1939,7.921299748560203,7.936827265667775,-0.015527517107572242,2.8244499903355008e-05,2138,1.6294564116119883,1.7159317707942656,-0.0864753591822776,-0.0034586726333304943,2067
17.080000000000002,-9.527884783774024,3.647581786167632,-9.527884783774024,-9.630147824159998,0.10226304038597364,0.003443060580839737,1940,7.9228408810895985,7.938634675394364,-0.01579379430476566,1.725331540108118e-05,2138,1.6050439026844285,1.6915131487656367,-0.08646924608120798,-0.0034603138962408485,2066
17.09,-9.504919370999605,3.662530127889614,-9.504919370999605,-9.60744158418866,0.10252221318905576,0.003455659048057478,1940,7.924303818378075,7.940363749043362,-0.016059930665286645,6.26195942658031e-06,2138,1.5806155526215322,1.6670778351452993,-0.08646228252376713,-0.003461921007484022,2066
17.1,-9.48186014850828,3.6774423219178605,-9.48186014850828,-9.584640540639139,0.10278039213085889,0.0034682234107385945,1940,7.925688545987035,7.9420144695409,-0.01632592355386435,-4.729459538793494e-06,2138,1.5561716025212458,1.6426260710982392,-0.08645446857699333,-0.0034634939511998673,2066
17.11,-9.458707343885283,3.692318221075025,-9.458707343885283,-9.561744918538228,0.10303757465294328,0.0034807535448716995,1940,7.926995050249779,7.943586820586426,-0.01659177033664646,-1.5720833012600188e-05,2138,1.5317122936355076,1.6181580979518022,-0.08644580431629463,-0.003465032711858556,2065
17.12,-9.435461185639426,3.7071576785420066,-9.435461185639426,-9.538754943846177,0.10329375820675112,0.0034932493267964574,1941,7.928223318271634,7.9450807866528645,-0.016857468381230988,-2.6712052515183958e-05,2138,1.5072378673677937,1.5936741571933122,-0.08643628982551815,-0.003466537274281325,2065
17.13,-9.41212190320092,3.721960547859335,-9.41212190320092,-9.515670843454467,0.10354894025354618,0.0035057106331779072,1941,7.929373337930089,7.946496352986779,-0.017123015056690134,-3.770300956607714e-05,2138,1.4827485652708332,1.5691744904676874,-0.08642592519685406,-0.003468007623611509,2065
17.14,-9.38868972691906,3.7367266829286736,-9.38868972691906,-9.492492845183563,0.10380311826450282,0.0035181373410284548,1941,7.930445097874917,7.947833505608507,-0.017388407733589375,-4.869359568886438e-05,2138,1.4582446290441444,1.544659339575057,-0.08641471053091265,-0.0034694437453396485,2065
17.150000000000002,-9.365164888059953,3.7514559380142325,-9.365164888059953,-9.469221177780673,0.10405628972072034,0.0035305293277031885,1941,7.93143858752828,7.949092231312303,-0.01765364378402244,-5.968370240902986e-05,2138,1.4337263005316752,1.5201289464683725,-0.08640264593669711,-0.0034708456252940884,2064
17.16,-9.34154761880428,3.7661481677442032,-9.34154761880428,-9.445856070917491,0.10430845211321181,0.003542886470893178,1942,7.932353797084835,7.9502725176664715,-0.017918720581636755,-7.067322125941123e-05,2138,1.4091938217194466,1.4955835532510213,-0.08638973153157486,-0.0034722132496339004,2064
17.17,-9.317838152244942,3.7808032271122145,-9.317838152244942,-9.422397755187918,0.10455960294297567,0.0035552086486403157,1942,7.933190717511834,7.951374353013482,-0.01818363550164936,-8.166204377653419e-05,2138,1.3846474347331115,1.4710234021744377,-0.08637596744132632,-0.003473546604863909,2064
17.18,-9.294036722384806,3.795420971478745,-9.294036722384806,-9.398846462105801,0.10480973972099569,0.003567495739328092,1942,7.933949340549207,7.952397726470093,-0.018448385920886642,-9.265006150463873e-05,2138,1.360087381835601,1.4464487356357103,-0.08636135380010924,-0.0034748456778238676,2063
17.19,-9.270143564134369,3.810001256572565,-9.270143564134369,-9.375202424102643,0.10505885996827441,0.003579747621689287,1943,7.934629658709657,7.953342627927455,-0.018712969217798674,-0.00010363716599490029,2138,1.335513905424714,1.4218597961751895,-0.08634589075047534,-0.0034761104556943275,2063
17.2,-9.246158913309474,3.824543938492135,-9.246158913309474,-9.351465874525301,0.10530696121582674,0.00359196417479648,1943,7.935231665278713,7.954209048051207,-0.018977382772494184,-0.0001146232488102722,2138,1.3109272480307632,1.3972568264740968,-0.08632957844333354,-0.003477340925986502,2063
17.21,-9.222083006628917,3.839048873707071,-9.222083006628917,-9.327637047633695,0.10555404100477857,0.0036041452780835237,1943,7.935755354314817,7.9549969782815735,-0.019241623966756456,-0.0001256082015194662,2138,1.2863276523141025,1.3726400693521252,-0.0863124170380225,-0.003478537076564208,2063
17.22,-9.197916081712206,3.8535159190595016,-9.197916081712206,-9.303716178598494,0.10580009688628726,0.003616290811319891,1943,7.936200720649368,7.955706410833447,-0.01950569018407992,-0.0001365919157067276,2138,1.2617153610628404,1.348009767765047,-0.08629440670220655,-0.003479698895613022,2062
17.23,-9.1736583770771,3.867944931765547,-9.1736583770771,-9.279703503498778,0.10604512642167845,0.0036284006546412626,1944,7.936567759886779,7.956337338696469,-0.01976957880968923,-0.00014757428296568575,2138,1.2370906171903242,1.323366164802312,-0.08627554761198801,-0.0034808263716752845,2062
17.240000000000002,-9.14931013213737,3.882335769416667,-9.14931013213737,-9.255599259319737,0.106289127182368,0.003640474688521969,1944,7.936856468404521,7.956889755635089,-0.02003328723056787,-0.00015855519490441932,2138,1.2124536637328507,1.298709503684651,-0.08625583995180033,-0.003481919493617437,2062
17.25,-9.12487158720037,3.8966882899811024,-9.12487158720037,-9.23140368395031,0.10653209674994009,0.003652512793793765,1944,7.93706684335316,7.957363656188639,-0.020296812835478868,-0.00016953454314498368,2138,1.1878047438472115,1.2740400277616746,-0.08623528391446302,-0.0034829782506491376,2062
17.26,-9.10034298346466,3.911002351805273,-9.10034298346466,-9.207117016180844,0.10677403271618367,0.0036645148516489742,1944,7.937198882656379,7.957759035671377,-0.020560153014998146,-0.00018051221932498512,2138,1.1631441008082841,1.249357980509471,-0.08621387970118692,-0.0034840026323242346,2061
17.27,-9.075724563017664,3.9252778136151645,-9.075724563017664,-9.182739495700737,0.1070149326830734,0.003676480743629114,1945,7.937252585011001,7.958075890172536,-0.020823305161535237,-0.000191488115098613,2138,1.1384719780066648,1.2246636055282045,-0.08619162752153975,-0.0034849926285307684,2061
17.28,-9.05101656883324,3.9395145345177407,-9.05101656883324,-9.158271363096073,0.10725479426283172,0.003688410351637271,1945,7.937227949887009,7.958314216556368,-0.021086266669358693,-0.0002024621221369113,2138,1.113788618946234,1.1999571465397083,-0.08616852759347424,-0.0034859482295006928,2061
17.29,-9.026219244769342,3.953712374002299,-9.026219244769342,-9.133712859847247,0.10749361507790495,0.003700303557926411,1945,7.937124977527541,7.958474012462168,-0.021349034934626317,-0.00021343413213023923,2138,1.0890942672418034,1.175238847385082,-0.08614458014327864,-0.0034868694257960222,2060
17.3,-9.001332835565513,3.967871191941911,-9.001332835565513,-9.10906422832658,0.10773139276106826,0.0037121602451235716,1946,7.936943668948889,7.9585552763043,-0.02161160735541061,-0.00022440403679031395,2138,1.0643891666166252,1.1505089520222835,-0.08611978540565825,-0.0034877562083334606,2060
17.31,-8.976357586840598,3.981990848594746,-8.976357586840598,-9.084325711795932,0.10796812495533503,0.0037239802961975777,1946,7.936684025940501,7.958558007272213,-0.02187398133171149,-0.0002353717278453368,2138,1.039673560900099,1.125767704523722,-0.08609414362362294,-0.003488608568351854,2060
17.32,-8.951293745090187,3.9960712046055082,-8.951293745090187,-9.059497554404293,0.10820380931410792,0.0037357635944978117,1946,7.936346051064944,7.95848220533045,-0.022136154265505584,-0.00024633709705020566,2138,1.0149476940252447,1.1010153490738472,-0.08606765504860252,-0.0034894264974474442,2060
17.330000000000002,-8.926141557684296,4.01011212100676,-8.926141557684296,-9.034580001185384,0.10843844350108661,0.0037475100237210476,1946,7.935929747657898,7.958327871218645,-0.022398123560747836,-0.0002573000361790886,2138,0.9902118100264026,1.0762521299667416,-0.08604031994033898,-0.00349020998754185,2059
17.34,-8.900901272864875,4.024113459220317,-8.900901272864875,-9.009573298055225,0.10867202519035059,0.003759219467931788,1947,7.935435119828106,7.958095006451519,-0.022659886623412822,-0.0002682604370319499,2138,0.9654661530367732,1.0514782916037093,-0.08601213856693618,-0.0034909590308996727,2059
17.35,-8.875573139743317,4.03807508105864,-8.875573139743317,-8.984477691809722,0.10890455206640672,0.003770891811569598,1947,7.934862172457346,7.957783613318862,-0.022921440861517057,-0.0002792181914335178,2138,0.9407109672859743,1.0266940784908622,-0.08598311120488787,-0.0034916736201357243,2059
17.36,-8.850157408298086,4.051996848726145,-8.850157408298086,-8.959293430122221,0.10913602182413369,0.0037825269394261988,1947,7.934210911200377,7.957393694885516,-0.023182783685139628,-0.00029017319123488417,2138,0.9159464970977154,1.0018997352367083,-0.08595323813899286,-0.0034923537481909225,2058
17.37,-8.824654329372192,4.065878624820612,-8.824654329372192,-8.934020761541069,0.10936643216887579,0.003794124736668206,1948,7.933481342484884,7.956925254991335,-0.023443912506450844,-0.0003011253283133723,2138,0.8911729868873125,0.9770955065497364,-0.08592251966242395,-0.003492999408354892,2058
17.38,-8.799064154670726,4.079720272334512,-8.799064154670726,-8.908659935487156,0.10959578081643181,0.0038056850888297643,1948,7.932673473511416,7.956378298251158,-0.023704824739740855,-0.0003120744945751229,2138,0.8663906811593108,0.9522816372360022,-0.08589095607669135,-0.0034936105942548206,2058
17.39,-8.773387136758368,4.093521654656379,-8.773387136758368,-8.883211202251463,0.10982406549309637,0.0038172078818164814,1948,7.931787312253316,7.955752830054756,-0.023965517801440323,-0.00032302058195603483,2138,0.8415998245050543,0.9274583721967106,-0.08585854769165624,-0.0034941872998606096,2058
17.400000000000002,-8.74762352905693,4.107282635572136,-8.74762352905693,-8.857674812992578,0.11005128393564717,0.0038286930018987695,1948,7.930822867456636,7.955048856566782,-0.024225989110144276,-0.00033396348242120157,2138,0.8168006616002976,0.9026259564257992,-0.0858252948255017,-0.0034947295194775263,2057
17.41,-8.721773585842836,4.121003079266448,-8.721773585842836,-8.832051019734227,0.11027743389139118,0.00384014033571891,1949,7.929780148640057,7.954266384726707,-0.024486236086650275,-0.00034490308796875525,2138,0.791993437202782,0.877784635007523,-0.08579119780474101,-0.0034952372477503623,2057
17.42,-8.695837562244556,4.134682850324092,-8.695837562244556,-8.806340075362787,0.11050251311823132,0.003851549770304819,1949,7.928659166094793,7.953405422248759,-0.02474625615396637,-0.0003558392906277781,2138,0.7671783961497668,0.8529346531140303,-0.08575625696426356,-0.0034957104796769093,2057
17.43,-8.669815714240203,4.1483218137312345,-8.669815714240203,-8.780542233624784,0.11072651938458075,0.003862921193040287,1949,7.927459930884488,7.952465977621838,-0.025006046737349262,-0.0003667719824622809,2138,0.7423557833557187,0.828076256002948,-0.0857204726472294,-0.0034961492105775502,2056
17.44,-8.643708298654882,4.161919834876829,-8.643708298654882,-8.75465774912439,0.11094945046950899,0.0038742544917012636,1950,7.926182454845109,7.951448060109437,-0.025265605264328157,-0.00037770105557075485,2138,0.7175258438097757,0.8032096890149569,-0.08568384520518121,-0.003496553436130603,2056
17.45,-8.617515573158267,4.175476779553885,-8.617515573158267,-8.72868687732092,0.1111713041626514,0.0038855495544255483,1950,7.924826750584833,7.950351679749549,-0.025524929164715902,-0.00038862640208583467,2138,0.6926888225734374,0.7783351975713728,-0.0856463749979353,-0.0034969231523397978,2056
17.46,-8.591237796261975,4.188992513960835,-8.591237796261975,-8.70262987452629,0.1113920782643141,0.0038968062697374677,1950,7.923392831483909,7.949176847354568,-0.02578401587065987,-0.0003995479141790546,2138,0.6678449647780702,0.7534530271717237,-0.08560806239365355,-0.003497258355558314,2056
17.47,-8.56487522731706,4.202466904702835,-8.56487522731706,-8.67648699790251,0.11161177058544855,0.003908024526535592,1951,7.921880711694542,7.947923574511186,-0.026042862816643548,-0.000410465484058241,2138,0.6429945156225217,0.7285634233913271,-0.0855689077688053,-0.0034975590424773523,2055
17.48,-8.538428126511423,4.215899818793096,-8.538428126511423,-8.65025850545913,0.11183037894770713,0.003919204214102247,1951,7.920290406140741,7.946591873580269,-0.026301467439527892,-0.00042137900397149625,2138,0.6181377203706842,0.7036666318788649,-0.08552891150818072,-0.0034978252101313767,2055
17.490000000000002,-8.511896754867285,4.229291123654169,-8.511896754867285,-8.623944656050705,0.11204790118341938,0.003930345222094038,1951,7.918621930518184,7.945181757696749,-0.026559827178564043,-0.0004322883662048497,2138,0.5932748243491044,0.6787628983539606,-0.08548807400485614,-0.003498056855889323,2055
17.5,-8.485281374238571,4.242640687119284,-8.485281374238571,-8.59754570937423,0.11226433513565875,0.0039414474405540054,1951,7.916875301294051,7.9436932407694805,-0.026817939475429903,-0.00044319346308756193,2138,0.5684060729445243,0.6538524686047537,-0.08544639566022945,-0.003498253977466563,2054
17.51,-8.458582247308332,4.255948377433645,-8.458582247308332,-8.571061925966582,0.11247967865825056,0.003952510759909812,1952,7.915050535706863,7.942126337481114,-0.027075801774250816,-0.0004540941869902986,2138,0.5435317116014712,0.6289355884854733,-0.08540387688400203,-0.003498416572919747,2054
17.52,-8.431799637586195,4.26921406325571,-8.431799637586195,-8.544493567201952,0.11269392961575607,0.0039635350709628335,1952,7.913147651766325,7.940481063287942,-0.027333411521617057,-0.00046499043032577087,2138,0.5186519858198732,0.6040125039140127,-0.08536051809413962,-0.0034985446406374473,2054
17.53,-8.404933809405675,4.282437613658527,-8.404933809405675,-8.517840895289252,0.11290708588357909,0.003974520264917458,1952,7.91116666825313,7.938757434419757,-0.027590766166626757,-0.0004758820855522176,2138,0.49376714115254755,0.5790834608695008,-0.08531631971695323,-0.00349863817936491,2054
17.54,-8.377985027921673,4.295618898130987,-8.377985027921673,-8.49110417326955,0.11311914534787841,0.003985466233344574,1953,7.909107604718787,7.936955467879679,-0.027847863160892286,-0.00048676904517303606,2138,0.4688774232028875,0.5541487053898754,-0.08527128218698782,-0.003498697188171589,2053
17.55,-8.350953559107774,4.3087577865791316,-8.350953559107774,-8.46428366501345,0.11333010590567608,0.003996372868214284,1953,7.9069704814854225,7.935075181444,-0.028104699958576815,-0.0004976512017372614,2138,0.44398307762235534,0.5292084835694548,-0.08522540594709957,-0.0034987216664770647,2053
17.56,-8.323839669753665,4.3218541493274385,-8.323839669753665,-8.4373796352185,0.11353996546483502,0.004007240061881819,1953,7.904755319645577,7.933116593661994,-0.02836127401641659,-0.0005085284478417744,2138,0.4190843501080901,0.5042630415565093,-0.08517869144841912,-0.0034987116140401315,2053
17.57,-8.296643627462474,4.334907857120099,-8.296643627462474,-8.41039234940658,0.11374872194410522,0.004018067707094211,1954,7.9024621410620055,7.931079723855754,-0.02861758279374795,-0.0005194006761323929,2138,0.3941814864004729,0.4793126255508297,-0.08513113915035678,-0.003498667030961595,2052
17.580000000000002,-8.269365700648182,4.34791878112228,-8.269365700648182,-8.383322073921276,0.11395637327309505,0.004028855696980462,1954,7.900090968367455,7.92896459211998,-0.028873623752524835,-0.0005302677793033997,2138,0.3692747322807288,0.45435748180130053,-0.08508274952057171,-0.0034985879176772016,2052
17.59,-8.2420061585329,4.3608867929214155,-8.2420061585329,-8.356169075925258,0.11416291739235879,0.004039603925069567,1954,7.8976418249644444,7.926771219321796,-0.02912939435735218,-0.0005411296500998832,2138,0.3443643335684601,0.42939785660346785,-0.08503352303500776,-0.0034984742749696917,2052
17.6,-8.21456527114426,4.373811764528471,-8.21456527114426,-8.32893362339764,0.11436835225338068,0.00405031228528273,1955,7.895114735025025,7.924499627100536,-0.02938489207550976,-0.0005519861813200735,2138,0.31945053611923724,0.4044339962971083,-0.08498346017787106,-0.0034983261039625807,2052
17.61,-8.187043309312761,4.386693568379182,-8.187043309312761,-8.301615985131328,0.1145726758185654,0.004060980671924463,1955,7.89250972349056,7.922149837867532,-0.029640114376972886,-0.0005628372658126298,2138,0.2945335858222048,0.37946614726379957,-0.08493256144159479,-0.0034981434061121296,2051
17.62,-8.15944054466903,4.39953207733536,-8.15944054466903,-8.274216430730378,0.11477588606134936,0.004071608979711012,1955,7.8898268160714595,7.919721874805899,-0.029895058734439397,-0.0005736827964813278,2138,0.26961372859757377,0.3544945559244857,-0.08488082732691195,-0.0034979261832298342,2051
17.63,-8.131757249641227,4.412327164686094,-8.131757249641227,-8.246735230607335,0.11497798096610855,0.004082197103737415,1956,7.887066039246936,7.917215761870293,-0.03014972262335675,-0.0005845226662847198,2138,0.24469121039429592,0.3295194687370479,-0.084828258342752,-0.00349767443745274,2051
17.64,-8.103993697452294,4.425078704149042,-8.103993697452294,-8.219172655980556,0.11517895852826018,0.0040927449395049805,1956,7.88422742026474,7.914631523786689,-0.030404103521947414,-0.0005953567682370356,2138,0.21976627718755667,0.30454113219387047,-0.08477485500631377,-0.003497388171267938,2050
17.650000000000002,-8.076150162117274,4.437786569871659,-8.076150162117274,-8.191528978871531,0.11537881675425646,0.004103252382911301,1956,7.881310987140899,7.911969186052127,-0.030658198911227987,-0.0006061849954095179,2138,0.19483917497637995,0.2795597928194082,-0.08472061784302827,-0.0034970673875015955,2050
17.66,-8.048226918440639,4.450450636432436,-8.048226918440639,-8.163804472102218,0.11557755366157971,0.0041137193302469436,1956,7.878316768659431,7.9092287749344665,-0.03091200627503622,-0.0006170072409301232,2138,0.16991014978121052,0.25457569716775413,-0.08466554738654362,-0.0034967120893167995,2050
17.67,-8.020224242013516,4.46307077884215,-8.020224242013516,-8.135999409292326,0.11577516727881082,0.004124145678210547,1957,7.875244794372059,7.906410317472124,-0.031165523100064402,-0.0006278233979890831,2138,0.14497944764145973,0.22958909182020565,-0.08460964417874592,-0.0034963222802213458,2050
17.68,-7.992142409211021,4.4756468725450915,-7.992142409211021,-8.10811406485663,0.11597165564560856,0.00413453132389589,1957,7.872095094597932,7.903513841473803,-0.031418746875870505,-0.0006386333598329824,2138,0.12004731461309126,0.2046002233828305,-0.08455290876973925,-0.0034958979640628673,2049
17.69,-7.963981697189498,4.488178793420297,-7.963981697189498,-8.080148714002256,0.11616701681275886,0.004144876164802756,1957,7.868867700423315,7.900539375518227,-0.03167167509491159,-0.0006494370197718926,2138,0.0951139967661857,0.1796093384840327,-0.08449534171784702,-0.0034954391450306706,2049
17.7,-7.935742383883828,4.500666417782755,-7.935742383883828,-8.052103632725968,0.11636124884214143,0.0041551800988242045,1958,7.865562643701286,7.897486948953853,-0.03192430525256763,-0.0006602342711772222,2137,0.07017974018254479,0.15461668377212015,-0.08443694358957538,-0.003494945827647278,2049
17.71,-7.907424748004602,4.513109622384668,-7.907424748004602,-8.023979097811445,0.11655434980684265,0.004165443024273056,1958,7.862179957051418,7.894356591898579,-0.03217663484716221,-0.0006710250074836973,2137,0.04524479095318669,0.12962250591286748,-0.0843777149596808,-0.0034944180167896218,2049
17.72,-7.879029069035486,4.525508284416619,-7.879029069035486,-7.995775386826541,0.11674631779105542,0.004175664839848422,1958,7.858719673859466,7.89114833523946,-0.03242866137999273,-0.0006818091221898817,2137,0.020309395176022656,0.10462705158708455,-0.0843176564110619,-0.003493855717658238,2048
17.73,-7.850555627230335,4.53786228150883,-7.850555627230335,-7.967492778120557,0.11693715089022223,0.004185845444673678,1959,7.855181828277024,7.88786221063238,-0.03268038235535586,-0.0006925865088623709,2137,-0.004626201046687472,0.07963056748817889,-0.08425676853486637,-0.0034932589358114092,2048
17.740000000000002,-7.822004703610541,4.550171491732332,-7.822004703610541,-7.939131550821484,0.117126847210943,0.0041959847382634086,1959,7.851566455221205,7.8844982505017605,-0.03293179528055706,-0.0007033570611293108,2137,-0.02956175161066021,0.054633300319722716,-0.08419505193038293,-0.0034926276771335817,2048
17.75,-7.793376579962208,4.562435793600183,-7.793376579962208,-7.910691984833255,0.11731540487104657,0.004206082620543049,1959,7.847873590374278,7.881056488040238,-0.03318289766595991,-0.0007141206726902468,2137,-0.0544970104120661,0.029635496793018995,-0.0841325072050851,-0.0034919619478521054,2047
17.76,-7.764671538833331,4.574655066068687,-7.764671538833331,-7.88217436083298,0.11750282199964955,0.004216138991857973,1960,7.844103270183327,7.877536957208319,-0.03343368702499245,-0.0007248772373131297,2137,-0.07943173134999307,0.004637403624663993,-0.08406913497465705,-0.00349126175454491,2047
17.77,-7.735889863531096,4.586829188538549,-7.735889863531096,-7.853578960268178,0.11768909673708164,0.0042261537529494535,1960,7.840255531859892,7.8739396927340675,-0.03368416087417421,-0.0007356266488329948,2137,-0.1043656683287936,-0.020360732465885826,-0.08400493586290778,-0.0034905271041166634,2047
17.78,-7.707031838119008,4.598958040856101,-7.707031838119008,-7.824906065353992,0.11787422723498414,0.0042361268049781265,1960,7.836330413379598,7.870264730112744,-0.033934316733146445,-0.0007463688011568282,2137,-0.12929857526058797,-0.045358664758749945,-0.08393991050183801,-0.0034897580038215307,2047
17.79,-7.678097747414145,4.611041503314457,-7.678097747414145,-7.796155959070412,0.1180582116562671,0.004246058049508148,1961,7.832327953481779,7.866512105606471,-0.03418415212469121,-0.0007571035882633394,2137,-0.15423020606763121,-0.07035614653605714,-0.08387405953157408,-0.003488954461244767,2046
17.8,-7.649087876984275,4.623079456654735,-7.649087876984275,-7.767328925159478,0.11824104817520306,0.004255947388529688,1961,7.828248191669096,7.862681856243863,-0.03443366457476633,-0.0007678309042047117,2137,-0.17916031468481874,-0.09535293108438295,-0.08380738360043578,-0.0034881164843246146,2046
17.81,-7.6200025131451365,4.6350717820671825,-7.6200025131451365,-7.73842524812248,0.11842273497734443,0.004265794724428885,1961,7.824091168207154,7.858774019819663,-0.03468285161250859,-0.0007785506431054242,2137,-0.2040886550620176,-0.12034877169718225,-0.08373988336483534,-0.0034872440813238014,2046
17.82,-7.590841942957496,4.647018361192401,-7.590841942957496,-7.709445213217149,0.11860327025965382,0.004275599960025409,1962,7.819856924124097,7.854788634894377,-0.03493171077027989,-0.0007892626991648803,2137,-0.2290149811665982,-0.14534342167722647,-0.08367155948937173,-0.0034863372608600887,2045
17.830000000000002,-7.561606454224425,4.658919076122473,-7.561606454224425,-7.680389106454846,0.11878265223042143,0.004285362998538804,1962,7.815545501210199,7.850725740793884,-0.035180239583684686,-0.0007999669666599336,2137,-0.25393904698577213,-0.17033663433903704,-0.08360241264673511,-0.0034853960318787336,2045
17.84,-7.532296335488412,4.670773809402138,-7.532296335488412,-7.651257214597734,0.11896087910932224,0.00429508374360723,1962,7.811156942017472,7.8465853776090535,-0.035428435591581126,-0.0008106633399411296,2137,-0.27886060652905775,-0.1953281630113189,-0.08353244351773885,-0.00348442040366574,2045
17.85,-7.502911876028462,4.682582444029978,-7.502911876028462,-7.62204982515595,0.11913794912748756,0.004304762099299858,1963,7.806691289859215,7.842367586195349,-0.03567629633613357,-0.000821351713441729,2137,-0.3037794138307507,-0.22031776103939768,-0.08346165279135297,-0.003483410385858106,2045
17.86,-7.473453365857352,4.694344863459527,-7.473453365857352,-7.592767226384769,0.11931386052741763,0.004314397970086931,1963,7.802148588809617,7.838072408172423,-0.035923819362806184,-0.0008320319816690945,2137,-0.3286952229522632,-0.2453051817876522,-0.08339004116461106,-0.003482365988417917,2044
17.87,-7.443921095718676,4.706060951600459,-7.443921095718676,-7.563409707281756,0.11948861156308017,0.004323991260868091,1963,7.797528883703303,7.833699885923708,-0.03617100222040432,-0.0008427040392130925,2137,-0.35360778798462505,-0.27029017864194904,-0.083317609342676,-0.003481287221655188,2044
17.88,-7.414315357084016,4.71773059281971,-7.414315357084016,-7.533977557583915,0.11966220049989926,0.004333541876960993,1964,7.792832220134896,7.829250062595995,-0.03641784246109994,-0.0008533677807444091,2137,-0.37851686305087723,-0.2952725050120771,-0.08324435803880016,-0.0034801740962168387,2044
17.89,-7.384636442150057,4.72935367194264,-7.384636442150057,-7.504471067764832,0.11983462561477438,0.004343049724105183,1964,7.78805864445857,7.824722982099015,-0.03666433764044435,-0.0008640231010153109,2137,-0.40342220230851017,-0.32025191433418104,-0.0831702879743291,-0.0034790266230900176,2043
17.900000000000002,-7.354884643835709,4.740930074254145,-7.354884643835709,-7.474890529031798,0.12000588519608847,0.0043525147084599695,1964,7.783208203787588,7.820118689104996,-0.03691048531740795,-0.000874669894862035,2137,-0.4283235599518755,-0.34522816007319507,-0.08309539987868039,-0.003477844813597983,2043
17.91,-7.325060255779232,4.752459685499802,-7.325060255779232,-7.4452362333229525,0.12017597754372056,0.0043619367366037,1965,7.778280945993847,7.81543722904823,-0.03715628305438341,-0.000885308057202501,2136,-0.4532206902146117,-0.37020099572527415,-0.08301969448933753,-0.003476628679401036,2043
17.92,-7.29516357233526,4.763942391887014,-7.29516357233526,-7.415508473304387,0.12034490096912687,0.004371315715554108,1965,7.773276919707384,7.81067864812462,-0.03740172841723659,-0.0008959374830447772,2136,-0.47811334737212113,-0.3951701748202299,-0.08294317255189121,-0.003475378232509734,2043
17.93,-7.265194888572022,4.775378080086092,-7.265194888572022,-7.385707542367263,0.12051265379524066,0.00438065155273413,1965,7.768196174315925,7.805842993291227,-0.03764681897530171,-0.0009065580674769147,2136,-0.5030012857439007,-0.42013545092396076,-0.08286583481993995,-0.003474093485257424,2042
17.94,-7.235154500268296,4.786766637231426,-7.235154500268296,-7.355833734624913,0.120679234356617,0.004389944156011671,1966,7.763038759964372,7.800930312265804,-0.03789155230143071,-0.0009171697056797419,2136,-0.5278842596960732,-0.44509657764088617,-0.08278768205518708,-0.0034727744503318956,2042
17.95,-7.2050427039106095,4.798107950922542,-7.2050427039106095,-7.325887344909942,0.12084464099933243,0.004399193433663882,1966,7.757804727554324,7.795940653526324,-0.03813592597199957,-0.0009277722929192421,2136,-0.5527620236437113,-0.47005330861637695,-0.08270871502733433,-0.00347142114074496,2042
17.96,-7.174859796690228,4.809401909225257,-7.174859796690228,-7.295868668771314,0.12100887208108528,0.004408399294406558,1966,7.752494128743567,7.790874066310506,-0.03837993756693855,-0.0009383657245510138,2136,-0.5776343320533351,-0.4950053975391872,-0.08262893451414792,-0.0034700335698555525,2041
17.97,-7.144606076500264,4.820648400672764,-7.144606076500264,-7.265778002471437,0.12117192597117336,0.004417561647379667,1967,7.747107015945569,7.785730600615328,-0.03862358466975921,-0.0009489498960216954,2136,-0.6025009394453025,-0.5199525981438854,-0.08254834130141694,-0.0034686117513582993,2041
17.98,-7.114281841932709,4.8318473142667315,-7.114281841932709,-7.235615642983241,0.12133380105053135,0.004426680402156973,1967,7.741643442328955,7.780510307196531,-0.03886686486757667,-0.0009595247028702852,2136,-0.6273616003962431,-0.5448946642132854,-0.08246693618295767,-0.003467155699287213,2041
17.990000000000002,-7.0838873922755345,4.842998539478401,-7.0838873922755345,-7.2053818879872376,0.12149449571170293,0.004435755468733933,1967,7.736103461816994,7.775213237568116,-0.039109775751122365,-0.0009700900407251219,2136,-0.6522160695414579,-0.5698313495808749,-0.08238471996058296,-0.0034656654280092315,2041
18.0,-7.05342302750968,4.854101966249683,-7.05342302750968,-7.175077035868597,0.12165400835891714,0.004444786757545487,1968,7.7304871290870585,7.769839444001847,-0.039352314914788515,-0.0009806458053106606,2136,-0.6770641015773756,-0.5947624081332464,-0.08230169344412921,-0.003464140952234509,2040
18.01,-7.022889048306116,4.865157484994242,-7.022889048306116,-7.144701385714188,0.12181233740807249,0.004453774179458029,1968,7.72479449957008,7.764388979526718,-0.03959447995663773,-0.0009911918924466493,2136,-0.7019054512639605,-0.6196875938125262,-0.08221785745143415,-0.003462582287011129,2040
18.02,-6.992285756022918,4.876164986598562,-6.992285756022918,-7.114255237309639,0.12196948128672022,0.0044627176457607,1968,7.71902562945002,7.758861897928443,-0.039836268478423635,-0.0010017281980440173,2136,-0.7267398734270986,-0.6446066606188019,-0.08213321280829669,-0.0034609894477163373,2040
18.03,-6.961613452702191,4.887124362423056,-6.961613452702191,-7.083738891136367,0.12212543843417568,0.004471617068194863,1969,7.713180575663289,7.753258253748922,-0.04007767808563224,-0.001012254618116346,2136,-0.7515671229610944,-0.6695193626125514,-0.08204776034854294,-0.0034593624500782612,2039
18.04,-6.930872441067213,4.8980355043031025,-6.930872441067213,-7.053152648368625,0.12228020730141254,0.004480472358917929,1969,7.707259395898217,7.747578102285697,-0.040318706387480356,-0.0010227710487686814,2136,-0.7763869548310005,-0.69442545391707,-0.08196150091393048,-0.003457701310148934,2039
18.05,-6.900063024519345,4.908898304550139,-6.900063024519345,-7.022496810870517,0.12243378635117248,0.004489283430534608,1970,7.701262148594452,7.741821499591414,-0.040559350996963284,-0.0010332773862087984,2136,-0.8011991240751042,-0.7193246887208963,-0.08187443535420781,-0.003456006044325592,2039
18.06,-6.869185507135096,4.919712655952712,-6.869185507135096,-6.991771681193029,0.12258617405793269,0.004498050196080914,1970,7.695188892942407,7.735988502473269,-0.04079960953086277,-0.00104377352674208,2136,-0.8260033858073085,-0.7442168212802392,-0.08178656452706924,-0.0034542766693386583,2039
18.07,-6.838240193663084,4.930478451777542,-6.838240193663084,-6.960977562571034,0.12273736890795031,0.004506772569035116,1970,7.689039688882661,7.73007916849244,-0.04103947960977882,-0.0010542593667760896,2135,-0.8507994952195737,-0.7691016059214039,-0.08169788929816979,-0.003452513202258683,2038
18.080000000000002,-6.807227389521078,4.941195585770564,-6.807227389521078,-6.930114758920308,0.12288736939922905,0.004515450463304739,1971,7.682814597105378,7.724093555963523,-0.041278958858145615,-0.0010647348028186166,2135,-0.8755872075842951,-0.793978797043214,-0.08160841054108116,-0.003450715660485832,2038
18.09,-6.776147400792927,4.951863952157996,-6.776147400792927,-6.899183574834522,0.12303617404159477,0.004524083793244553,1971,7.676513679049696,7.7180317239539615,-0.04151804490426486,-0.0010751997314809181,2135,-0.9003662782567676,-0.8188481491194382,-0.08151812913732952,-0.003448884061763858,2038
18.1,-6.745000534225562,4.962483445647372,-6.745000534225562,-6.8681843155822415,0.12318378135667953,0.004532672473648407,1971,7.670136996903137,7.711893732283457,-0.04175673538032016,-0.001085654049477575,2135,-0.9251364626775732,-0.8437094167012127,-0.08142704597636045,-0.0034470184241710503,2037
18.11,-6.713787097226009,4.973053961428569,-6.713787097226009,-6.837117287103915,0.1233301898779049,0.004541216419741092,1972,7.663684613600982,7.70567964152338,-0.04199502792239763,-0.0010960976536267056,2135,-0.9498975163749701,-0.868562354419462,-0.08133516195550806,-0.003445118766114503,2037
18.12,-6.682507397858255,4.983575395174876,-6.682507397858255,-6.805982796008846,0.12347539815059096,0.004549715547207507,1972,7.6571565928256415,7.6993895129961745,-0.042232920170532054,-0.0011065304408562687,2135,-0.974649194967384,-0.8934067169873238,-0.08124247798006018,-0.003443185106351529,2037
18.13,-6.651161744840329,4.99404764304398,-6.651161744840329,-6.774781149572178,0.12361940473184882,0.004558169772155776,1972,7.650552999006049,7.693023408774748,-0.04247040976869894,-0.0011169523081966974,2135,-0.9993912541657185,-0.9182422592025674,-0.08114899496315106,-0.003441217463959692,2037
18.14,-6.619750447541165,5.004470601679025,-6.619750447541165,-6.743512655731851,0.12376220819068574,0.004566579011147747,1973,7.643873897317013,7.686581391681868,-0.04270749436485583,-0.0011273631527866472,2135,-1.0241234497758445,-0.9430687359500142,-0.0810547138258303,-0.0034392158583610184,2036
18.150000000000002,-6.588273815977576,5.014844168209622,-6.588273815977576,-6.71217762308557,0.12390380710799466,0.0045749431811894815,1973,7.637119353678561,7.680063525289531,-0.04294417161096937,-0.0011377628718772601,2135,-1.0488455377009835,-0.9678859022039582,-0.0809596354970253,-0.0034371803093122717,2036
18.16,-6.556732160811226,5.02516824025285,-6.556732160811226,-6.680776360887759,0.12404420007653201,0.004583262199723718,1973,7.630289434755324,7.673469873918343,-0.04318043916302005,-0.0011481513628241726,2135,-1.0735572739440946,-0.9926935130305825,-0.08086376091351216,-0.003435110836899297,2036
18.17,-6.525125793345509,5.035442715914289,-6.525125793345509,-6.6493091790465,0.12418338570099004,0.004591535984647477,1974,7.623384207955837,7.666800502636881,-0.04341629468104357,-0.0011585285230982737,2135,-1.098258414610325,-1.0174913235903773,-0.08076709101994767,-0.0034330074615492798,2036
18.18,-6.493455025522512,5.045667493789013,-6.493455025522512,-6.617776388120488,0.12432136259797535,0.004599764454301309,1974,7.616403741431902,7.660055477261048,-0.04365173582914676,-0.0011688942502802134,2135,-1.1229487159093874,-1.042279089140557,-0.08066962676883058,-0.0034308702040213987,2035
18.19,-6.461720169919917,5.055842472962595,-6.461720169919917,-6.586178299315954,0.12445812939603595,0.004607947527475094,1974,7.6093481040779025,7.653234864353432,-0.043886760275528215,-0.0011792484420639557,2135,-1.1476279341579836,-1.0670565650374753,-0.08057136912050834,-0.0034286990854111585,2035
18.2,-6.429921539747965,5.065967553012088,-6.429921539747965,-6.5545152244836,0.12459368473563501,0.004616085123396503,1975,7.60221736553014,7.646338731222642,-0.04412136569250216,-0.0011895909962556586,2134,-1.1722958257821725,-1.0918235067390392,-0.08047231904313323,-0.00342649412714082,2035
18.21,-6.398059448846261,5.076042634007053,-6.398059448846261,-6.52278747611552,0.12472802726925736,0.0046241771617608635,1975,7.595011596166114,7.639367145922646,-0.044355549756533476,-0.0011999218107806003,2134,-1.1969521473198492,-1.116579669807124,-0.08037247751272547,-0.003424255350980299,2034
18.22,-6.366134211680817,5.086067616510497,-6.366134211680817,-6.490995367342113,0.12486115566129587,0.004632223562691348,1976,7.5877308671038675,7.632320177252101,-0.044589310148232864,-0.0012102407836743004,2134,-1.2215966554230477,-1.1413248099099833,-0.08027184551306439,-0.003421982779017176,2034
18.23,-6.3341461433408,5.096042401579898,-6.3341461433408,-6.459139211928998,0.12499306858819767,0.004640224246782822,1976,7.580375250201251,7.625197894753666,-0.044822644552415726,-0.0012205478130945992,2134,-1.246229106860448,-1.166058682824664,-0.08017042403578413,-0.003419676433688462,2034
18.240000000000002,-6.302095559535545,5.105966890768152,-6.302095559535545,-6.427219324273909,0.12512376473836564,0.004648179135065603,1976,7.572944818055235,7.618000368713327,-0.045055550658092636,-0.0012308427973131983,2134,-1.270849258519688,-1.1907810444394138,-0.08006821408027422,-0.0034173363377526774,2034
18.25,-6.269982776591385,5.115840986124554,-6.269982776591385,-6.395236019403604,0.1252532428122188,0.00465608814902458,1977,7.565439644001187,7.610727670159698,-0.04528802615851064,-0.0012411256347214352,2134,-1.2954568674098017,-1.2154916507560913,-0.07996521665371016,-0.0034149625143033054,2033
18.26,-6.237808111448513,5.125664590195771,-6.237808111448513,-6.36318961297074,0.12538150152222724,0.004663951210603808,1977,7.557859802112146,7.603379870863317,-0.04552006875117079,-0.0012513962238322358,2134,-1.3200516906636315,-1.240190257892574,-0.07986143277105744,-0.0034125549867716973,2033
18.27,-6.205571881657888,5.135437606026796,-6.205571881657888,-6.3310804212507765,0.12550853959288835,0.004671768242196768,1977,7.55020536719809,7.595957043335944,-0.045751676137853574,-0.0012616544632779083,2134,-1.3446334855402,-1.2648766220851655,-0.07975686345503435,-0.0034101137789185262,2033
18.28,-6.173274405378072,5.145159937161915,-6.173274405378072,-6.2989087611388355,0.12563435576076415,0.00467953916665455,1978,7.542476414805199,7.588459260829841,-0.04598284602464118,-0.0012719002518143873,2134,-1.3692020094271247,-1.2895504996910023,-0.07965150973612255,-0.0034076389148398043,2032
18.29,-6.140916001372144,5.154831487645632,-6.140916001372144,-6.266674950146589,0.1257589487744447,0.0046872639072725215,1978,7.534673021215119,7.580886597337046,-0.04621357612192703,-0.0012821334883171042,2134,-1.3937570198429712,-1.3142116471904557,-0.07954537265251549,-0.003405130418954884,2032
18.3,-6.108496989004455,5.164452162023661,-6.108496989004455,-6.234379306399113,0.12588231739465874,0.0046949423878205904,1979,7.526795263444185,7.573239127588654,-0.04644386414446986,-0.0012923540717904927,2134,-1.418298274439728,-1.3388598211895393,-0.07943845325018849,-0.00340258831602988,2032
18.31,-6.0760176882376005,5.17402186534382,-6.0760176882376005,-6.202022148631758,0.1260044603941566,0.0047025745325039465,1979,7.518843219242695,7.565516927054067,-0.04667370781137147,-0.0013025619013577678,2134,-1.4428255310050928,-1.363494778422307,-0.07933075258278573,-0.003400012631146268,2032
18.32,-6.043478419629132,5.18354050315701,-6.043478419629132,-6.169603796186992,0.12612537655786066,0.004710160266006435,1979,7.510816967094108,7.557720071940253,-0.046903104846145065,-0.0013127568762736491,2133,-1.4673385474649725,-1.388116275753258,-0.07922227171171439,-0.003397403389732601,2031
18.330000000000002,-6.010879504328513,5.1930079815181145,-6.010879504328513,-6.137124569011264,0.12624506468274993,0.004717699513452085,1980,7.502716586214294,7.549848639191,-0.04713205297670416,-0.0013229388959155406,2133,-1.4918370818857771,-1.4127240701797337,-0.0791130117060432,-0.0033947606175362645,2031
18.34,-5.978221264073896,5.202424206986938,-5.978221264073896,-6.10458478765183,0.12636352357793412,0.004725192200427473,1980,7.494542156550748,7.541902706486148,-0.04736054993539915,-0.001333107859790246,2133,-1.5163208924768492,-1.4373179188343157,-0.07900297364253339,-0.0033920843406370776,2031
18.35,-5.94550402118889,5.211789086629147,-5.94550402118889,-6.071984773253602,0.1264807520647124,0.004732638252992078,1980,7.486293758781782,7.533882352240829,-0.0475885934590475,-0.0013432636675353759,2133,-1.5407897375928894,-1.461897578987225,-0.0788921586056643,-0.003389374585456538,2030
18.36,-5.9127280985795,5.221102528017154,-5.9127280985795,-6.039324847555969,0.12659674897647,0.004740037597647451,1981,7.4779714743157575,7.525787655604689,-0.0478161812889306,-0.0013534062189148512,2133,-1.5652433757362547,-1.486462808048716,-0.07878056768753922,-0.0033866313787325325,2030
18.37,-5.879893819730842,5.230364439231052,-5.879893819730842,-6.00660533288963,0.12671151315878806,0.004747390161367016,1981,7.469575385290262,7.5176186964611045,-0.04804331117084304,-0.0013635354138258155,2133,-1.5896815655594163,-1.5110133635714702,-0.0786682019879458,-0.003383854747541531,2030
18.38,-5.847001508703993,5.239574728859519,-5.847001508703993,-5.973826552173406,0.12682504346941326,0.004754695871583663,1981,7.4611055745713015,7.509375555426402,-0.04826998085510216,-0.0013736511522967274,2133,-1.6141040658673058,-1.5355490032529924,-0.07855506261431329,-0.003381044719287586,2030
18.39,-5.8140514901327744,5.248733306000717,-5.8140514901327744,-5.940988828911056,0.12693733877828184,0.0047619546561942245,1982,7.45256212575249,7.501058313849058,-0.04849618809656873,-0.0013837533344883074,2133,-1.6385106356197123,-1.5600694849379984,-0.0784411506817139,-0.003378201321706217,2029
18.400000000000002,-5.7810440892205746,5.2578400802631835,-5.7810440892205746,-5.908092487188082,0.12704839796750753,0.004769166443553657,1982,7.443945123154214,7.4926670538088915,-0.04872193065467714,-0.0013938418606960603,2133,-1.6629010339336376,-1.5845745666208069,-0.07832646731283077,-0.0033753245828577628,2029
18.41,-5.7479796317371346,5.266894961766728,-5.7479796317371346,-5.875137851668535,0.1271582199313999,0.0047763311624792176,1983,7.435254651822824,7.484201858116264,-0.0489472062934402,-0.0014039166313472842,2133,-1.6872750200856856,-1.6090640064477262,-0.07821101363795929,-0.003372414531131664,2029
18.42,-5.714858444015265,5.275897861143339,-5.714858444015265,-5.842125247591806,0.12726680357654152,0.00478344874226814,1983,7.426490797529748,7.475662810311253,-0.0491720127815048,-0.0014139775470109828,2132,-1.711632353514481,-1.6335375627194446,-0.07809479079503652,-0.0033694711952570802,2029
18.43,-5.681680852947751,5.28484868953802,-5.681680852947751,-5.809055000769419,0.12737414782166784,0.004790519112661365,1983,7.4176536467707,7.467049994662832,-0.04939634789213279,-0.0014240245083871226,2132,-1.7359727938229454,-1.657994993893411,-0.07797779992953426,-0.003366494604274236,2028
18.44,-5.648447185983989,5.29374735860972,-5.648447185983989,-5.775927437581813,0.12748025159782306,0.004797542203886781,1984,7.408743286764781,7.458363496168039,-0.04962020940325827,-0.0014340574163170814,2132,-1.7602961007807905,-1.682436058586225,-0.0778600421945654,-0.003363484787569748,2028
18.45,-5.615157771126881,5.302593780532159,-5.615157771126881,-5.742742884975121,0.12758511384823926,0.004804517946620096,1984,7.399759805453656,7.449603400551137,-0.04984359509747962,-0.0014440761717779008,2132,-1.7846020343267728,-1.7068605155760133,-0.07774151875075944,-0.003360441774841986,2028
18.46,-5.581812936929504,5.31138786799473,-5.581812936929504,-5.709501670457946,0.12768873352844293,0.00481144627201603,1985,7.390703291500656,7.440769794262762,-0.05006650276210562,-0.0014540806758887737,2132,-1.8088903545711494,-1.7312681238048138,-0.07762223076633572,-0.0033573655961271144,2027
18.47,-5.548413012491907,5.320129534203336,-5.548413012491907,-5.6762041220981265,0.12779110960622006,0.004818327111694453,1985,7.381573834289914,7.431862764479082,-0.05028893018916818,-0.0014640708299088149,2132,-1.8331608217980055,-1.755658642380954,-0.0775021794170517,-0.003354256281785588,2027
18.48,-5.514958327457852,5.328818692881267,-5.514958327457852,-5.6428505685194965,0.1278922410616439,0.004825160397745314,1985,7.372371523925489,7.422882399100927,-0.05051087517543822,-0.0014740465352385832,2132,-1.8574131964676341,-1.7800318305814289,-0.07738136588620548,-0.0033511138625065464,2027
18.490000000000002,-5.481449212011594,5.337455258270028,-5.481449212011594,-5.609441338898645,0.1279921268870511,0.004831946062720412,1986,7.363096451230472,7.413828786752923,-0.05073233552245116,-0.0014840076934202707,2132,-1.8816472392188752,-1.804387447854276,-0.07725979136459914,-0.0033479383693001095,2027
18.5,-5.447885996874564,5.346039145130206,-5.447885996874564,-5.575976762961669,0.12809076608710615,0.0048386840396511055,1986,7.353748707746082,7.404702016782622,-0.050953309036540266,-0.0014939542061416415,2132,-1.9058627108715176,-1.82872525382095,-0.07713745705056749,-0.003344729833509773,2026
18.51,-5.414269013302135,5.354570268742308,-5.414269013302135,-5.542457170980914,0.12818815767877914,0.004845374262037143,1986,7.344328385730774,7.395502179259613,-0.05117379352883825,-0.001503885975234002,2132,-1.9300593724286372,-1.8530450082786953,-0.07701436414994169,-0.00334148828680326,2026
18.52,-5.380598593080393,5.36304854490758,-5.380598593080393,-5.50888289377172,0.1282843006913266,0.004852016663840749,1987,7.33483557815933,7.386229364974639,-0.051393786815309116,-0.0015138029026726873,2131,-1.9542369850789336,-1.8773464712029155,-0.07689051387601827,-0.00333821376116814,2026
18.53,-5.346875068522754,5.37147388994887,-5.346875068522754,-5.475254262689148,0.1283791941663941,0.0048586111795140795,1987,7.325270378721915,7.3768836654386964,-0.051613286716781503,-0.0015237048905839207,2131,-1.9783953101991587,-1.9016294027495446,-0.07676590744961378,-0.0033349062889304094,2025
18.54,-5.3130987724668195,5.379846220711414,-5.3130987724668195,-5.441571609624722,0.12847283715790261,0.004865157743962147,1988,7.3156328818231975,7.367465172882138,-0.05183229105894078,-0.0015335918412354675,2131,-2.0025341093563758,-1.925893563257412,-0.07664054609896383,-0.0033315659027270497,2025
18.55,-5.279270038270984,5.388165454563692,-5.279270038270984,-5.407835267003144,0.128565228732159,0.004871656292576167,1988,7.305923182581377,7.357973980253757,-0.05205079767237987,-0.00154346365704763,2131,-2.0266531443103895,-1.9501387132506092,-0.07651443105977991,-0.0033281926355285107,2025
18.56,-5.245389199811201,5.396431509398225,-5.245389199811201,-5.374045567779012,0.12865636796781219,0.004878106761216888,1988,7.296141376827264,7.348410181219869,-0.05226880439260412,-0.0015533202405894368,2131,-2.050752177016061,-1.9743646134408528,-0.07638756357520846,-0.0033247865206274363,2025
18.57,-5.211456591477653,5.404644303632389,-5.211456591477653,-5.340202845433544,0.12874625395589145,0.004884509086222592,1989,7.2862875611033315,7.338773870163394,-0.052486309060063,-0.0015631614945798636,2131,-2.0748309696256766,-1.9985710247298472,-0.07625994489582924,-0.003321347591642636,2024
18.580000000000002,-5.177472548171507,5.412803756209216,-5.177472548171507,-5.306307433971275,0.12883488579976823,0.004890863204398202,1989,7.276361832662765,7.3290651421829205,-0.05270330952015653,-0.00157298732188859,2131,-2.098889284491256,-2.022757708211642,-0.07613157627961407,-0.0033178758825100426,2024
18.59,-5.143437405301542,5.420909786598207,-5.143437405301542,-5.272359667916769,0.12892226261522685,0.004897169053033917,1989,7.266364289468498,7.319284093091764,-0.0529198036232655,-0.0015827976255372196,2131,-2.1229268841669535,-2.0469244251749927,-0.07600245899196094,-0.003314371427496619,2024
18.6,-5.109351498780867,5.428962314796118,-5.109351498780867,-5.23835988231131,0.12900838353044386,0.004903426569895229,1990,7.256295030192243,7.309430819417027,-0.05313578922478482,-0.001592592308702739,2131,-2.146943531411372,-2.0710709371057137,-0.07587259430565825,-0.003310834261191957,2024
18.61,-5.0752151650236454,5.4369612613277365,-5.0752151650236454,-5.204308412709606,0.12909324768596106,0.004909635693214327,1990,7.246154154213525,7.299505418398644,-0.05335126418511876,-0.0016023712747140284,2130,-2.1709389891898785,-2.0951970056890357,-0.07574198350084269,-0.003307264418500425,2023
18.62,-5.041028740941674,5.444906547246702,-5.041028740941674,-5.170205595176465,0.12917685423479114,0.004915796361719736,1991,7.235941761618695,7.289507987988423,-0.05356622636972872,-0.0016121344270571278,2130,-2.194913020677018,-2.1193023928119556,-0.07561062786506283,-0.0033036619346626032,2023
18.63,-5.006792563941184,5.452798094136241,-5.006792563941184,-5.136051766283486,0.12925920234230093,0.004921908514599083,1991,7.2256579531999465,7.279438626849075,-0.05378067364912836,-0.00162188166937181,2130,-2.218865389258759,-2.1433868605655864,-0.07547852869317255,-0.003300026845226988,2023
18.64,-4.972506971919413,5.460635824109973,-4.972506971919413,-5.101847263105733,0.12934029118632018,0.004927972091529842,1991,7.215302830454316,7.269297434353243,-0.05399460389892663,-0.001631612905456904,2130,-2.2427958585349,-2.167450171247507,-0.07534568728739315,-0.003296359186072838,2022
18.650000000000002,-4.938172303261301,5.468419659812673,-4.938172303261301,-5.067592423218413,0.1294201199571115,0.004933987032668969,1992,7.204876495582682,7.259084510582523,-0.05420801499984041,-0.00164132803926882,2130,-2.2667041923213787,-2.1914920873641064,-0.07521210495727228,-0.0032926589934004695,2022
18.66,-4.903788896836186,5.476149524421016,-4.903788896836186,-5.03328758469354,0.12949868785735355,0.0049399532786449235,1992,7.194379051488766,7.248799956326472,-0.05442090483770731,-0.00165102697492086,2130,-2.2905901546525764,-2.2155123716329292,-0.07507778301964704,-0.0032889263037241896,2022
18.67,-4.8693570919944,5.483825341644367,-4.8693570919944,-4.998933086096599,0.12957599410219917,0.0049458707705758356,1993,7.1838106017781,7.238443873081618,-0.05463327130351902,-0.0016607096166888725,2130,-2.314453509783697,-2.239510786985016,-0.07494272279868094,-0.0032851611538871556,2022
18.68,-4.834877228563954,5.491447035725504,-4.834877228563954,-4.964529266483207,0.129652037919253,0.004951739450057766,1993,7.173171250757014,7.228016363050453,-0.05484511229343878,-0.0016703758690084424,2130,-2.3382940221930584,-2.2634870965672436,-0.07480692562581502,-0.0032813635810494605,2021
18.69,-4.800349646847171,5.4990145314413885,-4.800349646847171,-4.930076465395763,0.12972681854859153,0.004957559259170623,1993,7.162461103431609,7.21751752914043,-0.05505642570882214,-0.0016800256364775676,2129,-2.3621114565844357,-2.287441063744664,-0.07467039283977175,-0.0032775336226932546,2021
18.7,-4.765774687617374,5.506527754103884,-4.765774687617374,-4.895575022860101,0.12980033524272708,0.004963330140466378,1994,7.151680265506721,7.206947474962941,-0.05526720945622004,-0.0016896588238537536,2129,-2.3859055778893454,-2.311372452102838,-0.07453312578650784,-0.0032736713166127704,2021
18.71,-4.73115269211541,5.513986629560528,-4.73115269211541,-4.86102527938213,0.12987258726671938,0.004969052037000125,1994,7.140828843384857,7.1963063048323015,-0.05547746144744567,-0.0016992753360647213,2129,-2.409676151269444,-2.3352810254501692,-0.07439512581927452,-0.003269776700935132,2021
18.72,-4.69648400204644,5.521391084195219,-4.69648400204644,-4.826427575944476,0.12994357389803549,0.0049747248922856905,1995,7.1299069441651834,7.185594123764715,-0.055687179599530706,-0.00170887507819495,2129,-2.433422942118741,-2.359166547820236,-0.07425639429850517,-0.003265849814090758,2020
18.73,-4.6617689595763965,5.5287410449289895,-4.6617689595763965,-4.791782254003114,0.1300132944267183,0.004980348650345889,1995,7.118914675642425,7.174811037477237,-0.055896361834812,-0.0017184579555015716,2129,-2.457145716066027,-2.3830287834741197,-0.07411693259190709,-0.003261890694844431,2020
18.740000000000002,-4.627007907328753,5.53603643922069,-4.627007907328753,-4.757089655484004,0.13008174815524995,0.004985923255668798,1995,7.107852146305841,7.163957152386737,-0.05610500608089657,-0.001728023873402873,2129,-2.4808442389770837,-2.4068674969027315,-0.07397674207435218,-0.003257899382265625,2020
18.75,-4.592201188381084,5.543277195067719,-4.592201188381084,-4.722350122779707,0.1301489343986224,0.0049914486532296465,1996,7.096719465338134,7.153032575608843,-0.05631311027070934,-0.001737572737485091,2129,-2.504518276957046,-2.430682452829135,-0.07383582412791148,-0.0032538759157441683,2020
18.76,-4.557349146261613,5.5504632410067485,-4.557349146261613,-4.687563998746014,0.13021485248440046,0.004996924788505939,1996,7.0855167426143595,7.142037414956887,-0.056520672342527285,-0.001747104453507938,2129,-2.528167596352744,-2.4544734162108712,-0.07369418014187237,-0.0032498203349978338,2019
18.77,-4.5224521249459535,5.557594506114399,-4.5224521249459535,-4.652731626698558,0.13027950175260386,0.005002351607440553,1997,7.074244088700876,7.130971778940836,-0.056727690239959605,-0.0017566189273935861,2128,-2.5517919637549213,-2.478240152242277,-0.07355181151264387,-0.0032457326800469427,2019
18.78,-4.4875104688536,5.564670920007969,-4.4875104688536,-4.617853350409426,0.13034288155582677,0.005007729056477973,1997,7.062901614854224,7.11983577676623,-0.05693416191200652,-0.0017661160652390241,2128,-2.5753911460006225,-2.5019824263568022,-0.07340871964382026,-0.003241612991238933,2019
18.79,-4.452524522844619,5.571692412846103,-4.452524522844619,-4.58292951410377,0.13040499125915175,0.005013057082536122,1997,7.0514894330200475,7.108629518333096,-0.057140085313048185,-0.0017755957733081073,2128,-2.5989649101754266,-2.5257000042293245,-0.07326490594610237,-0.0032374613092278105,2018
18.8,-4.417494632216134,5.578658915329509,-4.417494632216134,-4.547960462456403,0.13046583024026825,0.005018335633040247,1998,7.040007655831963,7.097353114234868,-0.05734545840290506,-0.0017850579580435304,2128,-2.622513023615826,-2.5493926517784637,-0.0731203718373624,-0.003233277674996763,2018
18.81,-4.382421142699064,5.585570358701611,-4.382421142699064,-4.512946540588402,0.13052539788933756,0.005023564655881307,1998,7.028456396610487,7.086006675757292,-0.05755027914680537,-0.0017945025260526102,2128,-2.64603525391142,-2.5730601351688893,-0.0729751187425306,-0.003229062129828434,2018
18.82,-4.347304400454551,5.592426674749264,-4.347304400454551,-4.477888094063697,0.1305836936091469,0.005028744099461279,1999,7.016835769361872,7.074590314877331,-0.05775454551545822,-0.001803929384124458,2128,-2.6695313689073186,-2.596702220813632,-0.07282914809368708,-0.0032248147153366258,2018
18.830000000000002,-4.312144752070682,5.599227795803392,-4.312144752070682,-4.442785468885669,0.13064071681498626,0.005033873912653662,1999,7.005145888777026,7.063104144262057,-0.057958255485030544,-0.0018133384392167995,2128,-2.6930011367063407,-2.620318675376386,-0.07268246132995453,-0.003220535473436718,2017
18.84,-4.276942544559015,5.60597365473967,-4.276942544559015,-4.4076390114937265,0.1306964669347113,0.005038954044823475,1999,6.993386870230355,7.051548277267543,-0.058161407037186086,-0.001822729598464138,2128,-2.716444325671338,-2.643909265773814,-0.072535059897524,-0.003216224446359323,2017
18.85,-4.2416981253510855,5.612664184979203,-4.2416981253510855,-4.372449068759891,0.13075094340880508,0.005043984445843349,2000,6.9815588297786135,7.039922827937737,-0.05836399815912273,-0.001832102769182868,2127,-2.7398607044275267,-2.6674737591778452,-0.07238694524968158,-0.0032118816766605503,2017
18.86,-4.20641184229511,5.619299320489153,-4.20641184229511,-4.33721598798537,0.13080414569025922,0.0050489650660551725,2000,6.969661884159795,7.028227911003346,-0.05856602684355107,-0.0018414578588595654,2127,-2.763250041864683,-2.6910119230179754,-0.07223811884670776,-0.003207507207195742,2017
18.87,-4.171084043652448,5.625878995783413,-4.171084043652448,-4.301940116897133,0.13085607324468404,0.005053895856304755,2001,6.957696150791947,7.016463641880696,-0.05876749108875006,-0.001850794775163654,2127,-2.786612107139495,-2.714523524983562,-0.07208858215593318,-0.00320310108114099,2016
18.88,-4.1357150780942105,5.632403145923242,-4.1357150780942105,-4.266621803644479,0.1309067255502682,0.005058776767926475,2001,6.945661747772024,7.004630136670596,-0.058968388898572574,-0.0018601134259435522,2127,-2.8099466696778106,-2.7380083330261162,-0.07193833665169481,-0.0031986633419829355,2016
18.89,-4.100305294697798,5.638871706517918,-4.100305294697798,-4.231261396795597,0.13095610209779848,0.0050636077527493085,2001,6.933558793874726,6.9927275121571935,-0.05916871828246767,-0.0018694137192276526,2127,-2.8332534991769243,-2.7614661153615936,-0.07178738381533083,-0.0031941940335217566,2016
18.900000000000002,-4.064855042943487,5.645284613725354,-4.064855042943487,-4.195859245334129,0.1310042023906417,0.005068388763089331,2002,6.921387408551321,6.980755885806814,-0.059368477255492505,-0.0018786955632241302,2127,-2.856532365607832,-2.7848966404726823,-0.07163572513514958,-0.0031896931998653608,2016
18.91,-4.029364672710971,5.651641804252743,-4.029364672710971,-4.160415698655727,0.13105102594475554,0.005073119751754194,2002,6.90914771192848,6.9687153757668145,-0.059567663838334645,-0.0018879588663224516,2127,-2.879783039217507,-2.808299677111086,-0.07148336210642049,-0.003185160885431845,2015
18.92,-3.9938345342758352,5.657943215357188,-3.9938345342758352,-4.124931106564597,0.1310965722887627,0.005077800672062504,2003,6.896839824807052,6.956606100864409,-0.05976627605735812,-0.0018972035371013132,2126,-2.9030052905312136,-2.831674994299809,-0.0713302962314038,-0.0031805971349611623,2015
18.93,-3.9582649783062416,5.664188784846297,-3.9582649783062416,-4.089405819270061,0.13114084096381892,0.005082431477802616,2003,6.884463868660924,6.944428180605496,-0.05996431194457325,-0.0019064294843151803,2126,-2.9261988903546796,-2.855022361335433,-0.07117652901924608,-0.003176001993487411,2015
18.94,-3.9226563558593086,5.670378451078829,-3.9226563558593086,-4.053840187383082,0.1311838315237727,0.005087012123281184,2003,6.8720199656357766,6.932181735173482,-0.06016176953770582,-0.0019156366169107812,2126,-2.9493636097764653,-2.8783415477903977,-0.07102206198606766,-0.0031713755063706747,2014
18.95,-3.8870090183777948,5.676512152965271,-3.8870090183777948,-4.018234561912817,0.13122554353502291,0.005091542563278996,2004,6.85950823854792,6.919866885428091,-0.060358646880170834,-0.0019248248440128964,2126,-2.9724992201701226,-2.9016323235152703,-0.07086689665485248,-0.0031667177192660893,2014
18.96,-3.851323317686517,5.682589829968465,-3.851323317686517,-3.9825892942631516,0.13126597657663433,0.005096022753085512,2004,6.846928810883042,6.907483752904176,-0.06055494202113451,-0.0019339940749395542,2126,-2.995605493196523,-2.9248944586410213,-0.0707110345555018,-0.003162028678146335,2014
18.97,-3.815599605988938,5.688611422104191,-3.815599605988938,-3.946904736229225,0.13130513024028734,0.005100452648481692,2005,6.834281806795019,6.89503245981052,-0.06075065301549922,-0.001943144219191788,2126,-3.0186822008060794,-2.9481277235812913,-0.07055447722478851,-0.0031573084292899787,2014
18.98,-3.7798382358636555,5.694576869941767,-3.7798382358636555,-3.9111812399939625,0.13134300413030664,0.005104832205748715,2005,6.8215673511046715,6.882513129028622,-0.06094577792395117,-0.0019522751864628207,2126,-3.041729115241013,-2.9713318890346567,-0.07039722620635626,-0.0031525570192859503,2013
18.990000000000002,-3.744039560260979,5.7004861146046295,-3.744039560260979,-3.8754191581246,0.1313795978636214,0.005109161381654983,2005,6.808785569298549,6.869925884111497,-0.061140314812948474,-0.0019613868866307097,2125,-3.064746009037569,-2.9945067259868945,-0.07023928305067453,-0.003147774495024614,2013
19.0,-3.7082039324993716,5.70633909777092,-3.7082039324993716,-3.839618843569204,0.13141491106983225,0.005113440133476186,2006,6.7959365875276765,6.857270849282446,-0.06133426175476886,-0.0019704792297667584,2125,-3.087732655028302,-3.0176520057132388,-0.0700806493150634,-0.0031429609037092795,2013
19.01,-3.672331706262003,5.712135761674061,-3.672331706262003,-3.803780649653185,0.1314489433911824,0.0051176684189846834,2006,6.7830205326063115,6.84454814943383,-0.061527616827520025,-0.0019795521261344153,2125,-3.1106888263443064,-3.0407674997806438,-0.06992132656366278,-0.0031381162928502695,2013
19.02,-3.6364232355932944,5.717876049103312,-3.6364232355932944,-3.7679049300758165,0.13148169448252203,0.005121846196439394,2007,6.770037532010713,6.83175791012585,-0.06172037811513803,-0.0019886054861835813,2125,-3.133614296417417,-3.0638529800500316,-0.06976131636738521,-0.0031332407102558323,2012
19.03,-3.6004788748953143,5.723559903404361,-3.6004788748953143,-3.731992038906737,0.13151316401142277,0.005125973424618766,2007,6.756987713877841,6.81890025758529,-0.06191254370744931,-0.00199763922056504,2125,-3.1565088389825244,-3.08690821867855,-0.06960062030397426,-0.0031283342040536494,2012
19.04,-3.56449897892442,5.7291872684798575,-3.56449897892442,-3.696042330582461,0.13154335165804087,0.005130050062778866,2007,6.743871207004143,6.805975318704283,-0.06210411170013969,-0.002006653240115605,2125,-3.1793722280797216,-3.10993298812182,-0.06943923995790197,-0.003123396822663411,2012
19.05,-3.528483902787651,5.734758088789979,-3.528483902787651,-3.660056159902878,0.131572257115227,0.0051340760706872195,2008,6.730688140844243,6.792983221039056,-0.062295080194813224,-0.0020156474558711496,2125,-3.202204238056589,-3.1329270611361757,-0.06927717692041337,-0.0031184286148158856,2012
19.06,-3.492434001939268,5.740272309352982,-3.492434001939268,-3.624033882027751,0.1315998800884836,0.005138051408608495,2008,6.717438645509681,6.7799240928086695,-0.06248544729898817,-0.002024621779061631,2124,-3.225004643570412,-3.155890210780916,-0.06911443278949583,-0.0031134296295467477,2011
19.07,-3.4563496321772282,5.745729875745734,-3.4563496321772282,-3.5879758524732126,0.1316262202959842,0.005141976037308822,2009,6.7041228517676235,6.766798062893754,-0.06267521112612966,-0.002033576121114793,2124,-3.2477732195903943,-3.178822210420538,-0.06895100916985612,-0.003108399916194246,2011
19.080000000000002,-3.4202311496397138,5.7511307341042555,-3.4202311496397138,-3.5518824271082536,0.13165127746853972,0.005145849918047322,2009,6.690740891039589,6.753605260835235,-0.06286436979564569,-0.0020425103936512305,2124,-3.270509741399873,-3.201722833726978,-0.0687869076728952,-0.0031033395243962496,2011
19.09,-3.3840789108015557,5.756474831124256,-3.3840789108015557,-3.5157539621512157,0.13167505134966026,0.005149673012593428,2010,6.677292895400119,6.740345816833058,-0.06305292143293958,-0.002051424508495046,2124,-3.2932139845985624,-3.22459185468184,-0.06862212991672227,-0.0030982485040985997,2011
19.1,-3.347893272470745,5.761762114061659,-3.347893272470745,-3.4795908141662686,0.13169754169552336,0.00515344528321625,2010,6.6637789975755,6.727019861744904,-0.06324086416940287,-0.0020603183776671105,2124,-3.3158857251047547,-3.247429047578632,-0.06845667752612247,-0.0030931269055493923,2010
19.11,-3.3116745917849553,5.76699253073311,-3.3116745917849553,-3.4433933400598984,0.13171874827494282,0.005157166692675553,2010,6.650199330942461,6.713627527084891,-0.06342819614243038,-0.002069191913384811,2124,-3.3385247391575037,-3.27023418702499,-0.06829055213251325,-0.0030879747792907394,2010
19.12,-3.2754232262079017,5.772166029516516,-3.2754232262079017,-3.407161897077379,0.131738670869477,0.005160837204254222,2011,6.63655402952681,6.700168945022287,-0.06361491549547586,-0.002078045028074172,2123,-3.361130803318908,-3.293007047944905,-0.06812375537400271,-0.0030827921761801564,2010
19.13,-3.239139533525957,5.777282559351526,-3.239139533525957,-3.3708968427992487,0.13175730927329185,0.005164456781715356,2011,6.622843228002178,6.686644248380193,-0.06380102037801472,-0.002086877634354231,2123,-3.3837036944762193,-3.315747405580942,-0.06795628889527715,-0.0030775791473610188,2010
19.14,-3.2028238718445103,5.782342069740058,-3.2028238718445103,-3.334598535137783,0.1317746632932729,0.005168025389337931,2012,6.609067061688635,6.673053570634243,-0.06398650894560906,-0.002095689645051238,2123,-3.4062431898441226,-3.338455035496459,-0.06778815434766344,-0.0030723357442863394,2009
19.150000000000002,-3.16647659958447,5.787344510746789,-3.16647659958447,-3.2982673323334573,0.13179073274898725,0.005171542991903066,2012,6.595225666551377,6.659397045911284,-0.06417137935990626,-0.0021044809731948946,2123,-3.4287490669669047,-3.3611297135778253,-0.0676193533890798,-0.0030670620187078384,2009
19.16,-3.1300980754787613,5.792289832999643,-3.1300980754787613,-3.2619035929514157,0.1318055174726547,0.005175009554686481,2012,6.581319179199395,6.645674808988043,-0.0643556297886484,-0.002113251532015111,2123,-3.4512211037206315,-3.3837712160366262,-0.06744988768400513,-0.0030617580226710486,2009
19.17,-3.093688658568718,5.797177987690287,-3.093688658568718,-3.225507675877931,0.13181901730921286,0.005178425043478053,2013,6.567347736884099,6.631886995289812,-0.06453925840571283,-0.00212200123495111,2123,-3.4736590783153787,-3.4063793194118803,-0.06727975890349885,-0.0030564238085267204,2008
19.18,-3.057248708200589,5.80200892657461,-3.057248708200589,-3.1890799403168613,0.13183123211627268,0.005181789424566758,2013,6.553311477497987,6.618033740889101,-0.06472226339111302,-0.0021307299956457334,2123,-3.496062769297397,-3.4289538005722386,-0.06710896872515885,-0.0030510594289210576,2008
19.19,-3.020778584021959,5.806782601973193,-3.020778584021959,-3.1526207457861046,0.13184216176414504,0.005185102664749933,2014,6.5392105395732685,6.6041151825042945,-0.06490464293102716,-0.0021394377279501785,2122,-3.5184319555513057,-3.4514944367181895,-0.06693751883311629,-0.0030456649367993833,2008
19.2,-2.984278645978264,5.811498966771785,-2.984278645978264,-3.1161304521140534,0.1318518061357891,0.005188364731317607,2014,6.525045062280514,6.590131457498312,-0.0650863952177973,-0.0021481243459197594,2122,-3.5407664163022488,-3.4740010053842565,-0.0667654109179922,-0.003040240385398078,2008
19.21,-2.9477492543091146,5.816157974421775,-2.9477492543091146,-3.0796094194360397,0.13186016512692525,0.0051915755920860585,2014,6.510815185427258,6.576082703877238,-0.06526751844998036,-0.002156789763823509,2122,-3.5630659311181416,-3.4964732844411968,-0.06659264667694488,-0.003034785828262695,2007
19.22,-2.9111907695449,5.820759578940633,-2.9111907695449,-3.0430580081907843,0.13186723864588384,0.005194735215352113,2015,6.496521049456651,6.561969060288973,-0.06544801083232256,-0.00216543389613261,2122,-3.5853302799117484,-3.518911052098187,-0.06641922781356091,-0.0030293013192194086,2007
19.23,-2.874603552503066,5.825303734912385,-2.874603552503066,-3.0064765791168346,0.13187302661376896,0.005197843569943257,2015,6.48216279544603,6.547790666021858,-0.0656278705758287,-0.002174056657537194,2122,-3.607559242942962,-3.5413140869050217,-0.06624515603794028,-0.0030237869124060926,2007
19.240000000000002,-2.8379879642846912,5.829790397488044,-2.8379879642846912,-2.969865493249008,0.13187752896431687,0.005200900625173554,2016,6.467740565105572,6.5335476610033005,-0.06580709589772868,-0.0021826579629307934,2122,-3.6297526008208787,-3.56368216775429,-0.06607043306658858,-0.0030182426622429675,2007
19.25,-2.8013443662708624,5.83421952238606,-2.8013443662708624,-2.9332251119148296,0.1318807456439674,0.005203906350867709,2016,6.453254500776874,6.519240185798394,-0.06598568502152133,-0.0021912377274199315,2121,-3.651910134506009,-3.5860150738835634,-0.06589506062244606,-0.003012668623447818,2006
19.26,-2.7646731201190864,5.838591065892758,-2.7646731201190864,-2.896555796730962,0.13188267661187547,0.005206860717363344,2017,6.4387047454315365,6.504868381608536,-0.06616363617700054,-0.0021997958663272955,2121,-3.674031625312447,-3.608312584877572,-0.06571904043487456,-0.0030070648510360735,2006
19.27,-2.7279745877597597,5.842904984862773,-2.7279745877597597,-2.859857909599641,0.1318833218398813,0.005209763695501586,2017,6.424091442669772,6.4904323902700245,-0.06634094760025216,-0.0022083322951864195,2121,-3.6961168549100103,-3.630574480670381,-0.06554237423962955,-0.003001431400315183,2006
19.28,-2.6912491313925684,5.847161236719463,-2.6912491313925684,-2.823131812705097,0.13188268131252856,0.005212615256632751,2017,6.409414736718975,6.475932354252661,-0.06651761753368657,-0.002216846929746893,2121,-3.718165605326404,-3.6528005415475624,-0.06536506377884162,-0.0029957683268858684,2006
19.29,-2.654497113482972,5.851359779455339,-2.654497113482972,-2.7863778685099887,0.13188075502701677,0.005215415372603848,2018,6.39467477243232,6.461368416658355,-0.06669364422603388,-0.002225339685968281,2121,-3.7401776589493463,-3.674990548148363,-0.06518711080098329,-0.002990075686635575,2005
19.3,-2.617718896758509,5.855500571632485,-2.617718896758509,-2.74959643975182,0.13187754299331142,0.005218164015790344,2018,6.379871695287288,6.446740721219693,-0.06686902593240525,-0.002233810480035259,2121,-3.762152798528777,-3.69714428146787,-0.06500851706090655,-0.0029843535357550865,2005
19.31,-2.5809148442053718,5.859583572382947,-2.5809148442053718,-2.7127878894393627,0.1318730452339912,0.0052208611590511605,2019,6.36500565138429,6.43204941229854,-0.06704376091424984,-0.0022422592283387658,2120,-3.7840908071789165,-3.719261522859174,-0.06482928431974255,-0.0029786019307126914,2005
19.32,-2.5440853190646586,5.86360874140916,-2.5440853190646586,-2.6759525808490694,0.13186726178441044,0.005223506775778019,2019,6.350076787445161,6.4172946348845965,-0.0672178474394352,-0.002250685847497345,2120,-3.8059914683805003,-3.741342054035524,-0.06464941434497642,-0.0029728209282808833,2005
19.330000000000002,-2.507230684828935,5.867576038984332,-2.507230684828935,-2.6390908775214927,0.1318601926925577,0.005226100839851993,2019,6.33508525081177,6.402476534593979,-0.06739128378220823,-0.0022590902543399892,2120,-3.827854565982833,-3.7633856570724826,-0.06446890891035026,-0.0029670105855120555,2004
19.34,-2.4703513052385837,5.871485425952831,-2.4703513052385837,-2.602203143257699,0.1318518380191152,0.005228643325664922,2020,6.3200311894445385,6.387595257667779,-0.0675640682232406,-0.002267472365916434,2120,-3.849679884205954,-3.785392114410078,-0.06428776979587578,-0.0029611709597488194,2004
19.35,-2.4334475442781494,5.8753368637305945,-2.4334475442781494,-2.5652897421156697,0.13184219783751996,0.005231134208135096,2020,6.304914751920959,6.372650950970623,-0.06773619904966369,-0.0022758320995023046,2120,-3.8714672076428087,-3.8073612088549513,-0.06410599878785667,-0.002955302108632651,2004
19.36,-2.3965197661728865,5.879130314305481,-2.3965197661728865,-2.5283510384067163,0.13183127223382982,0.0052335734626680055,2021,6.289736087434181,6.357643761989217,-0.06790767455503673,-0.0022841693725864625,2120,-3.8932163212612934,-3.829292723582499,-0.06392359767879388,-0.0029494040900815486,2004
19.37,-2.359568335385045,5.8828657402376665,-2.359568335385045,-2.491387396691881,0.1318190613068364,0.005235961065192186,2021,6.274495345791487,6.342573838830895,-0.06807849303940812,-0.002292484102884343,2119,-3.91492701040644,-3.8511864421390123,-0.06374056826742788,-0.0029434769623075626,2003
19.38,-2.3225936166103294,5.886543104660003,-2.3225936166103294,-2.4543991817783395,0.1318055651680102,0.005238296992142145,2022,6.259192677412847,6.327441330222157,-0.068248652809309,-0.0023007762083318106,2119,-3.936599060802516,-3.8730421484438153,-0.06355691235870119,-0.00293752078381035,2003
19.39,-2.285595974774277,5.890162371278394,-2.285595974774277,-2.4173867587157996,0.13179078394152244,0.005240581220464949,2022,6.243828233329415,6.312246385507199,-0.06841815217778353,-0.0023090456070899894,2119,-3.958232258555137,-3.8948596267913973,-0.0633726317637393,-0.0029315356133749674,2003
19.400000000000002,-2.248575775028686,5.893723504372133,-2.248575775028686,-2.3803504927928976,0.13177471776421174,0.005242813727612034,2022,6.228402165182056,6.2969891546464405,-0.06858698946438484,-0.0023172922175408797,2119,-3.979826390153368,-3.916638661853542,-0.0631877282998261,-0.0029255215100709737,2003
19.41,-2.211533382748003,5.897226468794274,-2.211533382748003,-2.3432907495335975,0.13175736678559477,0.0052449944915438015,2023,6.212914625219842,6.281669788215048,-0.06875516299520529,-0.0023255159582913913,2119,-4.001381242471838,-3.9383790386814486,-0.06300220379038868,-0.002919478533252187,2002
19.42,-2.174469163525643,5.900671229971978,-2.174469163525643,-2.3062078946935785,0.13173873116793547,0.0052471234907485445,2023,6.197365766298524,6.26628843740144,-0.0689226711029162,-0.0023337167481808615,2118,-4.02289660277288,-3.9600805427078605,-0.06281606006501886,-0.0029134067425676323,2002
19.43,-2.137383483170529,5.904057753906837,-2.137383483170529,-2.269102294256628,0.13171881108609915,0.005249200704200778,2024,6.18175574187908,6.250845254005804,-0.06908951212672575,-0.0023418945062651368,2118,-4.044372258708548,-3.981742959749176,-0.06262929895937219,-0.0029073061979355067,2002
19.44,-2.100276707703312,5.907386007175232,-2.100276707703312,-2.231974314431027,0.13169760672771505,0.005251226111410886,2024,6.166084706026129,6.235340390438594,-0.06925568441246563,-0.0023500491518373703,2118,-4.065807998322815,-4.003366076007566,-0.06244192231524825,-0.0029011769595733137,2002
19.45,-2.063149203352916,5.910655956928643,-2.063149203352916,-2.1948243216459375,0.13167511829302142,0.005253199692378298,2025,6.150352813406483,6.219773999719025,-0.0694211863125409,-0.0023581806044099315,2118,-4.087203610053566,-4.024949678073086,-0.06225393198047933,-0.002895019087968234,2002
19.46,-2.0260013365528105,5.913867570893987,-2.0260013365528105,-2.1576526825477864,0.13165134599497622,0.00525512142762747,2025,6.134560219287567,6.204146235473566,-0.06958601618599689,-0.0023662887837296413,2118,-4.108558882734756,-4.046493552925777,-0.06206532980897816,-0.002888832643897627,2001
19.47,-1.9888334739374425,5.917020817373932,-1.9888334739374425,-2.120459763996646,0.13162629005920326,0.00525699129819097,2025,6.11870707953591,6.188457251934419,-0.06975017239850873,-0.0023743736097714013,2118,-4.129873605598466,-4.067997487937772,-0.061876117660694153,-0.002882617688419611,2001
19.48,-1.9516459823386014,5.920115665247208,-1.9516459823386014,-2.0832459330626114,0.13159995072400996,0.005258809285615641,2026,6.102793550615594,6.172707203938005,-0.06991365332241166,-0.0023824350027420588,2117,-4.151147568276992,-4.089461270875392,-0.0616862974015991,-0.0028763742828739943,2001
19.490000000000002,-1.914439228781836,5.9231520839689145,-1.914439228781836,-2.046011557022182,0.13157232824034606,0.005260575371951942,2026,6.086819789586737,6.156896246923429,-0.07007645733669227,-0.002390472883074783,2117,-4.172380560804899,-4.110884689901245,-0.0614958709036538,-0.0028701024888771465,2001
19.5,-1.8772135804827728,5.926130043570826,-1.8772135804827728,-2.0087570033546345,0.13154342287186163,0.005262289539772361,2027,6.070785954103904,6.141024536930946,-0.07023858282704172,-0.0023984871714407873,2117,-4.193572373621129,-4.132267533576309,-0.061304840044819925,-0.0028638023683316585,2000
19.51,-1.839969404843522,5.929049514661683,-1.839969404843522,-1.9714826397383935,0.13151323489487138,0.005263951772160411,2027,6.054692202414575,6.125092230600423,-0.07040002818584787,-0.002406477788742509,2117,-4.214722797571052,-4.153609590862028,-0.06111320670902431,-0.0028574739834180533,2000
19.52,-1.8027070694490919,5.931910468427483,-1.8027070694490919,-1.9341888340474074,0.13148176459831554,0.0052655620527012675,2027,6.038538693357596,6.1090994851697955,-0.07056079181219999,-0.0024144446561117257,2117,-4.235831623908503,-4.174910651122386,-0.06092097278611596,-0.002851117396589747,2000
19.53,-1.7654269420636477,5.934712876631771,-1.7654269420636477,-1.8968759543475133,0.13144901228386557,0.005267120365513648,2028,6.0223255863615615,6.09304645847351,-0.07072087211194919,-0.002422387694922676,2117,-4.256898644297911,-4.196170504125995,-0.06072814017191619,-0.0028447326705908697,2000
19.54,-1.7281293906270276,5.937456711615906,-1.7281293906270276,-1.8595443688928068,0.13141497826577936,0.00526862669520703,2028,6.0060530414433035,6.076933308940969,-0.07088026749766634,-0.0024303068267768884,2116,-4.277923650816275,-4.21738894004816,-0.06053471076811441,-0.0028383198684303664,1999
19.55,-1.690814783250996,5.940141946299345,-1.690814783250996,-1.8221944461220076,0.13137966287101194,0.005270081026917564,2029,5.989721219206269,6.06076019559497,-0.07103897638870003,-0.0024382019735155287,2116,-4.2989064359552716,-4.23856574947296,-0.06034068648231192,-0.002831879053402048,1999
19.56,-1.6534834882156628,5.942768554179907,-1.6534834882156628,-1.7848265546548223,0.13134306643915952,0.005271483346290963,2029,5.97333028083895,6.04452727805013,-0.07119699721117982,-0.0024460730572170787,2116,-4.319846792623286,-4.259700723395307,-0.060146069227979694,-0.002825410289073897,1999
19.57,-1.616135873965829,5.945336509334032,-1.616135873965829,-1.7474410632883044,0.13130518932247545,0.0052728336394885465,2030,5.956880388113285,6.028234716511316,-0.07135432839803212,-0.002453920000197556,2116,-4.340744514147454,-4.28079365322301,-0.05995086092444414,-0.0028189136392910556,1999
19.580000000000002,-1.5787723091073902,5.947845786417039,-1.5787723091073902,-1.7100383409932187,0.13126603188582842,0.005274131893176579,2030,5.940371703383084,6.011882671772061,-0.07151096838897775,-0.002461742725006846,2116,-4.361599394275691,-4.301844330778841,-0.05975506349685048,-0.0028123891681695345,1998
19.59,-1.5413931624036366,5.950296360663377,-1.5413931624036366,-1.672618756910397,0.1312255945067602,0.005275378094545032,2030,5.923804389582395,5.995471305212978,-0.07166691563058293,-0.002469541154439652,2115,-4.382411227178757,-4.322852548302579,-0.05955867887617787,-0.0028058369401054942,1998
19.6,-1.5039988027716453,5.952688207886867,-1.5039988027716453,-1.6351826803470937,0.13118387757544833,0.005276572231295976,2031,5.907178610223914,5.979000778800163,-0.07182216857625048,-0.002477315211528487,2115,-4.403179807452266,-4.343818098453068,-0.059361708999198036,-0.002799257019767429,1998
19.61,-1.4665895992786806,5.955021304480942,-1.4665895992786806,-1.5977304807733455,0.1311408814946651,0.005277714291634545,2031,5.890494529397382,5.962471255083607,-0.07197672568622457,-0.0024850648195426407,2115,-4.4239049301187,-4.364740774310259,-0.059164155808440325,-0.0027926494720918586,1998
19.62,-1.4291659211384358,5.957295627418881,-1.4291659211384358,-1.5602625278183189,0.1310966066798832,0.005278804264300629,2032,5.873752311767926,5.9458828971955775,-0.07213058542765198,-0.0024927899020011305,2115,-4.444586390629489,-4.385620369377256,-0.05896602125223222,-0.0027860143622997166,1997
19.63,-1.391728137707538,5.959511154254035,-1.391728137707538,-1.5227791912666666,0.1310510535591288,0.005279842138525954,2032,5.856952122574486,5.9292358688490205,-0.07228374627453359,-0.0025004903826555936,2115,-4.465223984866947,-4.4064566775823515,-0.058767307284595206,-0.002779351755870364,1997
19.64,-1.3542766184817838,5.96166786312005,-1.3542766184817838,-1.485280841054876,0.13100422257309197,0.005280827904070318,2033,5.840094127628145,5.912530334335938,-0.07243620670779274,-0.002508166185506243,2114,-4.48581750914636,-4.42724949328106,-0.05856801586529961,-0.002772661718563982,1997
19.650000000000002,-1.3168117330925386,5.963765732731078,-1.3168117330925386,-1.447767847267617,0.13095611417507824,0.005281761551206234,2033,5.8231784933104995,5.895766458525769,-0.0725879652152697,-0.0025158172347972676,2114,-4.50636676021796,-4.447998611258151,-0.05836814895980895,-0.002765944316409106,1997
19.66,-1.2793338513031165,5.9658047423819935,-1.2793338513031165,-1.4102405801340925,0.13090672883097595,0.0052826430707122365,2033,5.806205386572043,5.878944406863764,-0.07273902029172005,-0.0025234434550116588,2114,-4.526871535268925,-4.468703826729669,-0.0581677085392553,-0.0027591996157003877,1997
19.67,-1.2418433430050706,5.967784871948594,-1.2418433430050706,-1.3726994100243828,0.13085606701931218,0.0052834724538909986,2034,5.789174974930482,5.862064345369345,-0.072889370438864,-0.0025310447708834227,2114,-4.54733163192541,-4.489364935344961,-0.057966696580448,-0.0027524276830074483,1996
19.68,-1.204340578214581,5.969706101887801,-1.204340578214581,-1.3351447074457892,0.13080412923120802,0.005284249692556215,2034,5.7720874264691,5.845126440634477,-0.07303901416537682,-0.0025386211073898882,2114,-4.567746848254518,-4.509981733188687,-0.05776511506583078,-0.002745628585166282,1996
19.69,-1.1668259270687862,5.971568413237851,-1.1668259270687862,-1.2975768430391774,0.13075091597039123,0.005284974779038561,2035,5.754942909835102,5.828130859822016,-0.07318794998691514,-0.0025461723897564317,2113,-4.588116982766313,-4.530554016782838,-0.057562965983475316,-0.0027388023892820574,1996
19.7,-1.1292997598221788,5.973371787618479,-1.1292997598221788,-1.2599961875753225,0.13069642775314366,0.005285647706172307,2035,5.737741594237956,5.811077770664062,-0.0733361764261057,-0.002553698543449634,2113,-4.6084418344157765,-4.551081583088739,-0.05736025132703759,-0.0027319491627225186,1996
19.71,-1.0917624468428377,5.975116207231113,-1.0917624468428377,-1.2224031119512446,0.13064066510840686,0.0052862684673276785,2036,5.720483649447687,5.793967341460305,-0.07348369201261705,-0.002561199494195193,2113,-4.628721202604848,-4.571564229509059,-0.05715697309578961,-0.0027250689731324763,1995
19.72,-1.0542143586089299,5.976801654859034,-1.0542143586089299,-1.184797987186553,0.1305836285776231,0.005286837056364641,2036,5.703169245793261,5.776799741076359,-0.07363049528309745,-0.002568675167954907,2113,-4.64895488718433,-4.592001753889804,-0.05695313329452565,-0.0027181618884097704,1995
19.73,-1.0166558657048848,5.978428113867554,-1.0166558657048848,-1.1471811844197806,0.13052531871489575,0.00528735346768343,2036,5.685798554160831,5.7595751389421,-0.07377658478127032,-0.0025761254909527076,2113,-4.669142688455945,-4.612393954522319,-0.05674873393362581,-0.002711227976730932,1995
19.740000000000002,-0.9790873388178858,5.9799955682041785,-0.9790873388178858,-1.1095530749047222,0.1304657360868364,0.00528781769617905,2037,5.668371745992121,5.742293705049997,-0.07392195905787614,-0.002583550389652176,2112,-4.689284407174234,-4.632740630145273,-0.056543777028959845,-0.0027042673065268276,1995
19.75,-0.9415091487341474,5.981504002398768,-0.9415091487341474,-1.071914030006773,0.13040488127262567,0.005288229737264075,2037,5.650888993282702,5.724955609953423,-0.07406661667072025,-0.0025909497907699204,2112,-4.709379844548554,-4.653041579946648,-0.05633826460190543,-0.002697279946494118,1994
19.76,-0.9039216663351926,5.982953401563683,-0.9039216663351926,-1.0342644211992589,0.13034275486406638,0.00528858958688363,2038,5.633350468580265,5.707561024764982,-0.07421055618471645,-0.0025983236212826204,2112,-4.729428802245072,-4.6732966035657215,-0.056132198679350535,-0.002690265965601132,1994
19.77,-0.8663252625943294,5.984343751393942,-0.8663252625943294,-0.9966046200597737,0.13027935746544417,0.005288897241475425,2038,5.615756344982985,5.690110121154816,-0.0743537761718315,-0.0026056718084075023,2112,-4.7494310823886545,-4.69350550109504,-0.055925581293613955,-0.002683225433068076,1994
19.78,-0.8287203085728635,5.985675038167352,-0.8287203085728635,-0.9589349982665092,0.1302146896936457,0.005289152698008764,2039,5.598106796137749,5.672603071348912,-0.07449627521116374,-0.0026129942796233657,2112,-4.7693864875648835,-4.7136680730824,-0.05571841448248264,-0.0026761584183854583,1994
19.79,-0.7911071754165412,5.986947248744648,-0.7911071754165412,-0.9212559275945903,0.13014875217804922,0.005289355953952822,2039,5.580401996238488,5.6550400481274,-0.07463805188891207,-0.002620290962656459,2111,-4.7892948208219455,-4.733784120532808,-0.05551070028913776,-0.0026690649912964348,1994
19.8,-0.7534862343517591,5.98816037056963,-0.7534862343517591,-0.8835677799124019,0.1300815455606427,0.005289507007313387,2039,5.562642120024416,5.637421224822853,-0.07477910479843643,-0.0026275617854961304,2111,-4.809155885672656,-4.753853444910448,-0.05530244076220798,-0.002661945221817473,1993
19.81,-0.7158578566820599,5.98931439166927,-0.7158578566820599,-0.8458709271779211,0.13001307049586114,0.0052896058565862925,2040,5.544827342778358,5.619746775318566,-0.07491943254020766,-0.002634806676375894,2111,-4.828969486096297,-4.7738758481406425,-0.05509363795565496,-0.0026547991802106543,1993
19.82,-0.6782224137842976,5.99040930065385,-0.6782224137842976,-0.8081657414350445,0.129943327650747,0.005289652500807797,2040,5.526957840324956,5.602016874046853,-0.07505903372189662,-0.0026420255637965937,2111,-4.848735426540657,-4.793851132611805,-0.054884293928851274,-0.002647626937011216,1993
19.830000000000002,-0.6405802771051207,5.991445086717059,-0.6405802771051207,-0.770452594809917,0.12987231770479646,0.005289646939509356,2041,5.509033789028992,5.584231695987312,-0.07519790695832088,-0.002649218376507033,2111,-4.868453511923871,-4.813779101177394,-0.05467441074647707,-0.0026404285630025554,1993
19.84,-0.6029318181572426,5.992421739636105,-0.6029318181572426,-0.7327318595072613,0.1298000413500187,0.0052895891727401355,2041,5.491055365793627,5.566391416665113,-0.07533605087148679,-0.002656385043514368,2110,-4.888123547636384,-4.833659557157851,-0.05446399047853273,-0.002633204129225896,1992
19.85,-0.5652774085157115,5.99333924977182,-0.5652774085157115,-0.6950039078067001,0.1297264992909885,0.005289479201082155,2042,5.4730227480586215,5.548496212149251,-0.07547346409063017,-0.0026635254940909426,2110,-4.907745339542908,-4.8534923043425495,-0.054253035200358034,-0.0026259537069909314,1992
19.86,-0.5276174198143809,5.994197608068748,-0.5276174198143809,-0.6572691120590851,0.12965169224470427,0.0052893170256100575,2042,5.454936113798645,5.530546259050817,-0.07561014525217248,-0.0026706396577589773,2110,-4.927318693984263,-4.873277146991731,-0.0540415469925311,-0.0026186773678507505,1992
19.87,-0.4899522237421243,5.994996806055241,-0.4899522237421243,-0.6195278446828214,0.12957562094069705,0.005289102647927488,2042,5.436795641521472,5.5125417345212515,-0.0757460929997797,-0.00267772746430523,2110,-4.9468434177793466,-4.89301388983843,-0.053829527940916146,-0.0026113751836218733,1992
19.88,-0.4522821920392212,5.995736835843535,-0.4522821920392212,-0.5817804781601909,0.12949828612096964,0.005288836070149563,2043,5.418601510266241,5.494482816250601,-0.07588130598436073,-0.0026847888437758717,2110,-4.9663193182270176,-4.912702338090409,-0.053616980136608615,-0.002604047226373522,1992
19.89,-0.41460769649366574,5.996417690129836,-0.41460769649366574,-0.544027385033676,0.12941968854001032,0.005288517294909147,2043,5.400353899601676,5.476369682465754,-0.0760157828640785,-0.0026918237264779168,2109,-4.985746203108009,-4.932342297432077,-0.05340390567593196,-0.002596693568431321,1991
19.900000000000002,-0.3769291089375297,5.997039362194389,-0.3769291089375297,-0.5062689379022836,0.1293398289647539,0.005288146325348081,2044,5.3820529896243325,5.458202511928693,-0.07614952230436112,-0.0026988320429779025,2109,-5.005123880686802,-4.951933574026409,-0.05319030666039317,-0.002589314282370317,1991
19.91,-0.33924680124328216,5.997601845901539,-0.33924680124328216,-0.46850550941786956,0.12925870817458732,0.005287723165121916,2044,5.363698960956816,5.4399814839347265,-0.07628252297790986,-0.0027058137241031794,2109,-5.024452159713532,-4.9714759745168555,-0.05297618519667716,-0.0025819094410186715,1991
19.92,-0.3015611453200446,5.9981051356998,-0.3015611453200446,-0.43073747228145626,0.12917632696141165,0.005287247818419032,2045,5.345291994745956,5.421706778310713,-0.07641478356475716,-0.0027127687009534246,2109,-5.043730849425911,-4.990969306029256,-0.05276154339665475,-0.0025744791174656537,1991
19.93,-0.2638725131100691,5.998549226621905,-0.2638725131100691,-0.39296519923955886,0.12909268612948976,0.0052867202899174875,2045,5.326832272661101,5.4033785754133,-0.07654630275219905,-0.002719696904878817,2109,-5.062959759551031,-5.01041337617374,-0.052546383377292,-0.0025670233850389524,1990
19.94,-0.22618127658489762,5.998934114284854,-0.22618127658489762,-0.3551890630805019,0.1290077864956043,0.00528614058483561,2045,5.308319976892234,5.384997056127128,-0.07667707923489453,-0.0027265982675063736,2108,-5.082138700307335,-5.029807993046625,-0.05233070726070986,-0.0025595423173292832,1990
19.95,-0.18848780774184998,5.999259794889964,-0.18848780774184998,-0.31740943663074367,0.12892162888889366,0.005285508708884134,2046,5.289755290148254,5.366562401863057,-0.07680711171480199,-0.0027334727207169174,2108,-5.101267482406404,-5.049152965232312,-0.052114517174091136,-0.0025520359881670515,1990
19.96,-0.1507924786002355,5.9995262652228964,-0.1507924786002355,-0.27962669275119484,0.12883421415095933,0.0052848246683024755,2046,5.271138395655122,5.34807479455637,-0.07693639890124837,-0.002740320196663674,2108,-5.120345917054885,-5.068448101805174,-0.05189781524971069,-0.002544504471638748,1990
19.97,-0.11309566119773463,5.999733522653699,-0.11309566119773463,-0.24184120433353914,0.1287455431358045,0.005284088469841099,2047,5.25246947715407,5.329534416664982,-0.07706493951091245,-0.002747140627764077,2108,-5.139373815956334,-5.087693212331442,-0.05168060362489172,-0.002536947842077027,1990
19.98,-0.07539772758670565,5.999881565136822,-0.07539772758670565,-0.20405334429655167,0.12865561670984602,0.005283300120767853,2047,5.233748718899779,5.310941451167634,-0.0771927322678543,-0.0027539339467041336,2108,-5.158350991313074,-5.106888106871081,-0.05146288444199147,-0.0025293661740635603,1989
19.990000000000002,-0.03769904983055535,5.999970391211149,-0.03769904983055535,-0.1662634855824208,0.12856443575186546,0.005282459628856471,2048,5.21497630565859,5.29229608156209,-0.07731977590350012,-0.002760700086432677,2107,-5.177277255828033,-5.126032595979669,-0.051244659848364606,-0.0025217595424236287,1989
20.0,-2.9391523179536475e-15,6.0,-2.9391523179536475e-15,-0.1284720011530658,0.12847200115306287,0.005281567002405401,2048,5.196152422706634,5.273598491863327,-0.0774460691566924,-0.0027674389801720183,2107,-5.1961524227066285,-5.145126490710259,-0.0510259319963696,-0.0025141280222332287,1989
20.01,0.037699049830560126,5.999970391211149,0.037699049830560126,-0.0906792639864552,0.12837831381701534,0.005280622250226342,2048,5.177277255828032,5.254848866601715,-0.07757161077368274,-0.0027741505614126793,2107,-5.214976305658591,-5.164169602615258,-0.05080670304333218,-0.0025064716888136464,1989
20.02,0.07539772758669978,5.999881565136822,0.07539772758669978,-0.05288564707292853,0.12828337465962833,0.005279625381634092,2049,5.1583509913130765,5.236047390821201,-0.07769639950812386,-0.0027808347639092477,2107,-5.233748718899776,-5.183161743748272,-0.050586975151503934,-0.0024987906177250056,1988
20.03,0.11309566119772874,5.999733522653699,0.11309566119772874,-0.015091523411510864,0.12818718460923959,0.005278576406479233,2049,5.139373815956338,5.217194250077479,-0.07782043412114042,-0.0027874915216965493,2106,-5.252469477154066,-5.2021027266659665,-0.050366750488098924,-0.002491084884782578,1988
20.04,0.15079247860022962,5.9995262652228964,0.15079247860022962,0.02270273399376517,0.12808974460646444,0.0052774753351039535,2050,5.120345917054889,5.198289630436157,-0.07794371338126777,-0.0027941207690703276,2106,-5.271138395655119,-5.220992364429922,-0.050146031225196654,-0.00248335456603376,1988
20.05,0.1884878077418441,5.999259794889964,0.1884878077418441,0.06049675213754205,0.12799105560430205,0.005276322178378478,2050,5.101267482406408,5.179333718470927,-0.07806623606451953,-0.002800722440602745,2106,-5.28975529014825,-5.239830470608469,-0.049924819539781846,-0.002475599737775509,1988
20.06,0.22618127658489176,5.998934114284854,0.22618127658489176,0.09829015801681874,0.12789111856807306,0.005275116947683253,2051,5.08213870030734,5.160326701261718,-0.07818800095437804,-0.0028072964711382707,2106,-5.30831997689223,-5.258616859278535,-0.04970311761369434,-0.002467820476545028,1988
20.07,0.2638725131100632,5.998549226621905,0.2638725131100632,0.13608257863463297,0.12778993447543027,0.005273859654915279,2051,5.062959759551036,5.14126876639285,-0.07830900684181352,-0.002813842795794413,2106,-5.326832272661098,-5.277351345027481,-0.049480927633617174,-0.002460016859121002,1987
20.080000000000002,0.30156114532004935,5.9981051356998,0.30156114532004935,0.1738736410037404,0.12768750431630893,0.005272550312476584,2051,5.043730849425909,5.1221601019511835,-0.07842925252527441,-0.002820361349957974,2105,-5.345291994745958,-5.296033742954923,-0.049258251791035206,-0.002452188962518933,1987
20.09,0.33924680124327633,5.997601845901539,0.33924680124327633,0.21166297215029722,0.12758382909297908,0.005271188933293003,2052,5.024452159713537,5.103000896524268,-0.0785487368107304,-0.002826852069293925,2105,-5.363698960956811,-5.314663868674564,-0.049035092282247866,-0.0024443368639987806,1987
20.1,0.376929108937545,5.997039362194389,0.376929108937545,0.24945019911754213,0.12747890982000293,0.005269775530802597,2052,5.005123880686796,5.083791339198471,-0.07866745851167556,-0.002833314889743207,2105,-5.38205298962434,-5.333241538316011,-0.04881145130832781,-0.0024364606410595124,1987
20.11,0.4146076964936598,5.996417690129836,0.4146076964936598,0.28723494896947416,0.12737274752418562,0.005268310118945581,2053,4.985746203108013,5.064531619557121,-0.07878541644910847,-0.0028397497475150385,2105,-5.400353899601672,-5.351766568526593,-0.04858733107507798,-0.002428560371430675,1987
20.12,0.45228219203921527,5.995736835843535,0.45228219203921527,0.32501684879453774,0.1272653432446775,0.005266792712196844,2053,4.966319318227022,5.045221927678631,-0.07890260945160861,-0.0028461565791055056,2104,-5.418601510266236,-5.370238776473167,-0.048362733793069754,-0.0024206361330914197,1986
20.13,0.4899522237421185,5.994996806055241,0.4899522237421185,0.36279552570929985,0.12715669803281862,0.005265223325521855,2054,4.946843417779351,5.025862454134622,-0.07901903635527184,-0.002852535321276224,2104,-5.436795641521468,-5.38865797984392,-0.04813766167754752,-0.00241268800424566,1986
20.14,0.527617419814375,5.994197608068748,0.527617419814375,0.40057060686213136,0.1270468129522438,0.0052636019744128765,2054,4.927318693984267,5.006453389988048,-0.0791346960037813,-0.002858885911073272,2104,-5.454936113798641,-5.407023996850178,-0.04791211694846293,-0.002404716063339772,1986
20.150000000000002,0.5652774085157164,5.99333924977182,0.5652774085157164,0.43834171943688777,0.12693568907882863,0.005261928674873808,2054,4.907745339542907,4.986994926791303,-0.07924958724839613,-0.0028652082858190353,2104,-5.473022748058622,-5.425336646228189,-0.04768610183043348,-0.0023967203890548636,1986
20.16,0.6029318181572368,5.992421739636105,0.6029318181572368,0.4761084906565868,0.12682332750065006,0.005260203443412598,2055,4.888123547636387,4.967487256584336,-0.07936370894794847,-0.0028715023831113215,2104,-5.491055365793623,-5.44359574724092,-0.04745961855270278,-0.0023887010603014618,1986
20.17,0.6405802771051254,5.991445086717059,0.6405802771051254,0.5138705477870887,0.12670972931803665,0.0052584262970596166,2055,4.868453511923869,4.947930571892751,-0.07947705996888224,-0.002877768140830324,2103,-5.509033789028993,-5.461801119679838,-0.04723266934915569,-0.0023806581562294043,1985
20.18,0.6782224137842917,5.99040930065385,0.6782224137842917,0.5516275181407754,0.12659489564351636,0.005256597253353882,2056,4.848735426540661,4.928325065725913,-0.07958963918525166,-0.0028840054971356333,2103,-5.526957840324952,-5.479952583866686,-0.04700525645826579,-0.0023725917562182775,1985
20.19,0.715857856682054,5.98931439166927,0.715857856682054,0.5893790290802284,0.1264788276018256,0.005254716330349147,2056,4.828969486096303,4.908670931575035,-0.07970144547873238,-0.002890214390467175,2103,-5.544827342778356,-5.498049960655261,-0.046777382123094624,-0.002364501939882118,1985
20.2,0.7534862343517532,5.98816037056963,0.7534862343517532,0.6271247080219055,0.1263615263298478,0.005252783546599871,2057,4.80915588567266,4.888968363411277,-0.07981247773861663,-0.0028963947595411687,2103,-5.562642120024413,-5.51609307143318,-0.046549048591232045,-0.002356388787058585,1985
20.21,0.7911071754165354,5.986947248744649,0.7911071754165354,0.6648641824398205,0.1262429929767149,0.005250798921193713,2057,4.789294820821952,4.869217555683824,-0.07992273486187297,-0.0029025465433654193,2102,-5.580401996238485,-5.534081738123643,-0.04632025811484313,-0.0023482523778284616,1985
20.22,0.8287203085728577,5.985675038167352,0.8287203085728577,0.7025970798692166,0.12612322870364104,0.005248762473704685,2057,4.769386487564888,4.849418703317973,-0.08003221575308495,-0.002908669681217241,2102,-5.598106796137745,-5.552015783187187,-0.04609101295055768,-0.0023400927924874977,1984
20.23,0.8663252625943236,5.984343751393942,0.8663252625943236,0.7403230279102465,0.1260022346840771,0.00524667422424372,2058,4.74943108238866,4.829572001713202,-0.08014091932454183,-0.0029147641126698546,2102,-5.615756344982983,-5.569895029623447,-0.045861315359536164,-0.0023319101115740126,1984
20.240000000000002,0.9039216663351973,5.982953401563683,0.9039216663351973,0.778041654231645,0.12588001210355232,0.005244534193412761,2058,4.729428802245071,4.80967764674125,-0.08024884449617894,-0.00292082977756917,2102,-5.633350468580268,-5.587719300972894,-0.045631167607374366,-0.0023237044158436766,1984
20.25,0.9415091487341416,5.981504002398768,0.9415091487341416,0.8157525865744035,0.1257565621597381,0.005242342402330023,2059,4.709379844548558,4.789735834744177,-0.08035599019561898,-0.002926866616047371,2102,-5.650888993282698,-5.60548842131858,-0.04540057196411844,-0.0023154757862823587,1984
20.26,0.9790873388178906,5.9799955682041785,0.9790873388178906,0.853455452755445,0.12563188606244557,0.005240098872630673,2059,4.689284407174234,4.769746762532432,-0.08046235535819911,-0.002932874568525057,2101,-5.668371745992122,-5.6232022152878764,-0.04516953070424585,-0.00230722430410526,1984
20.27,1.016655865704879,5.978428113867554,1.016655865704879,0.8911498806712973,0.12550598503358154,0.005237803626456719,2060,4.66914268845595,4.749710627382903,-0.08056793892695421,-0.0029388535757057374,2101,-5.685798554160828,-5.6408605080542005,-0.04493804610662721,-0.0022989500507509175,1983
20.28,1.0542143586089239,5.976801654859034,1.0542143586089239,0.9288354983017667,0.1253788603071573,0.005235456686463216,2060,4.648954887184336,4.7296276270369795,-0.08067273985264396,-0.0029448035785790676,2101,-5.703169245793259,-5.658463125338745,-0.044706120454512756,-0.0022906531078838435,1983
20.29,1.091762446842832,5.975116207231114,1.091762446842832,0.9665119337136064,0.12525051312922547,0.005233058075803986,2060,4.628721202604854,4.70949795969859,-0.08077675709373607,-0.002950724518416695,2101,-5.720483649447684,-5.676009893412195,-0.04447375603548941,-0.0022823335573873447,1983
20.3,1.129299759822173,5.973371787618479,1.129299759822173,1.004178815064192,0.12512094475798113,0.005230607818164137,2061,4.608441834415783,4.689321824032255,-0.08087998961647314,-0.0029566163367866238,2100,-5.737741594237955,-5.693500639096446,-0.0442409551415086,-0.002273991481377546,1983
20.31,1.1668259270687804,5.971568413237851,1.1668259270687804,1.041835770605186,0.12499015646359435,0.005228105937713487,2061,4.58811698276632,4.669099419161124,-0.08098243639480347,-0.0029624789755319032,2100,-5.754942909835099,-5.710935189766307,-0.04400772006879167,-0.002265626962181755,1983
20.32,1.2043405782145753,5.969706101887801,1.2043405782145753,1.079482428686213,0.12485814952836213,0.0052255524591564104,2062,4.567746848254523,4.6488309446650025,-0.08108409641047884,-0.002968312376796927,2100,-5.772087426469097,-5.728313373351214,-0.0437740531178831,-0.0022572400823594506,1982
20.330000000000002,1.241843343005075,5.967784871948594,1.241843343005075,1.1171184177585236,0.12472492524655143,0.00522294740768652,2062,4.54733163192541,4.628516600578396,-0.08118496865298692,-0.002974116483003566,2100,-5.789174974930483,-5.745635018336919,-0.0435399565935647,-0.0022488309246830778,1982
20.34,1.279333851303111,5.9658047423819935,1.279333851303111,1.1547433663786602,0.12459048492445081,0.0052202908090090774,2063,4.52687153526893,4.6081565873885255,-0.08128505211959507,-0.002979891236864695,2099,-5.806205386572039,-5.762899953767184,-0.04330543280485476,-0.0022403995721442275,1982
20.35,1.3168117330925433,5.963765732731078,1.3168117330925433,1.192356903212127,0.1244548298804163,0.005217582689355421,2063,4.50636676021796,4.587751106033351,-0.08138434581539154,-0.0029856365813917198,2099,-5.823178493310501,-5.780108009245478,-0.043070484065023965,-0.0022319461079635984,1982
20.36,1.3542766184817783,5.96166786312005,1.3542766184817783,1.2299586570370529,0.12431796144472522,0.005214823075442892,2063,4.485817509146364,4.567300357899591,-0.08148284875322681,-0.0029913524598748917,2099,-5.8400941276281415,-5.797259014936643,-0.04283511269149841,-0.00222347061556797,1982
20.37,1.391728137707532,5.959511154254036,1.391728137707532,1.2675482567478544,0.12417988095967761,0.0052120119945108755,2064,4.465223984866952,4.5468045448207315,-0.08158055995377868,-0.0029970388159017126,2099,-5.8569521225744845,-5.814352801568585,-0.04259932100589855,-0.0022149731786092466,1981
20.38,1.42916592113843,5.957295627418881,1.42916592113843,1.3051253313588997,0.1240405897795302,0.005209149474302916,2064,4.444586390629493,4.526263869075034,-0.08167747844554113,-0.003002695593349826,2099,-5.873752311767922,-5.831389200433933,-0.042363111333988276,-0.002206453880952814,1981
20.39,1.4665895992786746,5.955021304480942,1.4665895992786746,1.3426895100081717,0.12390008927050297,0.005206235543072715,2065,4.423904930118706,4.505678533383544,-0.08177360326483872,-0.0030083227363898457,2098,-5.89049452939738,-5.848368043391716,-0.042126486005663856,-0.0021979128066829156,1981
20.400000000000002,1.5039988027716606,5.952688207886867,1.5039988027716606,1.3802404219609241,0.12375838081073662,0.0052032702295754674,2065,4.403179807452261,4.485048740908084,-0.0818689334558233,-0.0030139201894815973,2098,-5.90717861022392,-5.865289162869009,-0.04188944735491252,-0.00218935004009366,1981
20.41,1.541393162403631,5.950296360663377,1.541393162403631,1.4177776966133426,0.12361546579028838,0.0052002535630717,2066,4.382411227178762,4.464374695249252,-0.08196346807049001,-0.0030194878973777493,2098,-5.923804389582393,-5.882152391862594,-0.041651997719798176,-0.0021807656656940453,1981
20.42,1.5787723091073949,5.947845786417039,1.5787723091073949,1.4553009634962037,0.12347134561119114,0.005197185573346716,2066,4.361599394275691,4.443656600444411,-0.08205720616872017,-0.0030250258051327163,2098,-5.940371703383085,-5.898957563940614,-0.04141413944247017,-0.0021721597682138657,1980
20.43,1.6161358739658234,5.945336509334032,1.6161358739658234,1.492809852278529,0.12332602168729442,0.005194066290667029,2066,4.340744514147459,4.422894660965677,-0.08215014681821765,-0.0030305338580825848,2097,-5.956880388113283,-5.915704513244204,-0.041175874869077374,-0.00216353243258464,1980
20.44,1.653483488215657,5.942768554179907,1.653483488215657,1.5303039927712425,0.1231794954444149,0.005190895745830383,2067,4.319846792623291,4.402089081717896,-0.08224228909460514,-0.003036012001871098,2097,-5.973330280838947,-5.932393074489137,-0.040937206349810365,-0.0021548837439594633,1980
20.45,1.6908147832509899,5.940141946299346,1.6908147832509899,1.5677830149308218,0.12303176832016784,0.0051876739701181805,2067,4.298906435955278,4.381240068036627,-0.08233363208134853,-0.003041460182425191,2097,-5.989721219206266,-5.9490230829674475,-0.040698136238819516,-0.002146213787692963,1980
20.46,1.7281293906270214,5.937456711615906,1.7281293906270214,1.6052465488629533,0.12288284176406837,0.005184400995331103,2068,4.27792365081628,4.360347825686112,-0.08242417486983253,-0.0030468783459754595,2097,-6.006053041443301,-5.965594374549064,-0.04045866689423723,-0.0021375226493560544,1980
20.47,1.765426942063642,5.934712876631771,1.765426942063642,1.6426942248261784,0.12273271723746351,0.005181076853771463,2068,4.256898644297917,4.339412560857251,-0.0825139165593344,-0.0030522664390455314,2096,-6.022325586361558,-5.982106785683428,-0.04021880067812948,-0.002128810414725982,1979
20.48,1.8027070694490863,5.9319104684274855,1.8027070694490863,1.6801256732355492,0.12258139621353724,0.005177701578248834,2069,4.235831623908509,4.318434480165556,-0.0826028562570478,-0.0030576244084581723,2096,-6.0385386933575935,-5.998560153401104,-0.039978539956490235,-0.002120077169790696,1979
20.490000000000002,1.839969404843527,5.929049514661683,1.839969404843527,1.7175405246662685,0.12242888017725859,0.005174275202069086,2069,4.214722797571051,4.297413790649124,-0.08269099307807244,-0.003062952201328995,2096,-6.054692202414576,-6.01495431531539,-0.03973788709918655,-0.0021113230007399784,1979
20.5,1.8772135804827672,5.926130043570827,1.8772135804827672,1.754938409857341,0.12227517062542619,0.005170797759052314,2069,4.193572373621135,4.276350699766583,-0.08277832614544749,-0.003068249765075521,2096,-6.070785954103902,-6.031289109623922,-0.03949684447998009,-0.002102547993977106,1979
20.51,1.9144392287818408,5.9231520839689145,1.9144392287818408,1.7923189597152183,0.12212026906662264,0.005167269283521298,2070,4.172380560804899,4.255245415395053,-0.08286485459015476,-0.003073517047414438,2095,-6.086819789586738,-6.0475643751102695,-0.03925541447646828,-0.002093752236106837,1979
20.52,1.9516459823385954,5.92011566524721,1.9516459823385954,1.8296818053174366,0.12196417702115885,0.005163689810291175,2070,4.151147568276998,4.234098145828091,-0.08295057755109328,-0.003078753996353547,2095,-6.102793550615592,-6.063779951145526,-0.03901359947006677,-0.002084935813937763,1979
20.53,1.9888334739374371,5.917020817373933,1.9888334739374371,1.8670265779162636,0.12180689602117341,0.005160059374701758,2071,4.129873605598473,4.212909099773633,-0.08303549417516033,-0.003083960560213534,2095,-6.118707079535907,-6.079935677689895,-0.038771401846013485,-0.0020760988144881273,1978
20.54,2.0260013365528047,5.913867570893988,2.0260013365528047,1.904352908942334,0.12164842761047061,0.005156378012573289,2071,4.108558882734762,4.191678486351935,-0.08311960361717363,-0.003089136687601216,2095,-6.1345602192875655,-6.096031395294268,-0.038528823993296976,-0.0020672413249721083,1978
20.55,2.0631492033529106,5.910655956928644,2.0631492033529106,1.9416604300082898,0.12148877334462074,0.005152645760242507,2071,4.087203610053573,4.170406515093515,-0.08320290503994279,-0.00309428232743153,2094,-6.150352813406481,-6.1120669451018035,-0.03828586830467716,-0.0020583634328107175,1978
20.56,2.1002767077033058,5.9073860071752335,2.1002767077033058,1.9789487729124138,0.12132793479089225,0.005148862654544277,2072,4.065807998322822,4.149093395937077,-0.08328539761425427,-0.0030993974289188968,2094,-6.166084706026126,-6.128042168849489,-0.03804253717663758,-0.0020494652256250103,1978
20.57,2.137383483170523,5.904057753906839,2.137383483170523,2.016217569642266,0.12116591352825716,0.005145028732818323,2072,4.044372258708556,4.127739339227439,-0.08336708051888327,-0.003104481941580243,2094,-6.181755741879078,-6.143956908869704,-0.03779883300937429,-0.0020405467912382137,1978
20.580000000000002,2.1744691635256475,5.900671229971977,2.1744691635256475,2.053466452378313,0.12100271114733517,0.00514114403289717,2073,4.022896602772878,4.106344555713467,-0.08344795294058822,-0.003109535815229893,2094,-6.197365766298525,-6.159811008091777,-0.037554758206747335,-0.0020316082176673692,1978
20.59,2.2115333827479966,5.897226468794275,2.2115333827479966,2.090695053497559,0.1208383292504376,0.005137208593124127,2073,4.001381242471845,4.084909256545983,-0.08352801407413854,-0.0031145589999880163,2094,-6.212914625219841,-6.175604310043542,-0.03731031517629905,-0.0020226495931361796,1977
20.6,2.248575775028701,5.893723504372131,2.248575775028701,2.127903005577178,0.12067276945152262,0.005133222452342398,2074,3.9798263901533626,4.063433653275689,-0.08360726312232661,-0.003119551446280444,2093,-6.228402165182063,-6.191336658852867,-0.03706550632919681,-0.002013671006062005,1977
20.61,2.2855959747742713,5.890162371278395,2.2855959747742713,2.1650899413981333,0.12050603337613837,0.005129185649884117,2074,3.9582322585551433,4.041917957851075,-0.08368569929593199,-0.0031245131048274464,2093,-6.243828233329415,-6.207007899249207,-0.036820334080206775,-0.0020046725450568,1977
20.62,2.3225936166103236,5.886543104660003,2.3225936166103236,2.202255493948807,0.12033812266151706,0.005125098225602484,2074,3.936599060802522,4.020362382616328,-0.08376332181380644,-0.0031294439266662923,2093,-6.2591926774128455,-6.222617876565134,-0.03657480084771062,-0.001995654298936192,1977
20.63,2.3595683353850387,5.8828657402376665,2.3595683353850387,2.23939929642862,0.12016903895641892,0.005120960219828415,2075,3.914927010406447,3.9987671403092384,-0.08384012990279134,-0.0031343438631249755,2093,-6.274495345791485,-6.238166436737858,-0.03632890905362678,-0.0019866163567031515,1977
20.64,2.3965197661728803,5.879130314305482,2.3965197661728803,2.2765209822516543,0.11999878392122627,0.005116771673405242,2075,3.8932163212612996,3.977132444059096,-0.0839161227977963,-0.0031392128658451314,2092,-6.289736087434179,-6.25365342631075,-0.03608266112342957,-0.001977558807560005,1976
20.650000000000002,2.4334475442781542,5.875336863730593,2.4334475442781542,2.3136201850502682,0.11982735922788632,0.005112532627674013,2076,3.8714672076428074,3.955458507384591,-0.0839912997417833,-0.0031440508867728763,2092,-6.304914751920962,-6.269078692434857,-0.03583605948610381,-0.0019684817409012624,1976
20.66,2.470351305238578,5.871485425952834,2.470351305238578,2.3506965386787138,0.1196547665598643,0.005108243124465614,2076,3.849679884205961,3.9337455441917037,-0.08406565998574286,-0.0031488578781532868,2092,-6.3200311894445385,-6.2844420828704175,-0.035589106574121045,-0.0019593852463123127,1976
20.67,2.50723068482894,5.867576038984329,2.50723068482894,2.3877496772167497,0.1194810076121903,0.005103903206118737,2077,3.827854565982831,3.9119937687715964,-0.08413920278876555,-0.003153633792547356,2092,-6.335085250811772,-6.299743445988346,-0.035341804823424354,-0.001950269413571376,1976
20.68,2.544085319064653,5.863608741409162,2.544085319064653,2.4247792349732546,0.1193060840913981,0.005099512915466104,2077,3.8059914683805083,3.8902033957984954,-0.08421192741798718,-0.003158378582815061,2091,-6.350076787445161,-6.31498263077175,-0.035094156673410926,-0.0019411343326509413,1976
20.69,2.580914844205366,5.859583572382947,2.580914844205366,2.4617848464898353,0.11912999771553069,0.005095072295839791,2077,3.784090807178923,3.8683746403275716,-0.08428383314864837,-0.0031630922021312876,2091,-6.365005651384288,-6.330159486817406,-0.03484616456688193,-0.0019319800937084306,1976
20.7,2.6177188967585034,5.855500571632486,2.6177188967585034,2.4987661465444315,0.11895275021407195,0.005090581391057673,2078,3.762152798528785,3.8465077177928224,-0.08435491926403739,-0.0031677746039666752,2091,-6.379871695287288,-6.345273864337253,-0.03459783095003536,-0.0019228067870911492,1975
20.71,2.6544971134829667,5.851359779455341,2.6544971134829667,2.535722770154925,0.11877434332804199,0.005086040245454631,2078,3.7401776589493525,3.8246028440049398,-0.08442518505558706,-0.0031724257421161146,2091,-6.394674772432319,-6.360325614159864,-0.034349158272454924,-0.0019136145033386166,1975
20.72,2.691249131392562,5.847161236719465,2.691249131392562,2.572654352582736,0.11859477880982625,0.005081448903836874,2079,3.718165605326412,3.802660235149186,-0.08449462982277386,-0.0031770455706651443,2090,-6.409414736718975,-6.375314587731922,-0.034100148987051986,-0.0019044033331717001,1975
20.73,2.7279745877597534,5.842904984862773,2.7279745877597534,2.6095605293364312,0.1184140584233226,0.0050768074115309265,2079,3.6961168549100165,3.7806801077832555,-0.08456325287323876,-0.003181634044026045,2090,-6.424091442669769,-6.390240637119685,-0.03385080555008303,-0.00189517336750467,1975
20.740000000000002,2.7646731201190917,5.838591065892757,2.7646731201190917,2.646440936175312,0.11823218394377949,0.005072115814338479,2079,3.6740316253124456,3.7586626788351403,-0.08463105352269416,-0.0031861911169070592,2090,-6.438704745431537,-6.405103615010452,-0.03360113042108533,-0.0018859246974314708,1975
20.75,2.8013443662708566,5.83421952238606,2.8013443662708566,2.683295209113016,0.11804915715784091,0.005067374158557897,2080,3.651910134506015,3.7366081656009866,-0.08469803109497082,-0.0031907167443273547,2090,-6.453254500776871,-6.419903374714002,-0.03335112606286891,-0.0018766574142301913,1975
20.76,2.837987964284696,5.829790397488042,2.837987964284696,2.720122984421105,0.11786497986359135,0.005062582490999336,2080,3.6297526008208782,3.7145167857429526,-0.08476418492207513,-0.003195210881629349,2089,-6.467740565105573,-6.434639770164058,-0.03310079494151501,-0.0018673716093699283,1974
20.77,2.8746035525030598,5.825303734912387,2.8746035525030598,2.7569238986326585,0.11767965387040097,0.005057740858943957,2081,3.60755924294297,3.6923887572870604,-0.0848295143440905,-0.003199673484449551,2089,-6.482162795446029,-6.4493126559197185,-0.03285013952631007,-0.001858067374494463,1974
20.78,2.911190769544895,5.820759578940634,2.911190769544895,2.7936975885458604,0.11749318099903444,0.005052849310182319,2081,3.585330279911755,3.67022429862104,-0.08489401870928472,-0.00320410450874875,2089,-6.496521049456649,-6.463921887166901,-0.03259916228974893,-0.0018487448014335023,1974
20.79,2.947749254309109,5.8161579744217775,2.947749254309109,2.830443691227579,0.11730556308152977,0.005047907892982774,2082,3.5630659311181496,3.6480236284921803,-0.08495769737403078,-0.0032085039107873654,2089,-6.510815185427258,-6.478467319719759,-0.03234786570749821,-0.0018394039821953536,1974
20.8,2.9842786459782586,5.811498966771786,2.9842786459782586,2.8671618440169566,0.11711680196130189,0.005042916656126666,2082,3.5407664163022554,3.625786966005164,-0.08502054970290832,-0.0032128716471535503,2088,-6.525045062280514,-6.49294881002212,-0.03209625225839398,-0.0018300450089732646,1974
20.81,3.020778584021954,5.806782601973195,3.020778584021954,2.903851684528981,0.11692689949297237,0.005037875648862546,2082,3.5184319555513133,3.6035145306199086,-0.08508257506859468,-0.0032172076747293376,2088,-6.539210539573268,-6.507366215148889,-0.0318443244243781,-0.0018206679741334005,1974
20.82,3.0572487082005826,5.80200892657461,3.0572487082005826,2.94051285065807,0.11673585754251224,0.005032784920954629,2083,3.496062769297404,3.581206542149399,-0.0851437728519949,-0.003221511950728626,2088,-6.553311477497986,-6.521719392807469,-0.031592084690516546,-0.0018112729702259378,1973
20.830000000000002,3.0936886585687233,5.7971779876902865,3.0936886585687233,2.9771449805816403,0.11654367798708287,0.005027644522638337,2083,3.47365907831538,3.5588632207575195,-0.08520414244213993,-0.0032257844326636902,2088,-6.567347736884101,-6.536008201339159,-0.03133953554494214,-0.0018018600899745068,1973
20.84,3.130098075478755,5.792289832999645,3.130098075478755,3.013747712763676,0.11635036271507934,0.0050224545046420425,2084,3.4512211037206395,3.5364847869568816,-0.08526368323624231,-0.003230025078363545,2087,-6.581319179199395,-6.5502324997205585,-0.031086679478836258,-0.001792429426278403,1973
20.85,3.1664765995844744,5.787344510746786,3.1664765995844744,3.0503206859583045,0.11615591362617028,0.005017214918200398,2084,3.428749066966904,3.5140714616066435,-0.08532239463973944,-0.003234233845983033,2087,-6.595225666551379,-6.564392147564948,-0.030833518986430438,-0.0017829810722174875,1973
20.86,3.2028238718445046,5.78234206974006,3.2028238718445046,3.086863539213356,0.11596033263114901,0.005011925815015791,2084,3.4062431898441305,3.4916234659103336,-0.08538027606620306,-0.0032384106939741648,2087,-6.609067061688636,-6.578487005123689,-0.030580056564945928,-0.0017735151210417051,1973
20.87,3.239139533525952,5.777282559351526,3.239139533525952,3.123375911873926,0.11576362165202593,0.005006587247292554,2085,3.3837036944762247,3.4691410214136673,-0.08543732693744255,-0.003242555581117919,2086,-6.622843228002176,-6.592516933287593,-0.030326294714582577,-0.0017640316661744846,1973
20.88,3.2754232262078955,5.772166029516518,3.2754232262078955,3.159857443585939,0.11556578262195691,0.005001199267719117,2085,3.3611308033189147,3.4466243500023594,-0.08549354668344444,-0.0032466684665024993,2086,-6.63655402952681,-6.606481793588299,-0.030072235938511663,-0.0017545308012165148,1973
20.89,3.3116745917849504,5.766992530733111,3.3116745917849504,3.1963077742997017,0.11536681748524875,0.004995761929475118,2086,3.33852473915751,3.4240736738999336,-0.08554893474242375,-0.0032507493095388024,2086,-6.65019933094246,-6.620381448199636,-0.029817882742824212,-0.0017450126199362375,1972
20.900000000000002,3.3478932724707606,5.761762114061656,3.3478932724707606,3.232726544273457,0.11516672819730339,0.004990275286220183,2086,3.3158857251047476,3.4014892156655314,-0.08560349056078391,-0.0032547980699462195,2086,-6.663778997575507,-6.634215759938988,-0.029563237636518278,-0.0017354772162737177,1972
20.91,3.38407891080155,5.756474831124257,3.38407891080155,3.2691133940769346,0.11496551672461558,0.0049847393920999,2086,3.2932139845985686,3.378871198191714,-0.08565721359314526,-0.0032588147077620556,2085,-6.677292895400119,-6.6479845922686485,-0.02930830313147031,-0.0017259246843381515,1972
20.92,3.420231149639718,5.751130734104252,3.420231149639718,3.3054679645948983,0.11476318504482003,0.004979154301762998,2087,3.2705097413998723,3.356219844702262,-0.08571010330238964,-0.0032627991833508317,2085,-6.6907408910395905,-6.6616878092971605,-0.02905308174242961,-0.0017163551184120806,1972
20.93,3.4563496321772225,5.7457298757457345,3.4563496321772225,3.341789897030691,0.11455973514653114,0.004973520070318751,2087,3.2477732195904023,3.333535378749975,-0.0857621591595729,-0.0032667514573784407,2085,-6.7041228517676235,-6.675325275780667,-0.028797575986957865,-0.0017067686129402402,1972
20.94,3.4924340019392623,5.7402723093529815,3.4924340019392623,3.378078832909776,0.1143551690294861,0.0049678367533866966,2088,3.225004643570417,3.31081802421446,-0.08581338064404301,-0.0032706714908462067,2085,-6.71743864550968,-6.688896857124236,-0.0285417883854435,-0.0016971652625406381,1972
20.95,3.528483902787645,5.734758088789983,3.528483902787645,3.414334414083275,0.11414948870436993,0.004962104407047984,2088,3.2022042380565985,3.288068005299928,-0.08586376724332913,-0.0032745592450560013,2084,-6.730688140844244,-6.702402419383203,-0.02828572146104041,-0.0016875451619920738,1971
20.96,3.5644989789244153,5.7291872684798575,3.5644989789244153,3.4505562827315015,0.11394269619291338,0.0049563230878821255,2089,3.1793722280797265,3.2652855465329758,-0.08591331845324934,-0.0032784146816420444,2084,-6.743871207004142,-6.715841829264477,-0.028029377739664827,-0.0016779084062402338,1971
20.97,3.6004788748953076,5.723559903404364,3.6004788748953076,3.4867440813674926,0.11373479352781486,0.0049504928529469925,2089,3.156508838982534,3.242470872760375,-0.08596203377784026,-0.003282237762548534,2084,-6.756987713877841,-6.729214954127867,-0.027772759749973803,-0.001668255090398276,1971
20.98,3.6364232355932886,5.717876049103312,3.6364232355932886,3.5228974528405415,0.11352578275274779,0.0049446137597871104,2089,3.133614296417423,3.219624209146846,-0.08600991272942347,-0.0032860284500480707,2084,-6.770037532010711,-6.742521661987387,-0.027515870023324698,-0.0016585853097392028,1971
20.990000000000002,3.6723317062620078,5.71213576167406,3.6723317062620078,3.559016040339713,0.11331566592229438,0.004938685866419804,2090,3.1106888263443064,3.196745781172845,-0.08605695482853871,-0.003289786706720651,2083,-6.783020532606313,-6.755761821512558,-0.027258711093756067,-0.0016488991596992587,1971
21.0,3.708203932499366,5.706339097770922,3.708203932499366,3.595099487397377,0.11310444510198918,0.004932709231354139,2090,3.0877326550283097,3.173835814632331,-0.08610315960402058,-0.003293512495476856,2083,-6.795936587527675,-6.768935302029707,-0.027001285497967806,-0.0016391967358770666,1971
21.01,3.744039560260983,5.700486114604628,3.744039560260983,3.6311474378927167,0.11289212236826604,0.004926683913578405,2091,3.0647460090375684,3.150894535630538,-0.08614852659296955,-0.0032972057795458117,2083,-6.80878556929855,-6.782041973523254,-0.02674359577529568,-0.001629478134032543,1971
21.02,3.77983823586365,5.694576869941769,3.77983823586365,3.667159536055248,0.11267869980840213,0.004920609972551801,2091,3.041729115241021,3.1279221705817504,-0.08619305534072974,-0.0033008665224695715,2083,-6.8215673511046715,-6.795081706636998,-0.02648564446767319,-0.0016197434500823896,1970
21.03,3.8155996059889317,5.68861142210419,3.8155996059889317,3.7031354264683314,0.11246417952059985,0.004914487468232019,2091,3.0186822008060856,3.1049189462070585,-0.0862367454009727,-0.0033044946881264094,2082,-6.834281806795017,-6.80805437267539,-0.02622743411962677,-0.001609992780105627,1970
21.04,3.8513233176865125,5.682589829968467,3.8513233176865125,3.7390747540726776,0.11224856361383492,0.004908316461036497,2092,2.995605493196532,3.0818850895321277,-0.08627959633559648,-0.003308090240699113,2082,-6.8469288108830435,-6.820959843604806,-0.025968967278237647,-0.0016002262203372013,1970
21.05,3.8870090183777886,5.676512152965271,3.8870090183777886,3.774977164169853,0.11203185420793509,0.00490209701187236,2092,2.972499220170129,3.058820827884956,-0.08632160771482747,-0.003311653144705702,2082,-6.8595082385479165,-6.8337979920548095,-0.025710246493107623,-0.0015904438671666271,1970
21.06,3.9226563558593037,5.670378451078832,3.9226563558593037,3.8108423024257796,0.11181405343352373,0.004895829182123359,2093,2.949363609776475,3.0357263888936297,-0.08636277911715468,-0.00331518336497787,2082,-6.872019965635777,-6.846568691319408,-0.025451274316368643,-0.0015806458171454627,1970
21.07,3.958264978306236,5.6641887848462975,3.958264978306236,3.8466698148742346,0.11159516343200152,0.00488951303365189,2093,2.9261988903546867,3.0126020004840766,-0.0864031101293895,-0.0033186808666782162,2081,-6.884463868660922,-6.85927181535831,-0.02519205330261201,-0.0015708321669735533,1970
21.080000000000002,3.9938345342758392,5.657943215357186,3.9938345342758392,3.882459347920339,0.11137518635549952,0.004883148628788931,2093,2.9030052905312145,2.9894478908778175,-0.08644260034660277,-0.003322145615280836,2081,-6.896839824807053,-6.871907238798155,-0.024932586008897143,-0.001561003013508309,1970
21.09,4.029364672710965,5.651641804252744,4.029364672710965,3.918210548344054,0.11115412436691102,0.0048767360303520225,2094,2.8797830392175148,2.9662642885897132,-0.08648124937219842,-0.003325577576592763,2081,-6.90914771192848,-6.884474836933767,-0.024672874994713396,-0.0015511584537595,1969
21.1,4.064855042943502,5.64528461372535,4.064855042943502,3.953923063303661,0.1109319796398406,0.004870275301632341,2094,2.8565323656078245,2.9430514224257096,-0.08651905681788477,-0.0033289767167432958,2080,-6.921387408551328,-6.89697448572937,-0.02441292282195781,-0.0015412985848894953,1969
21.11,4.100305294697793,5.638871706517919,4.100305294697793,3.9895965403392464,0.11070875435854612,0.004863766506385555,2095,2.8332534991769323,2.919809521480581,-0.08655602230364838,-0.003332343002176822,2080,-6.933558793874726,-6.909406061819827,-0.02415273205489853,-0.00153142350420886,1969
21.12,4.135715078094205,5.632403145923242,4.135715078094205,4.025230627376182,0.11048445071802297,0.004857209708862439,2095,2.8099466696778173,2.8965388151356626,-0.08659214545784578,-0.0033356763996788335,2080,-6.9456617477720215,-6.921769442511845,-0.023892305260177184,-0.0015215333091835028,1969
21.13,4.171084043652443,5.625878995783416,4.171084043652443,4.060824972728598,0.1102590709238443,0.004850604973765806,2095,2.7866121071395042,2.873239533056596,-0.08662742591709226,-0.0033389768763410904,2080,-6.957696150791947,-6.934064505785195,-0.023631645006752442,-0.0015116280974247541,1969
21.14,4.206411842295104,5.619299320489152,4.206411842295104,4.096379225102854,0.11003261719225003,0.004843952366284144,2096,2.7632500418646893,2.8499119051910546,-0.08666186332636554,-0.003342244399593476,2079,-6.969661884159794,-6.946291130293909,-0.0233707538658833,-0.0015017079666904062,1969
21.150000000000002,4.241698125351089,5.612664184979203,4.241698125351089,4.131893033601008,0.10980509175008167,0.004837251952078119,2096,2.7398607044275285,2.826556161766479,-0.08669545733895058,-0.0033454789371853587,2079,-6.981558829778617,-6.958449195367487,-0.02310963441113069,-0.00149177301489249,1969
21.16,4.2769425445590095,5.605973654739672,4.2769425445590095,4.167366047724274,0.10957649683473619,0.004830503797271448,2097,2.7164443256713455,2.803172533287801,-0.08672820761645506,-0.0033486804571904684,2079,-6.993386870230355,-6.970538581012075,-0.022848289218280336,-0.0014818233400807936,1968
21.17,4.3121447520706875,5.599227795803391,4.3121447520706875,4.202797917376488,0.10934683469419942,0.004823707968468828,2097,2.6930011367063416,2.7797612505351723,-0.08676011382883042,-0.0033518489280125055,2079,-7.005145888777028,-6.982559167911661,-0.02258672086536821,-0.0014718590404560966,1968
21.18,4.347304400454545,5.592426674749266,4.347304400454545,4.238188292867562,0.10911610758698324,0.004816864532741511,2097,2.6695313689073275,2.7563225445616837,-0.0867911756543568,-0.0033549843183791105,2078,-7.016835769361872,-6.994510837429246,-0.022324931932626448,-0.001461880214362438,1968
21.19,4.38242114269906,5.585570358701611,4.38242114269906,4.273536824916932,0.10888431778212718,0.004809973557633169,2098,2.6460352539114265,2.7328566466910877,-0.0868213927796613,-0.0033580865973468006,2078,-7.028456396610486,-7.0063934716080185,-0.02206292500246667,-0.0014518869602865797,1968
21.2,4.417494632216128,5.57865891532951,4.417494632216128,4.308843164657007,0.10865146755912124,0.004803035111145654,2098,2.6225130236158343,2.709363788515512,-0.08685076489967784,-0.003361155734289709,2078,-7.040007655831963,-7.018206953172518,-0.021800702659444185,-0.0014418793768561835,1968
21.21,4.452524522844612,5.571692412846102,4.452524522844612,4.344106963636613,0.10841755920799978,0.0047960492617703816,2099,2.5989649101754337,2.6858442018931763,-0.08687929171774336,-0.0033641916989263993,2078,-7.051489433020046,-7.0299511655297895,-0.02153826749025641,-0.0014318575628440465,1968
21.22,4.487510468853594,5.564670920007969,4.487510468853594,4.3793278738244314,0.1081825950291626,0.0047890160784421565,2099,2.57539114600063,2.662298118946104,-0.08690697294547418,-0.0033671944612824207,2077,-7.062901614854224,-7.041625992770535,-0.021275622083688793,-0.0014218216171596855,1968
21.23,4.522452124945948,5.557594506114398,4.522452124945948,4.414505547612435,0.10794657733351404,0.004781935630586534,2099,2.551791963754928,2.6387257720578288,-0.08693380830290122,-0.0033701639917307373,2077,-7.074244088700875,-7.053231319670262,-0.02101276903061243,-0.0014117716388556655,1968
21.240000000000002,4.557349146261617,5.550463241006748,4.557349146261617,4.449639637819316,0.10770950844230084,0.0047748079880773255,2100,2.5281675963527457,2.615127393871103,-0.08695979751835733,-0.0033731002609567505,2077,-7.085516742614361,-7.064767031690419,-0.020749710923943513,-0.001401707727120582,1967
21.25,4.59220118838108,5.54327719506772,4.59220118838108,4.484729797693918,0.10747139068716222,0.004767633221258571,2100,2.504518276957055,2.5915032172856014,-0.0869849403285467,-0.0033760032399798674,2076,-7.096719465338134,-7.076233014979518,-0.020486450358615505,-0.0013916299812786132,1967
21.26,4.627007907328759,5.536036439220689,4.627007907328759,4.519775680918648,0.10723222641011071,0.0047604114009448025,2101,2.4808442389770855,2.5678534754556246,-0.08700923647853911,-0.003378872900150132,2076,-7.107852146305842,-7.0876291563742715,-0.02022298993157277,-0.0013815385007948993,1967
21.27,4.66176895957639,5.528741044928992,4.66176895957639,4.554776941612906,0.10699201796348456,0.0047531425984123285,2101,2.457145716066035,2.544178401787792,-0.08703268572175692,-0.003381709213144302,2076,-7.118914675642427,-7.098955343400697,-0.019959332241729234,-0.0013714333852684725,1967
21.28,4.696484002046435,5.521391084195219,4.696484002046435,4.589733234336493,0.10675076770994134,0.004745826885402782,2101,2.433422942118748,2.5204782299387447,-0.08705528781999682,-0.003384512150971039,2076,-7.129906944165182,-7.110211464275237,-0.019695479889943728,-0.0013613147344315752,1967
21.29,4.731152692115406,5.51398662956053,4.731152692115406,4.62464421409302,0.10650847802238556,0.004738464334110658,2102,2.4096761512694527,2.4967531938128364,-0.08707704254338383,-0.0033872816859584695,2075,-7.140828843384858,-7.121397407905856,-0.019431435479002508,-0.0013511826481521745,1967
21.3,4.765774687617368,5.506527754103884,4.765774687617368,4.6595095363333145,0.10626515128405292,0.004731055017211718,2102,2.385905577889352,2.4730035275598237,-0.08709794967047146,-0.003390017790782423,2075,-7.15168026550672,-7.132513063893136,-0.01916720161358266,-0.0013410372264293828,1967
21.31,4.800349646847166,5.49901453144139,4.800349646847166,4.694328856958821,0.10602078988834504,0.004723599007821409,2103,2.362111456584444,2.4492294655725573,-0.08711800898811323,-0.0033927204384275947,2075,-7.1624611034316095,-7.143558322531376,-0.018902780900233028,-0.0013308785693938773,1967
21.32,4.834877228563949,5.491447035725503,4.834877228563949,4.729101832324996,0.1057753962389534,0.004716096379538175,2103,2.3382940221930646,2.4254312424846676,-0.08713722029160263,-0.0033953896022297465,2075,-7.173171250757014,-7.154533074809661,-0.018638175947352748,-0.001320706777308672,1966
21.330000000000002,4.869357091994404,5.483825341644366,4.869357091994404,4.7638281192447005,0.10552897274970273,0.004708547206401876,2103,2.314453509783699,2.4016090931682488,-0.08715558338454965,-0.0033980252558374674,2074,-7.183810601778101,-7.165437212412949,-0.01837338936515308,-0.0013105219505644842,1966
21.34,4.903788896836181,5.476149524421015,4.903788896836181,4.79850737499159,0.10528152184459152,0.004700951562915376,2104,2.290590154652583,2.3777632527315418,-0.08717309807895879,-0.0034006273732368527,2074,-7.194379051488763,-7.17627062772313,-0.018108423765633534,-0.0013003241896783913,1966
21.35,4.938172303261306,5.468419659812671,4.938172303261306,4.833139257303487,0.10503304595781837,0.0046933095240552026,2104,2.2667041923213804,2.3538939565166137,-0.08718976419523329,-0.0034031959287509853,2074,-7.204876495582686,-7.1870332138201,-0.017843281762585088,-0.0012901135953042346,1966
21.36,4.972506971919407,5.460635824109974,4.972506971919407,4.867723424385773,0.10478354753363398,0.004685621165235248,2105,2.2427958585349095,2.3300014400970332,-0.08720558156212374,-0.0034057308970243346,2074,-7.215302830454316,-7.197724864482806,-0.01757796597150985,-0.0012798902682107406,1966
21.37,5.006792563941179,5.4527980941362415,5.006792563941179,4.902259534914752,0.10453302902642626,0.0046778865623393106,2105,2.218865389258768,2.3060859392755484,-0.08722055001678054,-0.003408232253039017,2073,-7.2256579531999465,-7.208345474190303,-0.017312479009644915,-0.0012696543093001812,1966
21.38,5.041028740941669,5.4449065472467035,5.041028740941669,4.936747248041024,0.10428149290064484,0.004670105791704341,2105,2.194913020677027,2.2821476900817568,-0.08723466940472978,-0.0034106999721068214,2073,-7.235941761618696,-7.218894938122782,-0.017046823495914673,-0.0012594058195973465,1966
21.39,5.075215165023639,5.4369612613277365,5.075215165023639,4.971186223392843,0.10402894163079625,0.004662278930124489,2106,2.1709389891898856,2.2581869287697764,-0.08724793957989091,-0.003413134029874132,2073,-7.246154154213525,-7.22937315216262,-0.016781002050905342,-0.0012491449002502413,1966
21.400000000000002,5.10935149878088,5.428962314796115,5.10935149878088,5.005576121079486,0.10377537770139462,0.00465440605484461,2106,2.146943531411367,2.234203891815916,-0.08726036040454872,-0.003415534402313387,2072,-7.256295030192248,-7.2397800128954035,-0.01651501729684591,-0.0012388716525314307,1965
21.41,5.143437405301537,5.420909786598207,5.143437405301537,5.039916601694596,0.10352080360694106,0.0046464872435613026,2107,2.122926884166961,2.21019881591634,-0.08727193174937867,-0.003417901065732046,2072,-7.266364289468498,-7.250115417610938,-0.0162488718575604,-0.001228586177828916,1965
21.42,5.177472548171512,5.412803756209216,5.177472548171512,5.074207326319544,0.1032652218519673,0.004638522574440357,2107,2.0988892844912583,2.1861719379847306,-0.08728265349347239,-0.0034202339967776343,2072,-7.276361832662771,-7.2603792643042775,-0.01598256835849333,-0.0012182885776624896,1965
21.43,5.211456591477648,5.404644303632388,5.211456591477648,5.1084479565267635,0.10300863495088394,0.004630512126078265,2107,2.0748309696256824,2.1621234951499537,-0.08729252552427122,-0.0034225331724188858,2072,-7.286287561103331,-7.270571451676719,-0.01571610942661113,-0.0012079789536589194,1965
21.44,5.2453891998111954,5.3964315093982265,5.2453891998111954,5.142638154383097,0.1027510454280972,0.004622455977545457,2108,2.050752177016071,2.1380537247537132,-0.0873015477376422,-0.0034247985699684593,2071,-7.296141376827264,-7.280691879136812,-0.015449497690452991,-0.0011976574075765745,1965
21.45,5.279270038270979,5.388165454563694,5.279270038270979,5.176777582453131,0.1024924558178484,0.004614354208342935,2108,2.026653144310399,2.1139628643482125,-0.0873097200378137,-0.003427030167063173,2071,-7.3059231825813775,-7.290740446801345,-0.015182735780033896,-0.0011873240412800436,1965
21.46,5.313098772466815,5.379846220711417,5.313098772466815,5.21086590380252,0.10223286866429504,0.004606206898435271,2108,2.002534109356385,2.089851151693809,-0.0873170423374238,-0.003429227941679135,2071,-7.315632881823198,-7.30071705549633,-0.014915826326868453,-0.0011769789567558269,1965
21.47,5.34687506852275,5.371473889948871,5.34687506852275,5.244902782001319,0.1019722865214289,0.004598014128231531,2109,1.9783953101991676,2.0657188247566665,-0.08732351455749854,-0.0034313918721245638,2071,-7.325270378721917,-7.310621606757989,-0.014648771963927965,-0.001166622256106838,1965
21.48,5.380598593080389,5.3630485449075795,5.380598593080389,5.278887881127307,0.10171071195308158,0.004589775978593495,2109,1.9542369850789403,2.0415661217064067,-0.0873291366274666,-0.003433521937043971,2070,-7.33483557815933,-7.320454002833716,-0.014381575325613398,-0.0011562540415495162,1965
21.490000000000002,5.41426901330214,5.35457026874231,5.41426901330214,5.312820865769289,0.10144814753285139,0.0045814925308213465,2110,1.9300593724286412,2.0173932809137614,-0.08733390848512028,-0.0034356181154075625,2070,-7.3443283857307815,-7.330214146683051,-0.014114239047729928,-0.0011458744154138611,1964
21.5,5.447885996874557,5.346039145130205,5.447885996874557,5.346701401030415,0.10118459584414385,0.004573163866673185,2110,1.9058627108715236,1.9932005409482152,-0.0873378300766915,-0.003437680386533384,2070,-7.353748707746082,-7.339901941978631,-0.013846765767450375,-0.0011354834801396412,1964
21.51,5.481449212011598,5.337455258270026,5.481449212011598,5.380529152531489,0.10092005948010896,0.004564790068350399,2110,1.8816472392188774,1.9689881405756549,-0.08734090135677708,-0.003439708730063889,2069,-7.363096451230476,-7.349517293107145,-0.013579158123329505,-0.0011250813382862861,1964
21.52,5.514958327457847,5.328818692881267,5.514958327457847,5.414303786414263,0.10065454104358383,0.004556371218490761,2111,1.8574131964676417,1.9447563187560108,-0.08734312228836927,-0.0034417031259775304,2069,-7.372371523925489,-7.3590601051702755,-0.013311418755213392,-0.0011146680925133547,1964
21.53,5.548413012491902,5.32012953420334,5.548413012491902,5.448024969344734,0.10038804314716833,0.0045479074001954466,2111,1.833160821798015,1.9205053146408995,-0.08734449284288438,-0.0034436635545952825,2069,-7.381573834289916,-7.368530283985633,-0.01304355030428235,-0.001104243845599844,1964
21.54,5.581812936929499,5.311387867994732,5.581812936929499,5.4816923685164305,0.10012056841306757,0.004539398696989299,2111,1.808890354571159,1.8962353675712618,-0.08734501300010289,-0.003445589996563617,2069,-7.390703291500657,-7.377927736087692,-0.012775555412965066,-0.0010938087004260192,1964
21.55,5.615157771126877,5.3025937805321615,5.615157771126877,5.515305651653706,0.09985211947317067,0.004530845192852582,2112,1.784602034326781,1.8719467170750028,-0.08734468274822176,-0.003447482432870569,2068,-7.399759805453659,-7.387252368728708,-0.012507436724949719,-0.0010833627599824234,1964
21.56,5.648447185983985,5.293747358609721,5.648447185983985,5.548864487015009,0.09958269896897602,0.00452224697220405,2112,1.7602961007807987,1.8476396028646258,-0.087343502083827,-0.003449340844837365,2068,-7.408743286764783,-7.396504089879634,-0.012239196885149007,-0.0010729061273667623,1964
21.57,5.681680852947746,5.284848689538019,5.681680852947746,5.5823685433961625,0.09931230955158486,0.004513604119906401,2113,1.735972793822952,1.823314264834867,-0.08734147101191493,-0.0034511652141245674,2068,-7.4176536467707,-7.4056828082310275,-0.011970838539671517,-0.001062438905782271,1964
21.580000000000002,5.7148584440152685,5.27589786114334,5.7148584440152685,5.615817490133629,0.09904095388163933,0.004504916721255249,2113,1.7116323535144848,1.7989709430603302,-0.08733858954584543,-0.0034529555227191836,2067,-7.4264907975297545,-7.414788433193958,-0.011702364335796278,-0.001051961198536652,1964
21.59,5.747979631737129,5.266894961766728,5.747979631737129,5.64921099710778,0.09876863462934866,0.004496184861994169,2113,1.6872750200856936,1.7746098777931132,-0.08733485770741964,-0.0034547117529581035,2067,-7.435254651822822,-7.423820874900892,-0.011433776921929826,-0.0010414731090359862,1963
21.6,5.781044089220588,5.25784008026318,5.781044089220588,5.682548734746151,0.09849535447443754,0.004487408628304797,2114,1.662901033933633,1.750231309460439,-0.08733027552680589,-0.003456433887504636,2067,-7.44394512315422,-7.432780044206587,-0.011165078947633236,-0.0010309747408004102,1963
21.61,5.814051490132769,5.248733306000716,5.814051490132769,5.7158303740266865,0.09822111610608242,0.004478588106796198,2114,1.6385106356197185,1.7258354786622836,-0.08732484304256505,-0.0034581219093583887,2067,-7.452562125752487,-7.441665852688969,-0.010896273063518761,-0.0010204661974380835,1963
21.62,5.847001508703989,5.2395747288595205,5.847001508703989,5.749055586481003,0.09794592222298633,0.004469723384534462,2115,1.6141040658673145,1.7014226261690002,-0.08731856030168562,-0.003459775801864986,2066,-7.461105574571302,-7.450478212650001,-0.010627361921300713,-0.0010099475826693318,1963
21.63,5.879893819730837,5.230364439231054,5.879893819730837,5.7822240441976165,0.09766977553321984,0.004460814549000559,2115,1.5896815655594252,1.676992992918942,-0.08731142735951682,-0.0034613955486959,2066,-7.469575385290262,-7.459217037116558,-0.010358348173703232,-0.0009994190003044323,1963
21.64,5.912728098579495,5.221102528017155,5.912728098579495,5.815335419825191,0.09739267875430455,0.004451861688124662,2115,1.5652433757362634,1.6525468200160869,-0.08730344427982359,-0.0034629811338664864,2066,-7.47797147431576,-7.467882239841277,-0.010089234474482546,-0.0009888805542583711,1963
21.650000000000002,5.945504021188894,5.21178908662915,5.945504021188894,5.848389386575757,0.09711463461313588,0.004442864890268405,2116,1.5407897375928945,1.6280843487276546,-0.08729461113476018,-0.0034645325417272024,2066,-7.486293758781788,-7.476473735303411,-0.009820023478376086,-0.0009783323485411978,1963
21.66,5.978221264073891,5.202424206986937,5.978221264073891,5.881385618227948,0.09683564584594348,0.0044338242442212615,2116,1.516320892476857,1.603605820481728,-0.08728492800487121,-0.0034660497569651916,2065,-7.4945421565507475,-7.484991438709675,-0.009550717841072268,-0.0009677744872557863,1963
21.67,6.010879504328519,5.193007981518116,6.010879504328519,5.914323789130208,0.09655571519831015,0.004424739839213541,2116,1.4918370818857822,1.5791114768648697,-0.08727439497908754,-0.0034675327646032407,2065,-7.502716586214301,-7.4934352659950765,-0.009281320219223215,-0.0009572070746103082,1963
21.68,6.043478419629128,5.18354050315701,6.043478419629128,5.9472035742040195,0.09627484542510831,0.004415611764903664,2117,1.4673385474649798,1.5546015596197371,-0.08726301215475699,-0.0034689815500091358,2065,-7.510816967094108,-7.501805133823756,-0.009011833270352525,-0.0009466302148946771,1963
21.69,6.076017688237596,5.174021865343823,6.076017688237596,5.980024648947103,0.09599303929049284,0.004406440111383575,2117,1.4428255310051024,1.5300763106426962,-0.08725077963759384,-0.003470396098880575,2064,-7.518843219242698,-7.510100959589799,-0.008742259652899792,-0.0009360440125032558,1962
21.7,6.108496989004449,5.164452162023661,6.108496989004449,6.01278668943662,0.09571029956782869,0.00439722496916534,2117,1.4182982744397352,1.5055359719814365,-0.0872376975417011,-0.0034717763972536525,2064,-7.526795263444185,-7.518322661418056,-0.008472602026128375,-0.0009254485719116766,1962
21.71,6.14091600137214,5.154831487645633,6.14091600137214,6.045489372332375,0.09542662903976647,0.004387966429209475,2118,1.3937570198429796,1.4809807858325783,-0.08722376598959873,-0.0034731224315105165,2064,-7.534673021215121,-7.526470158164952,-0.008202863050168336,-0.0009148439976990599,1962
21.72,6.1732744053780655,5.145159937161913,6.1732744053780655,6.078132374879998,0.09514203049806826,0.004378664582881692,2118,1.3692020094271316,1.456410994539286,-0.08720898511215458,-0.0034744341883595534,2064,-7.542476414805198,-7.534543369419284,-0.007933045385913069,-0.0009042303945217796,1962
21.73,6.205571881657882,5.135437606026799,6.205571881657882,6.110715374914141,0.09485650674374121,0.004369319521998452,2119,1.3446334855402098,1.431826840588874,-0.08719335504866425,-0.0034757116548599634,2063,-7.550205367198093,-7.542542215503017,-0.007663151695076548,-0.0008936078671386467,1962
21.740000000000002,6.237808111448517,5.125664590195773,6.237808111448517,6.143238050861653,0.09457006058686504,0.004359931338784403,2119,1.3200516906636368,1.4072285666104138,-0.08717687594677725,-0.0034769548183996267,2063,-7.557859802112155,-7.550466617472067,-0.007393184640086788,-0.0008829765203843525,1962
21.75,6.2699827765913785,5.115840986124556,6.2699827765913785,6.175700081744744,0.0942826948466349,0.004350500125892016,2119,1.295456867409812,1.3826164153723408,-0.08715954796252899,-0.0034781636667065552,2063,-7.565439644001191,-7.558316497117086,-0.007123146884104916,-0.0008723364591851227,1962
21.76,6.302095559535548,5.105966890768153,6.302095559535548,6.208101147184172,0.09399441235137655,0.0043410259764139845,2120,1.2708492585196927,1.3579906297800557,-0.08714137126036268,-0.003479338187854858,2062,-7.57294481805524,-7.566091776964228,-0.006853041091012458,-0.0008616877885589888,1962
21.77,6.334146143340794,5.096042401579897,6.334146143340794,6.240440927402388,0.09370521593840635,0.004331508983846898,2120,1.2462291068604552,1.3333514528735284,-0.08712234601307313,-0.0034804783702482673,2062,-7.580375250201251,-7.5737923802759175,-0.0065828699253334105,-0.0008510306135986259,1962
21.78,6.366134211680814,5.0860676165104985,6.366134211680814,6.272719103226704,0.09341510845411002,0.004321949242124454,2120,1.2215966554230564,1.3086991278249005,-0.08710247240184417,-0.003481584202633277,2062,-7.587730867103871,-7.581418231051605,-0.006312636052266047,-0.0008403650394914631,1962
21.79,6.398059448846258,5.076042634007052,6.398059448846258,6.3049353560924315,0.09312409275382659,0.004312346845589501,2121,1.1969521473198557,1.284033897936085,-0.08708175061622934,-0.0034826556740934246,2062,-7.595011596166114,-7.588969254028518,-0.006042342137595457,-0.0008296911714958761,1962
21.8,6.429921539747959,5.06596755301209,6.429921539747959,6.337089368046038,0.09283217170192141,0.00430270188902329,2121,1.172295825782182,1.2593560066363627,-0.08706018085418078,-0.003483692774058139,2061,-7.602217365530142,-7.5964453746824026,-0.005771990847739654,-0.0008190091149649125,1962
21.81,6.461720169919912,5.055842472962594,6.461720169919912,6.369180821748276,0.09253934817163527,0.004293014467607288,2122,1.1476279341579916,1.2346656974799821,-0.08703776332199065,-0.003484695492286127,2061,-7.6093481040779025,-7.603846519228259,-0.00550158484964463,-0.0008083189753210866,1961
21.82,6.493455025522507,5.045667493789016,6.493455025522507,6.401209400477321,0.092245625045186,0.004283284676961723,2122,1.1229487159093978,1.2099632141437542,-0.08701449823435634,-0.003485663818885757,2061,-7.616403741431904,-7.611172614621076,-0.005231126810828873,-0.0007976208580760544,1961
21.830000000000002,6.525125793345514,5.035442715914292,6.525125793345514,6.433174788131891,0.09195100521362307,0.004273512613109059,2122,1.09825841461033,1.185248800424647,-0.08699038581431702,-0.0034865977442963066,2060,-7.623384207955844,-7.618423588556539,-0.004960619399305449,-0.0007869148688127055,1961
21.84,6.5567321608112215,5.025168240252853,6.5567321608112215,6.465076669234373,0.09165549157684902,0.004263698372489999,2123,1.0735572739441046,1.1605227002373828,-0.08696542629327815,-0.003487497259297355,2060,-7.630289434755327,-7.625599369471756,-0.0046900652835708675,-0.000776201113192751,1961
21.85,6.5882738159775815,5.014844168209625,6.5882738159775815,6.49691472893393,0.09135908704365125,0.004253842051978627,2123,1.048845537700989,1.1357851576120261,-0.08693961991103702,-0.0034883623550160028,2060,-7.63711935367857,-7.632699886545957,-0.004419467132614623,-0.0007654796969627431,1961
21.86,6.61975044754116,5.004470601679025,6.61975044754116,6.528688653009617,0.09106179453154384,0.00424394374884212,2123,1.024123449775852,1.1110364166915783,-0.08691296691572623,-0.00348919302291057,2060,-7.643873897317013,-7.6397250697011945,-0.004148827615817422,-0.000754750725931526,1961
21.87,6.651161744840325,4.994047643043984,6.651161744840325,6.560398127873472,0.09076361696685337,0.004234003560776474,2124,0.9993912541657296,1.0862767217295677,-0.08688546756383798,-0.0034899892547800644,2059,-7.650552999006056,-7.6466748496030394,-0.0038781494030163755,-0.0007440143059967309,1961
21.88,6.6825073978582505,4.983575395174874,6.6825073978582505,6.592042840573619,0.09046455728463068,0.004224021585886065,2124,0.9746491949673911,1.061506317087637,-0.08685712212024593,-0.0034907510427703388,2059,-7.657156592825641,-7.653549157661256,-0.0036074351643841465,-0.0007332705431156508,1961
21.89,6.713787097226004,4.973053961428572,6.713787097226004,6.623622478797355,0.09016461842864928,0.004213997922690737,2124,0.9498975163749804,1.0367254472331344,-0.08682793085815393,-0.003491478379359444,2059,-7.663684613600984,-7.660347926030488,-0.003336687570495737,-0.0007225195433311436,1961
21.900000000000002,6.745000534225574,4.962483445647371,6.745000534225574,6.655136730874228,0.08986380335134575,0.004203932670116412,2125,0.9251364626775714,1.0119343567366976,-0.0867978940591262,-0.0034921712573687358,2059,-7.670136996903146,-7.667071087610926,-0.0030659092922203507,-0.000711761412747914,1961
21.91,6.776147400792921,4.951863952157999,6.776147400792921,6.68658528577912,0.08956211501380137,0.004193825927498231,2125,0.900366278256778,0.9871332902698438,-0.08676701201306568,-0.0034928296699567474,2058,-7.676513679049701,-7.673718576048964,-0.0027951030007372954,-0.0007009962575419415,1961
21.92,6.807227389521082,4.941195585770566,6.807227389521082,6.717967833135311,0.08925955638577163,0.004183677794595234,2125,0.8755872075843003,0.9623224926025506,-0.08673528501825037,-0.003493453610630431,2058,-7.682814597105383,-7.680290325737863,-0.002524271367521669,-0.0006902241839650269,1961
21.93,6.8382401936630774,4.930478451777544,6.8382401936630774,6.749284063217542,0.08895613044553585,0.0041734883715541776,2126,0.8507994952195835,0.9375022086008447,-0.08670271338126108,-0.003494043073224967,2058,-7.689039688882663,-7.686786271818389,-0.002253417064274392,-0.0006794452983289838,1961
21.94,6.86918550713509,4.919712655952718,6.86918550713509,6.780533666955081,0.08865184018001021,0.0041632577589506324,2126,0.8260033858073216,0.9126726832243802,-0.08666929741705859,-0.003494598051928059,2057,-7.6951888929424115,-7.693206350179462,-0.0019825427629492354,-0.0006686597070220306,1960
21.95,6.9000630245193415,4.908898304550138,6.9000630245193415,6.811716335934759,0.08834668858458226,0.0041529860577477345,2126,0.801199124075111,0.8878341615240251,-0.08663503744891422,-0.0034951185412590057,2057,-7.701262148594454,-7.6995504974587865,-0.0017116511356669512,-0.0006578675164886491,1960
21.96,6.930872441067207,4.898035504303109,6.930872441067207,6.842831762404027,0.08804067866318015,0.0041426733693251195,2127,0.7763869548310144,0.8629868886394415,-0.08659993380842701,-0.003495604536076854,2057,-7.707259395898221,-7.705818651043471,-0.001440744854750257,-0.0006470688332476538,1960
21.97,6.961613452702186,4.887124362423056,6.961613452702186,6.873879639273985,0.08773381342820023,0.004132319795464437,2127,0.7515671229611028,0.8381311097966646,-0.08656398683556177,-0.003496056031591254,2057,-7.713180575663289,-7.712010749070653,-0.0011698265926363696,-0.0006362637638728076,1960
21.98,6.9922857560229135,4.876164986598563,6.9922857560229135,6.90485966012242,0.08742609590049359,0.0041219254383529635,2128,0.7267398734271081,0.8132670703056843,-0.08652719687857623,-0.00349647302334155,2056,-7.719025629450021,-7.718126730428105,-0.000898899021915172,-0.0006254524150110406,1960
21.990000000000002,7.022889048306119,4.865157484994241,7.022889048306119,6.935771519196821,0.08711752910929924,0.004111490400572782,2128,0.7019054512639641,0.788395015558024,-0.08648956429405999,-0.0034968555072108685,2056,-7.724794499570084,-7.724166534754845,-0.0006279648152385691,-0.000614634893362007,1960
22.0,7.053423027509674,4.854101966249686,7.053423027509674,6.966614911417403,0.08680811609227192,0.004101014785115935,2128,0.6770641015773864,0.7635151910243179,-0.08645108944693154,-0.0034972034794254372,2056,-7.73048712908706,-7.730130102441721,-0.0003570266453395693,-0.0006038113056905164,1960
22.01,7.083887392275537,4.842998539478403,7.083887392275537,6.997389532380118,0.08649785989541929,0.004090498695374152,2129,0.6522160695414638,0.7386278422518879,-0.08641177271042418,-0.0034975169365512445,2055,-7.7361034618170015,-7.736017374632007,-8.608718499411859e-05,-0.0005929817588230741,1960
22.02,7.114281841932704,4.831847314266734,7.114281841932704,7.028095078359658,0.08618676357304551,0.004079942235129411,2129,0.6273616003962538,0.7137332148623223,-0.08637161446606853,-0.003497795875490575,2055,-7.741643442328958,-7.741828293221981,0.0001848508930234273,-0.0005821463596389831,1960
22.03,7.144606076500259,4.820648400672769,7.144606076500259,7.058731246312452,0.08587483018780688,0.004069345508579145,2129,0.6025009394453151,0.6888315545490485,-0.08633061510373348,-0.003498040293495,2055,-7.747107015945575,-7.747562800861502,0.0004557849159259904,-0.0005713052150844783,1960
22.04,7.174859796690224,4.809401909225257,7.174859796690224,7.089297733879659,0.08556206281056553,0.004058708620299313,2130,0.577634332053343,0.6639231070749106,-0.08628877502156755,-0.0034982501881487384,2055,-7.752494128743567,-7.753220840954571,0.0007267122110028261,-0.000560458432150644,1960
22.05,7.205042703910605,4.798107950922549,7.205042703910605,7.119794239390147,0.08524846452045777,0.004048031675275426,2130,0.5527620236437247,0.6390081182697432,-0.08624609462601845,-0.0034984255573770073,2054,-7.75780472755433,-7.758802357659893,0.0009976301055622731,-0.0005496061178983233,1960
22.06,7.235154500268291,4.786766637231424,7.235154500268291,7.150220461863481,0.08493403840481066,0.004037314778882962,2130,0.5278842596960804,0.6140868340279441,-0.08620257433186367,-0.003498566399455007,2054,-7.763038759964372,-7.764307295891425,0.0012685359270526145,-0.0005387483794278784,1960
22.07,7.265194888572018,4.775378080086095,7.265194888572018,7.18057610101288,0.08461878755913803,0.004026558036894776,2131,0.503001285743911,0.5891595003060485,-0.0861582145621374,-0.003498672712987369,2054,-7.76819617431593,-7.769735601318929,0.0015394270029984664,-0.0005278853239078377,1960
22.080000000000002,7.295163572335264,4.763942391887012,7.295163572335264,7.210860857248191,0.08430271508707363,0.004015761555470978,2131,0.4781133473721236,0.5642263631203014,-0.08611301574817787,-0.003498744496924772,2053,-7.773276919707389,-7.775087220368492,0.0018103006611025567,-0.0005170170585464262,1960
22.09,7.325060255779228,4.752459685499803,7.325060255779228,7.2410744316788405,0.08398582410038627,0.0040049254411692855,2131,0.4532206902146212,0.5392876685442298,-0.08606697832960852,-0.0034987817505586815,2053,-7.77828094599385,-7.780362100223072,0.0020811542292218698,-0.0005061436906109544,1960
22.1,7.354884643835721,4.740930074254144,7.354884643835721,7.271216526116789,0.08366811771893135,0.0039940498009407785,2132,0.4283235599518747,0.5143436627062127,-0.08602010275433805,-0.003498784473522484,2053,-7.783208203787598,-7.785560188823005,0.002351985035407403,-0.0004952653274182253,1959
22.11,7.38463644215005,4.729353671942643,7.38463644215005,7.30128684307947,0.08334959907058083,0.00398313474211546,2132,0.40342220230852127,0.489394591787054,-0.08597238947853271,-0.003498752665785161,2053,-7.788058644458574,-7.790681434866526,0.0026227904079518783,-0.0004843820763299894,1959
22.12,7.414315357084013,4.717730592819716,7.414315357084013,7.331285085792724,0.0830302712912885,0.00397218037242983,2132,0.37851686305088994,0.46444070201755044,-0.08592383896666055,-0.003498686327665364,2052,-7.792832220134903,-7.795725787810278,0.0028935676753738338,-0.00047349404476423364,1959
22.13,7.44392109571867,4.706060951600458,7.44392109571867,7.361210958193737,0.08271013752493404,0.0039611867999900414,2133,0.3536077879846322,0.4394822396760626,-0.08587445169143039,-0.0034985854598144246,2052,-7.797528883703303,-7.800693197869801,0.0031643141664987337,-0.0004626013401750227,1959
22.14,7.473453365857347,4.694344863459533,7.473453365857347,7.39106416493395,0.08238920092339626,0.003950154133301,2133,0.32869522295227593,0.41451945108608523,-0.08582422813380924,-0.003498450063224045,2052,-7.802148588809623,-7.805583616020038,0.003435027210414437,-0.00045170407007677927,1959
22.150000000000002,7.502911876028465,4.682582444029978,7.502911876028465,7.420844411381985,0.0820674646464799,0.003939082481252243,2133,0.30377941383075385,0.3895525826138137,-0.08577316878305985,-0.00349828013923773,2051,-7.806691289859219,-7.8103969939958,0.0037057041365809273,-0.00044080234201441387,1959
22.16,7.5322963354884065,4.67077380940214,7.5322963354884065,7.450551403626546,0.08174493186186,0.0039279719531107,2134,0.2788606065290673,0.36458188066571495,-0.08572127413664768,-0.0034980756895245553,2051,-7.811156942017474,-7.815133284292263,0.003976342274788967,-0.00042989626358598196,1959
22.17,7.561606454224429,4.658919076122472,7.561606454224429,7.480184848479324,0.08142160574510571,0.003916822658535553,2134,0.2539390469857745,0.33960759168609433,-0.08566854470031982,-0.0034978367161052556,2051,-7.815545501210206,-7.819792440165419,0.0042469389552141626,-0.00041898594243068056,1959
22.18,7.59084194295749,4.647018361192404,7.59084194295749,7.509744453477884,0.08109748947960717,0.003905634707564435,2134,0.22901498116660857,0.31462996215466343,-0.0856149809880549,-0.003497563221337468,2051,-7.8198569241241,-7.8243744156325485,0.004517491508448778,-0.0004080714862269375,1959
22.19,7.62000251314513,4.635071782067188,7.62000251314513,7.539229926888562,0.08077258625656915,0.0038944082106199852,2135,0.2040886550620303,0.28964923858410696,-0.08556058352207664,-0.0034972552079216065,2050,-7.824091168207161,-7.828879165472672,0.004787997265509678,-0.0003971530026981038,1959
22.2,7.64908787698427,4.623079456654738,7.64908787698427,7.568640977709333,0.08044689927493631,0.00388314327849536,2135,0.17916031468482904,0.2646656675176509,-0.08550535283282185,-0.0034969126788932186,2050,-7.8282481916691,-7.833306645226988,0.005058453557887629,-0.0003862305996020568,1959
22.21,7.678097747414142,4.611041503314463,7.678097747414142,7.597977315672695,0.08012043174144723,0.0038718400223804947,2135,0.15423020606764315,0.23967949552662784,-0.0854492894589847,-0.0034965356376374882,2050,-7.832327953481786,-7.837656811199325,0.005328857717539354,-0.00037530438474276274,1959
22.22,7.707031838119003,4.598958040856103,7.707031838119003,7.627238651248521,0.07979318687048181,0.0038604985538226765,2136,0.12929857526059751,0.21469096920804484,-0.08539239394744733,-0.0034961240878699064,2049,-7.836330413379602,-7.841929620456568,0.005599207076967034,-0.0003643744659526391,1959
22.23,7.735889863531094,4.586829188538555,7.735889863531094,7.656424695646925,0.07946516788416776,0.0038491189847671744,2136,0.10436566832880632,0.1897003351821482,-0.08533466685334187,-0.0034956780336567587,2049,-7.8402555318599,-7.846125030829075,0.005869498969175382,-0.0003534409511104005,1959
22.240000000000002,7.764671538833334,4.5746550660686855,7.764671538833334,7.6855351608211135,0.07913637801222158,0.003837701427519548,2136,0.07943173134999544,0.16470784008998957,-0.08527610873999412,-0.0034951974793990346,2049,-7.844103270183331,-7.850243000911105,0.0061397307277734165,-0.00034250394812074345,1959
22.25,7.793376579962205,4.562435793600185,7.793376579962205,7.71456975947022,0.07880682049198517,0.0038262459947640964,2137,0.05449701041207564,0.13971373059099357,-0.08521672017891792,-0.0034946824298337903,2049,-7.84787359037428,-7.854283490061215,0.006409899686934702,-0.00033156356492996305,1959
22.26,7.822004703610546,4.550171491732331,7.822004703610546,7.743528205042146,0.07847649856839878,0.0038147527995633463,2137,0.029561751610662594,0.11471825336052167,-0.08515650174985907,-0.0034941328900484313,2048,-7.851566455221209,-7.858246458402672,0.006680003181462556,-0.00032061990951498184,1959
22.27,7.850555627230329,4.537862281508833,7.850555627230329,7.7724102117363945,0.07814541549393579,0.0038032219553496777,2137,0.004626201046697809,0.08972165508743818,-0.08509545404074037,-0.003493548865465017,2048,-7.855181828277027,-7.862131866823836,0.006950038546809126,-0.00030967308988403327,1959
22.28,7.879029069035481,4.525508284416625,7.879029069035481,7.801215494506876,0.07781357452860431,0.0037916535759300795,2138,-0.02030939517600914,0.06472418247167475,-0.08503357764768388,-0.003492930361849165,2048,-7.858719673859473,-7.865939676978557,0.0072200031190833465,-0.00029872321408068187,1959
22.29,7.907424748004598,4.513109622384671,7.907424748004598,7.82994376906474,0.07748097893985656,0.0037800477754716313,2138,-0.04524479095317715,0.03972608222179675,-0.08497087317497391,-0.0034922773853009272,2047,-7.8621799570514215,-7.869669851286543,0.0074898942351209075,-0.00028777039017031675,1959
22.3,7.935742383883822,4.50066641778276,7.935742383883822,7.858594751881166,0.0771476320026556,0.0037684046685276806,2138,-0.07017974018253127,0.014727601052567084,-0.08490734123509835,-0.003491589942268749,2047,-7.865562643701291,-7.873322352933737,0.0077597092324460885,-0.000276814726258498,1959
22.31,7.963981697189492,4.488178793420299,7.963981697189492,7.887168160190169,0.07681353699932436,0.003756724370001135,2139,-0.09511399676617537,-0.010271014317487576,-0.08484298244868779,-0.0034908680395327714,2047,-7.868867700423318,-7.876897145872685,0.008029445449365588,-0.00026585633046866553,1958
22.32,7.9921424092110165,4.475646872545098,7.9921424092110165,7.915663711991385,0.07647869721963137,0.00374500699518105,2139,-0.12004731461307774,-0.0352695171685131,-0.08477779744456464,-0.00349011168422161,2047,-7.872095094597939,-7.880394194822875,0.008299100224936712,-0.00025489531095912975,1958
22.330000000000002,8.02022424201352,4.463070778842149,8.02022424201352,7.944081126052866,0.07614311596065254,0.003733252659706085,2139,-0.14497944764145576,-0.06026766078176258,-0.08471178685969319,-0.0034893208837985332,2046,-7.875244794372063,-7.883813465271106,0.008568670899043711,-0.0002439317759071859,1958
22.34,8.048226918440633,4.450450636432442,8.048226918440633,7.9724201219138395,0.07580679652679335,0.0037214614795833207,2140,-0.1699101497811978,-0.08526519844202923,-0.08464495133916856,-0.003488495646061525,2046,-7.878316768659437,-7.887154923471813,0.008838154812375522,-0.00023296583352237516,1958
22.35,8.07615016211728,4.437786569871658,8.07615016211728,8.000680419887491,0.07546974222978887,0.0037096335711953666,2140,-0.19483917497637596,-0.11026188344008504,-0.08457729153629091,-0.0034876359791658454,2046,-7.881310987140905,-7.890418536447407,0.009107549306502087,-0.00022199759202997695,1958
22.36,8.10399369745229,4.425078704149043,8.10399369745229,8.02886174106371,0.07513195638857972,0.003697769051270814,2140,-0.21976627718754713,-0.13525746907511266,-0.08450880811243447,-0.003486741891586561,2046,-7.884227420264745,-7.8936042719886,0.009376851723855283,-0.0002110271596846118,1958
22.37,8.131757249641224,4.412327164686096,8.131757249641224,8.056963807311861,0.07479344232936294,0.0036858680369101712,2140,-0.24469121039428637,-0.16025170865714147,-0.08443950173714489,-0.003485813392151083,2045,-7.887066039246938,-7.896712098654722,0.009646059407782986,-0.0002000546447590134,1958
22.38,8.159440544669025,4.399532077335363,8.159440544669025,8.08498634128351,0.07445420338551409,0.0036739306455702966,2141,-0.26961372859756266,-0.18524435550948212,-0.08436937308808054,-0.003484850490022033,2045,-7.889826816071464,-7.89974198577403,0.009915169702566565,-0.00018908015554845465,1958
22.39,8.187043309312758,4.3866935683791874,8.187043309312758,8.112929066415175,0.07411424289758249,0.0036619569950700932,2141,-0.29453358582219125,-0.2102351629711617,-0.08429842285102951,-0.003483853194704595,2045,-7.892509723490568,-7.902693903444015,0.010184179953447918,-0.00017810380036565113,1958
22.400000000000002,8.214565271144272,4.373811764528466,8.214565271144272,8.140791706931047,0.07377356421322438,0.0036499472035820607,2141,-0.31945053611924124,-0.23522388439935818,-0.08422665171988308,-0.003482821516040374,2044,-7.895114735025032,-7.905567822531691,0.010453087506659681,-0.00016712568754160238,1958
22.41,8.242006158532895,4.360886792921422,8.242006158532895,8.168573987845718,0.07343217068717753,0.0036379013896323253,2142,-0.3443643335684458,-0.2602102731718321,-0.0841540603966137,-0.0034817554642040996,2044,-7.897641824964452,-7.908363714673888,0.010721889709436369,-0.0001561459254281342,1958
22.42,8.269365700648184,4.347918781122278,8.269365700648184,8.196275634966891,0.073090065681293,0.0036258196721177544,2142,-0.36927473228072566,-0.2851940826893649,-0.0840806495913607,-0.0034806550497295994,2044,-7.900090968367462,-7.91108155227753,0.010990583910068439,-0.00014516462238847207,1958
22.43,8.296643627462469,4.334907857120105,8.296643627462469,8.22389637489809,0.07274725256438092,0.0036137021702700696,2142,-0.39418148640045864,-0.3101750663781888,-0.08400642002226981,-0.0034795202834640116,2044,-7.902462141062013,-7.913721308519904,0.011259167457891163,-0.00013418188680554884,1958
22.44,8.323839669753658,4.321854149327441,8.323839669753658,8.251435935041352,0.07240373471230746,0.003601549003692573,2143,-0.41908435010807893,-0.3351529776924241,-0.0839313724156549,-0.0034783511766190147,2043,-7.904755319645581,-7.91628295734893,0.011527637703348234,-0.00012319782707340913,1958
22.45,8.35095355910777,4.308757786579134,8.35095355910777,8.278894043599923,0.07205951550784699,0.0035893602923244283,2143,-0.4439830776223442,-0.3601275701165092,-0.08385550750583498,-0.0034771477407228484,2043,-7.906970481485429,-7.918766473483417,0.011795991997988588,-0.00011221255160183147,1958
22.46,8.37798502792167,4.295618898130988,8.37798502792167,8.306270429580943,0.07171459834072494,0.0035771361564647126,2143,-0.46887742320287795,-0.38509859716763556,-0.08377882603524238,-0.0034759099876566185,2043,-7.909107604718792,-7.921171832413312,0.012064227694518882,-0.0001012261688079193,1958
22.47,8.40493380940567,4.28243761365853,8.40493380940567,8.333564822798111,0.07136898660755744,0.003564876716760217,2144,-0.49376714115253645,-0.41006581239817946,-0.08370132875435701,-0.003474637929634962,2042,-7.911166668253134,-7.923499010399936,0.012332342146800316,-9.023878712511105e-05,1958
22.48,8.431799637586192,4.269214063255716,8.431799637586192,8.360776953874362,0.07102268371182903,0.0035525820942087644,2144,-0.5186519858198588,-0.43502896939813507,-0.08362301642172378,-0.00347333157921397,2042,-7.913147651766334,-7.925747984476229,0.01260033270989475,-7.925051499505734e-05,1958
22.490000000000002,8.458582247308337,4.25594837743364,8.458582247308337,8.387906554244514,0.07067569306382265,0.0035402524101476023,2144,-0.543531711601472,-0.45998782179754627,-0.08354388980392571,-0.003471990949285063,2042,-7.915050535706866,-7.92791873244697,0.012868196740102866,-6.826146086250182e-05,1958
22.5,8.485281374238568,4.24264068711929,8.485281374238568,8.414953356157932,0.07032801808063721,0.0035278877862678837,2145,-0.5684060729445116,-0.48494212326893676,-0.08346394967557474,-0.003470616053075341,2042,-7.916875301294058,-7.930011232888996,0.013135931594937143,-5.727173319275067e-05,1958
22.51,8.51189675486729,4.229291123654167,8.51189675486729,8.441917092681159,0.06997966218613189,0.0035154883446045157,2145,-0.5932748243491013,-0.509891627529744,-0.08338319681935721,-0.0034692069041621066,2041,-7.91862193051819,-7.932025465151416,0.013403534633225217,-4.628144044258823e-05,1958
22.52,8.53842812651142,4.215899818793102,8.53842812651142,8.468797497700558,0.0696306288108593,0.0035030542075284374,2145,-0.618137720370669,-0.5348360883447465,-0.08330163202592257,-0.0034677635164423156,2041,-7.920290406140751,-7.933961409355815,0.013671003215063763,-3.529069108617038e-05,1958
22.53,8.564875227317055,4.202466904702838,8.564875227317055,8.495594305924941,0.06928092139211486,0.0034905854977677446,2145,-0.6429945156225108,-0.5597752595284979,-0.08321925609401278,-0.0034662859041734335,2041,-7.921880711694546,-7.9358190463964435,0.013938334701898014,-2.4299593594002272e-05,1958
22.54,8.591237796261973,4.188992513960836,8.591237796261973,8.52230725288817,0.06893054337380321,0.003478082338376414,2146,-0.6678449647780608,-0.5847088949477537,-0.08313606983030698,-0.0034647740819283984,2040,-7.923392831483914,-7.937598357940417,0.014205526456502674,-1.3308256448475372e-05,1958
22.55,8.617515573158263,4.175476779553888,8.617515573158263,8.54893607495179,0.06857949820647152,0.003465544852756338,2146,-0.6926888225734262,-0.6096367485239015,-0.0830520740495248,-0.0034632280646309,2040,-7.924826750584837,-7.939299326427891,0.01447257584305348,-2.3167881254620645e-06,1958
22.56,8.643708298654877,4.161919834876833,8.643708298654877,8.575480509307619,0.06822778934725869,0.0034529731646480016,2146,-0.7175258438097637,-0.63455857423539,-0.08296726957437377,-0.0034616478675397627,2040,-7.926182454845115,-7.9409219350722315,0.014739480227116073,8.67470289186642e-06,1958
22.57,8.669815714240197,4.1483218137312425,8.669815714240197,8.60194029398034,0.06787542025985874,0.0034403673981295733,2147,-0.7423557833557035,-0.659474126120157,-0.08288165723554658,-0.003460033506251083,2040,-7.927459930884496,-7.942466167860186,0.015006236975688935,1.966610812177607e-05,1958
22.580000000000002,8.69583756224456,4.134682850324087,8.69583756224456,8.62831516783009,0.06752239441446835,0.003427727677610081,2147,-0.7671783961497659,-0.684383158278057,-0.082795237871709,-0.0034583849966968432,2039,-7.928659166094794,-7.943932009552036,0.015272843457241553,3.065731908716632e-05,1958
22.59,8.721773585842831,4.121003079266454,8.721773585842831,8.65460487055504,0.06716871528778999,0.003415054127839887,2147,-0.7919934372027676,-0.709285424873287,-0.08270801232948066,-0.003456702355142451,2039,-7.929780148640066,-7.945319445681757,0.015539297041690565,4.164822730222135e-05,1958
22.6,8.747623529056941,4.10728263557213,8.747623529056941,8.680809142693962,0.0668143863629795,0.003402346873903901,2148,-0.8168006616003016,-0.7341806801368153,-0.08261998146348641,-0.0034549855982030546,2039,-7.930822867456641,-7.946628462557149,0.015805595100507903,5.2638724299266214e-05,1958
22.61,8.773387136758364,4.093521654656385,8.773387136758364,8.706927725628782,0.06645941112958086,0.0033896060412103987,2148,-0.8415998245050405,-0.7590686783688033,-0.08253114613623705,-0.0034532347428109255,2038,-7.931787312253325,-7.947859047259983,0.016071735006657175,6.362870160058279e-05,1958
22.62,8.79906415467072,4.079720272334516,8.79906415467072,8.73296036158715,0.06610379308357073,0.0033768317555143805,2148,-0.8663906811592994,-0.7839491739410356,-0.0824415072182638,-0.003451449806258013,2038,-7.932673473511422,-7.949011187646117,0.016337714134695456,7.461805074406632e-05,1958
22.63,8.824654329372189,4.0658786248206145,8.824654329372189,8.758906793644963,0.06574753572722641,0.003364024142885485,2148,-0.8911729868873021,-0.8088219212993393,-0.08235106558796272,-0.003449630806151045,2038,-7.933481342484889,-7.950084872345626,0.01660352986073828,8.560666326581402e-05,1958
22.64,8.850157408298085,4.051996848726148,8.850157408298085,8.78476676572892,0.06539064256916412,0.003351183329731452,2149,-0.9159464970977049,-0.8336866749660108,-0.08225982213169414,-0.003447777760445525,2038,-7.934210911200381,-7.951080090762913,0.016869179562531224,9.659443071416071e-05,1958
22.650000000000002,8.875573139743318,4.038075081058634,8.875573139743318,8.810540022619037,0.06503311712428159,0.003338309442786607,2149,-0.9407109672859736,-0.8585431895422375,-0.08216777774373606,-0.003445890687432179,2037,-7.934862172457346,-7.9519968330768025,0.01713466061945626,0.00010758124464564905,1958
22.66,8.900901272864871,4.024113459220324,8.900901272864871,8.836226309951167,0.06467496291370413,0.0033254026091078977,2149,-0.9654661530367589,-0.8833912197105181,-0.08207493332624065,-0.0034439696057278904,2037,-7.9354351198281154,-7.952835090240651,0.017399970412536523,0.00011856699661991644,1958
22.67,8.9261415576843,4.010112121006754,8.9261415576843,8.86182537421952,0.06431618346477978,0.0033124629560807323,2150,-0.9902118100264018,-0.9082305202370873,-0.08198128978931452,-0.003442014534301583,2037,-7.935929747657899,-7.953594853982434,0.017665106324534913,0.0001295515782209584,1958
22.68,8.951293745090183,3.9960712046055153,8.951293745090183,8.887336962779152,0.06395678231103168,0.0032994906114144247,2150,-1.0149476940252302,-0.9330608459743325,-0.08188684805089791,-0.0034400254924402632,2036,-7.936346051064954,-7.95427611680482,0.01793006573986663,0.00014053488102549246,1958
22.69,8.976357586840594,3.981990848594749,8.976357586840594,8.912760823848467,0.06359676299212612,0.003286485703141835,2150,-1.0396735609000873,-0.9578819518632169,-0.0817916090368706,-0.0034380024997836805,2036,-7.936684025940507,-7.954878871985252,0.018194846044745472,0.00015151679664176208,1958
22.7,9.00133283556551,3.967871191941918,9.00133283556551,8.9380967065117,0.0632361290538091,0.003273448359609815,2150,-1.064389166616611,-0.9826935929356945,-0.08169557368091661,-0.0034359455762862146,2036,-7.936943668948898,-7.955403113576006,0.01845944462710751,0.0001624972166766915,1958
22.71,9.026219244769337,3.953712374002302,9.026219244769337,8.963344360721392,0.06287488404794436,0.003260378709498627,2151,-1.0890942672417911,-1.0074955243171313,-0.08159874292465961,-0.0034338547422604346,2036,-7.937124977527546,-7.955848836404261,0.01872385887671446,0.0001734760327614859,1958
22.72,9.051016568833237,3.9395145345177482,9.051016568833237,8.988503537300861,0.06251303153237674,0.003247276881792608,2151,-1.113788618946219,-1.0322875012287192,-0.08150111771749959,-0.0034317300183296954,2035,-7.93722794988702,-7.956216036072141,0.01898808618512027,0.00018445313653648113,1958
22.73,9.07572456301766,3.925277813615168,9.07572456301766,9.013573987946655,0.06215057507100518,0.0032341430058082073,2151,-1.1384719780066528,-1.0570692789898946,-0.08140269901675841,-0.003429571425475616,2035,-7.937252585011008,-7.95650470895676,0.019252123945752243,0.0001954284196671414,1958
22.740000000000002,9.100342983464664,3.9110023518052675,9.100342983464664,9.038555465231012,0.061787518233652486,0.0032209772111669857,2152,-1.1631441008082841,-1.081840613020751,-0.0813034877875333,-0.0034273789849950708,2035,-7.937198882656382,-7.95671485221026,0.019515969553879218,0.00020640177382780147,1958
22.75,9.124871587200365,3.896688289981105,9.124871587200365,9.063447722604293,0.061423864596071555,0.003207779627805083,2152,-1.1878047438472,-1.1066012588444527,-0.08120348500274713,-0.0034251527185210386,2034,-7.9370668433531675,-7.956846463759843,0.019779620406675188,0.00021737309071569958,1958
22.76,9.149310132137375,3.8823357694166614,9.149310132137375,9.088250514397423,0.061059617739950216,0.003194550385985891,2152,-1.2124536637328507,-1.1313509720896506,-0.08110269164319993,-0.0034228926480375766,2034,-7.936856468404525,-7.956899542307775,0.020043073903249515,0.00022834226205198458,1958
22.77,9.173658377077098,3.867944931765553,9.173658377077098,9.11296359582431,0.06069478125278717,0.003181289616268383,2152,-1.2370906171903098,-1.1560895084928904,-0.08100110869741939,-0.0034205987958387044,2034,-7.936567759886788,-7.956874087331419,0.020306327444631025,0.00023930917957037164,1958
22.78,9.197916081712203,3.8535159190595047,9.197916081712203,9.13758672298426,0.06032935872794288,0.0031679974495359264,2153,-1.2617153610628289,-1.1808166239010265,-0.08089873716180253,-0.0034182711845738636,2034,-7.936200720649373,-7.956770099083233,0.020569378433858653,0.00025027373503801013,1958
22.79,9.222083006628914,3.839048873707078,9.222083006628914,9.162119652864389,0.05996335376452667,0.0031546740169693605,2153,-1.2863276523140883,-1.2055320742736284,-0.08079557804045981,-0.003415909837203801,2033,-7.935755354314827,-7.956587578590758,0.02083222427593214,0.00026123582023443795,1958
22.8,9.24615891330947,3.824543938492138,9.24615891330947,9.18656214334202,0.05959676996745077,0.0031413194500740016,2153,-1.3109272480307517,-1.2302356156853944,-0.08069163234535726,-0.003413514777045946,2033,-7.935231665278721,-7.956326527656624,0.021094862377904297,0.0002721953269716479,1958
22.81,9.270143564134365,3.8100012565725727,9.270143564134365,9.210913953187074,0.059229610947292,0.003127933880644981,2153,-1.3355139054246992,-1.2549270043285525,-0.08058690109614651,-0.003411086027725716,2033,-7.934629658709667,-7.95598694885852,0.02135729014885392,0.0002831521470806125,1958
22.82,9.294036722384803,3.7954209714787486,9.294036722384803,9.235174842064444,0.0588618803203585,0.003114517440799775,2154,-1.3600873818355894,-1.2796059965152726,-0.08048138532031669,-0.003408623613225654,2033,-7.933949340549214,-7.955568845549172,0.02161950499995899,0.00029410617242607486,1958
22.830000000000002,9.317838152244946,3.7808032271122083,9.317838152244946,9.25934457053638,0.05849358170856578,0.0031010702629480427,2154,-1.384647434733111,-1.3042723486800691,-0.08037508605304175,-0.0034061275578412256,2032,-7.933190717511835,-7.9550722218563115,0.02188150434447597,0.00030505729489335807,1958
22.84,9.341547618804276,3.7661481677442064,9.341547618804276,9.283422900064833,0.058124718739441396,0.0030875924798044047,2154,-1.409193821719435,-1.328925817382203,-0.08026800433723232,-0.003403597886201693,2032,-7.932353797084842,-7.954497082682633,0.02214328559779231,0.0003160054063974984,1958
22.85,9.365164888059956,3.751455938014227,9.365164888059956,9.307409593013835,0.05775529504612184,0.003074084224395923,2155,-1.4337263005316745,-1.3535661593080865,-0.0801601412235878,-0.0034010346232860693,2032,-7.931438587528284,-7.9538434337057495,0.02240484617746617,0.0003269503988902363,1958
22.86,9.388689726919054,3.7367266829286803,9.388689726919054,9.331304412651814,0.05738531426724117,0.0030605456300366665,2155,-1.4582446290441284,-1.3781931312736855,-0.08005149777044278,-0.0033984377943804232,2031,-7.930445097874927,-7.953111281378131,0.02266618350320418,0.0003378921643442112,1958
22.87,9.412121903200918,3.721960547859334,9.412121903200918,9.355107123153957,0.05701478004696127,0.003046976830349799,2155,-1.482748565270826,-1.4028064902269177,-0.07994207504390839,-0.0033958074251239675,2031,-7.929373337930091,-7.952300632927042,0.0229272949969505,0.0003488305947746762,1958
22.88,9.43546118563942,3.707157678542013,9.43546118563942,9.37881748960452,0.05664369603490025,0.0030333779592524434,2155,-1.5072378673677789,-1.4274059932500516,-0.07983187411772721,-0.0033931435414676974,2031,-7.928223318271643,-7.951411496354472,0.02318817808282955,0.00035976558221551685,1958
22.89,9.45870734388528,3.692318221075029,9.45870734388528,9.402435277999162,0.056272065886118154,0.003019749150961624,2156,-1.5317122936354952,-1.4519913975621064,-0.07972089607338902,-0.0033904461697124126,2031,-7.9269950502497855,-7.950443880437059,0.023448830187273246,0.00037069701875127627,1958
22.900000000000002,9.48186014850829,3.677442321917852,9.48186014850829,9.425960255247238,0.05589989326105017,0.003006090539984325,2156,-1.556171602521251,-1.4765624605212457,-0.07960914200000516,-0.0033877153364732025,2030,-7.925688545987039,-7.949397794725995,0.02370924873895579,0.0003816247964889925,1958
22.91,9.504919370999604,3.662530127889617,9.504919370999604,9.44939218917411,0.05552718182549229,0.00299240226112309,2156,-1.5806155526215213,-1.5011189396271714,-0.0794966129943502,-0.0033849510686971805,2030,-7.924303818378082,-7.948273249546941,0.02396943116885889,0.0003925488075738025,1958
22.92,9.527884783774027,3.647581786167626,9.527884783774027,9.472730848523435,0.05515393525059181,0.002978684449481769,2156,-1.6050439026844285,-1.5256605925235203,-0.07938331016090847,-0.003382153393678036,2030,-7.922840881089599,-7.947070255999916,0.02422937491031626,0.00040346894419604224,1958
22.93,9.550756160172185,3.6325974442860116,9.550756160172185,9.495976002959448,0.05478015721273758,0.0029649372404419276,2157,-1.629456411611977,-1.5501871770002524,-0.07926923461172439,-0.0033793223390146615,2029,-7.921299748560209,-7.945788825959196,0.02448907739898661,0.0004143850985724477,1958
22.94,9.573533274462852,3.617577250134144,9.573533274462852,9.519127423069236,0.05440585139361407,0.002951160769689722,2157,-1.6538528384626014,-1.5746984509960462,-0.07915438746655515,-0.0033764579326605064,2029,-7.91968043600025,-7.94442897207319,0.024748536072939496,0.00042529716297045207,1958
22.95,9.596215901845085,3.60252135195531,9.596215901845085,9.542184880365005,0.054031021480080495,0.0029373551731873403,2157,-1.6782329424533813,-1.5991941726006824,-0.07903876985269867,-0.0033735602028743717,2029,-7.917982959391704,-7.942990707764321,0.02500774837261718,0.00043620502968675853,1958
22.96,9.618803818450514,3.5874298983451105,9.618803818450514,9.565148147286324,0.05365567116418994,0.0029235205871910664,2157,-1.702596482962563,-1.623674100057436,-0.07892238290512714,-0.0033706291782643724,2029,-7.916207335487952,-7.941474047228889,0.0252667117409364,0.00044710859107297343,1958
22.97,9.641296801345527,3.572303038250137,9.641296801345527,9.58801699720239,0.05327980414313685,0.0029096571482430354,2158,-1.7269432195318088,-1.6481379917654584,-0.07880522776635027,-0.003367664887749298,2028,-7.914353581813718,-7.9398790054369295,0.025525423623212015,0.0004580077395061749,1958
22.98,9.663694628533463,3.557140920966355,9.663694628533463,9.610791204414243,0.05290342411922045,0.002895764993169885,2158,-1.7512729118686912,-1.672585606282166,-0.078687305586525,-0.0033646673605948513,2028,-7.912421716664773,-7.938205598132075,0.02578388146730175,0.0004689023674245632,1958
22.990000000000002,9.685997078956802,3.5419436961377673,9.685997078956802,9.633470544157008,0.052526534799793884,0.002881844259077882,2158,-1.7755853198489415,-1.6970167023256197,-0.07856861752332155,-0.0033616366263762194,2028,-7.910411759107863,-7.936453841831388,0.02604208272352508,0.00047979236729790275,1958
23.0,9.708203932499366,3.52671151375484,9.708203932499366,9.656054792602111,0.052149139897254636,0.0028678950833600798,2158,-1.799880203518916,-1.7214310387769074,-0.0784491647420085,-0.003358572715008141,2028,-7.90832372898045,-7.9346237538252025,0.02630002484475228,0.000490677631647991,1958
23.01,9.730314969988484,3.5114445241530547,9.730314969988484,9.678543726859486,0.05177124312899844,0.0028539176036914485,2159,-1.8241573230979344,-1.7458283746825252,-0.07832894841540923,-0.003355475656732912,2027,-7.906157646890551,-7.932715352176959,0.02655770528640761,0.0005015580530412546,1958
23.02,9.752329973197124,3.4961428780114603,9.752329973197124,9.700937124979772,0.05139284821735249,0.002839911958017041,2159,-1.8484164389805953,-1.7702084692567515,-0.07820796972384368,-0.0033523454821078385,2027,-7.903913534216528,-7.930728655723018,0.026815121506489993,0.000512433524090636,1958
23.03,9.774248724846112,3.4808067263510925,9.774248724846112,9.723234765956509,0.05101395888960245,0.002825878284573673,2159,-1.8726573117392589,-1.7945710818840295,-0.07808622985522953,-0.0033491822220380104,2027,-7.901591413106855,-7.928663684072481,0.027072270965625488,0.0005233039374642028,1958
23.04,9.796071008606205,3.465436220533611,9.796071008606205,9.74543642972832,0.05063457887788434,0.0028118167218621187,2159,-1.8968797021262604,-1.818915972121335,-0.07796373000492539,-0.0033459859077318004,2026,-7.899191306479945,-7.926520457606985,0.027329151127040253,0.0005341691858700556,1958
23.05,9.817796609100277,3.4500315122596694,9.817796609100277,9.767541897181077,0.050254711919200425,0.002797727408666041,2160,-1.9210833710764184,-1.8432428997005565,-0.07784047137586196,-0.0033427565707449093,2026,-7.89671323802386,-7.92429899748052,0.027585759456660745,0.0005450291620789178,1958
23.06,9.839425311905424,3.4345927535675522,9.839425311905424,9.789550950150065,0.04987436175535878,0.0027836104840408566,2160,-1.945268079709263,-1.867551624530861,-0.07771645517840173,-0.003339494242940429,2026,-7.894157232196163,-7.921999325619205,0.027842093423042148,0.0005558837588995908,1958
23.07,9.860956903555085,3.419120096831542,9.860956903555085,9.811463371422143,0.04949353213294151,0.002769466087315045,2160,-1.9694335893315145,-1.8918419067010679,-0.07759168263044663,-0.003336198956524773,2026,-7.89152331422357,-7.919621464721075,0.02809815049750354,0.0005667328692098234,1958
23.080000000000002,9.882391171541128,3.4036136947605393,9.882391171541128,9.833278944737874,0.049112226803253826,0.0027552943580836046,2160,-1.9935796614393198,-1.9161135064820125,-0.0774661549573074,-0.0033328707440115814,2025,-7.88881151010181,-7.917165438255861,0.02835392815405158,0.0005775763859277409,1958
23.09,9.903727904315993,3.388073700396464,9.903727904315993,9.854997454793672,0.0487304495223209,0.0027410954362186773,2161,-2.0177060577207087,-1.9403661843289157,-0.07733987339179323,-0.003329509638253094,2025,-7.886021846595286,-7.914631270464757,0.028609423869471132,0.0005884142020341401,1958
23.1,9.924966891294744,3.3725002671127773,9.924966891294744,9.876618687243921,0.04834820405082262,0.0027268694618581835,2161,-2.0418125400578995,-1.964599700883746,-0.07721283917415346,-0.003326115672423576,2025,-7.883154351236846,-7.912018986360176,0.028864635123330047,0.0005992462105655766,1958
23.11,9.946107922857138,3.3568935486130047,9.946107922857138,9.89814242870309,0.04796549415404594,0.0027126165754007186,2161,-2.0658988705296113,-1.9888138169775824,-0.07708505355202908,-0.003322688880010985,2025,-7.880209052327528,-7.909328611725511,0.029119559397982345,0.0006100723046103774,1958
23.12,9.967150790349752,3.3412536989291235,9.967150790349752,9.919568466747844,0.04758232360190709,0.0026983369175237366,2161,-2.0899648114135303,-2.013008293632976,-0.07695651778055401,-0.0033192292948485223,2024,-7.8771859789362235,-7.906560173114872,0.02937419417864772,0.0006208923773248533,1958
23.13,9.98809528608796,3.32558087242017,9.98809528608796,9.940896589919134,0.047198696168824376,0.002684030629154859,2162,-2.1140101251884937,-2.0371828920663066,-0.07682723312218703,-0.0033157369510680573,2024,-7.874085160899466,-7.903713697852831,0.02962853695336385,0.0006317063219137171,1958
23.14,10.00894120335805,3.3098752237705784,10.00894120335805,9.962126587724287,0.0468146156337643,0.0026696978514933172,2162,-2.1380345745369986,-2.0613373736901415,-0.07669720084685683,-0.003312211883147906,2024,-7.870906628821055,-7.900789214034148,0.029882585213092918,0.0006425140316546497,1958
23.150000000000002,10.029688336419245,3.2941369079887886,10.029688336419245,9.983258250639086,0.04643008578015887,0.0026553387259981853,2162,-2.162037922347406,-2.0854715001155895,-0.0765664222318169,-0.0033086541258715097,2023,-7.867650414071839,-7.897786750523498,0.030136336451659616,0.0006533153998735542,1959
23.16,10.0503364805057,3.2783660804056134,10.0503364805057,10.004291370109831,0.0460451103958706,0.0026409533943853834,2162,-2.1860199317163684,-2.109585033154652,-0.07643489856171636,-0.0033050637143535264,2023,-7.864316548789334,-7.894706336955181,0.030389788165848135,0.000664110319968692,1959
23.17,10.070885431828579,3.2625628966727547,10.070885431828579,10.025225738555406,0.04565969327317343,0.0026265419986325027,2163,-2.209980365951137,-2.133677734822577,-0.07630263112855971,-0.0033014406840301564,2023,-7.860905065877444,-7.891548003732833,0.030642937855389456,0.000674898685398038,1959
23.18,10.091334987578026,3.2467275127612565,10.091334987578026,10.046061149369324,0.045273838208701844,0.0026121046809743564,2163,-2.2339189885718973,-2.1577493673402053,-0.07616962123169221,-0.003297785070658466,2023,-7.85741599900613,-7.888311782029124,0.03089578302299315,0.0006856803896845816,1959
23.19,10.11168494592519,3.2308600849599545,10.11168494592519,10.066797396921766,0.044887549003423836,0.0025976415839014354,2163,-2.2578355633141216,-2.1817996931363193,-0.07603587017780222,-0.003294096910320294,2022,-7.853849382611069,-7.88499770378545,0.031148321174380766,0.0006964553264190996,1959
23.2,10.131935106024176,3.2149607698739837,10.131935106024176,10.087434276561602,0.04450082946257411,0.002583152850154171,2163,-2.2817298541308397,-2.2058284748499846,-0.07590137928085519,-0.0032903762394068856,2022,-7.850205251893338,-7.881605801711621,0.031400549818282664,0.0007072233892527167,1959
23.21,10.152085268014106,3.199029724423127,10.152085268014106,10.107971584618431,0.04411368339567476,0.0025686386227363406,2163,-2.30560162519509,-2.2298354753328966,-0.07576614986219347,-0.0032866230946518144,2022,-7.8464836428190186,-7.8781361092855375,0.03165246646651911,0.0007179844719153962,1959
23.22,10.172135233020994,3.1830671058404096,10.172135233020994,10.128409118404571,0.04372611461642234,0.0025540990448901894,2164,-2.3294506409020888,-2.253820457651718,-0.07563018325037095,-0.0032828375130843773,2022,-7.842684592118906,-7.8745886607528535,0.031904068633947805,0.0007287384681936666,1959
23.23,10.192084803159796,3.167073071670396,10.192084803159796,10.148746676217069,0.04333812694272608,0.0025395342601215462,2164,-2.353276665871718,-2.2777831850904193,-0.0754934807812985,-0.00327901953207784,2021,-7.838808137288079,-7.870963491126651,0.032155353838572015,0.0007394852719560469,1959
23.240000000000002,10.211933781536304,3.1510477797677727,10.211933781536304,10.168984057339696,0.042949724196609244,0.002524944412174715,2164,-2.377079464950705,-2.301723421152615,-0.07535604379809058,-0.003275169189305515,2021,-7.8348543165856,-7.867260636187082,0.03240631960148013,0.0007502247771304432,1959
23.25,10.231681972249108,3.134991388295693,10.231681972249108,10.189121062044912,0.04256091020419483,0.002510329645043178,2164,-2.400858803215036,-2.3256409295638942,-0.07521787365114192,-0.0032712865227696748,2021,-7.830823169034073,-7.863480132481018,0.0326569634469459,0.0007609568777262555,1959
23.26,10.251329180391542,3.1189040557242573,10.251329180391542,10.209157491595859,0.04217168879568329,0.002495690102971039,2165,-2.4246144459722445,-2.3495354742741577,-0.075078971698087,-0.003267371570791271,2020,-7.826714734419299,-7.8596220173217,0.03290728290240133,0.0007716814678199718,1959
23.27,10.270875212053593,3.1027859408289444,10.270875212053593,10.2290931482483,0.041782063805293736,0.0024810259304430884,2165,-2.4483461587637283,-2.3734068194599445,-0.07493933930378374,-0.003263424372008906,2020,-7.822529053289866,-7.855686328788356,0.033157275498489215,0.0007823984415654423,1959
23.28,10.29031987432383,3.086637202689032,10.29031987432383,10.24892783525259,0.04139203907124004,0.0024663372721908106,2165,-2.472053707367073,-2.39725472952676,-0.07479897784031309,-0.0032594449653820393,2020,-7.818266166956758,-7.8516731057258315,0.03340693876907265,0.0007931076931911593,1959
23.29,10.309662975291264,3.0704580006860724,10.309662975291264,10.268661356855606,0.0410016184356577,0.002451624273178951,2165,-2.4957368577983137,-2.4210789691114014,-0.07465788868691224,-0.0032554333901761803,2020,-7.813926117492953,-7.847582387744205,0.03365627025125255,0.000803809116997168,1959
23.3,10.328904324047322,3.0542484945022235,10.328904324047322,10.288293518302684,0.040610805744638837,0.00243688707862497,2165,-2.5193953763143573,-2.4448793030842806,-0.07451607323007682,-0.003251389685995983,2019,-7.809508947732969,-7.843414215218406,0.033905267485437596,0.0008145026073707604,1959
23.31,10.34804373068764,3.038008844118801,10.34804373068764,10.307824125839536,0.040219604848103344,0.002422125833972758,2166,-2.5430290294151376,-2.4686554965517433,-0.0743735328633943,-0.0032473138927385766,2019,-7.805014701272506,-7.839168629287796,0.03415392801529176,0.0008251880587661206,1959
23.32,10.36708100631402,3.021739209814562,10.36708100631402,10.327252986714175,0.039828019599846644,0.002407340684914918,2166,-2.5666375838460813,-2.4924073148583914,-0.0742302689876899,-0.003243206050642331,2019,-7.800443422467941,-7.834845671855784,0.03440224938784406,0.0008358653657279981,1959
23.330000000000002,10.386015963036229,3.0054397521642575,10.386015963036229,10.346579909178795,0.039436053857434684,0.0023925317773707553,2166,-2.5902208066002577,-2.5161345235893955,-0.07408628301086238,-0.0032390662002399744,2019,-7.795795156435973,-7.8304453855894005,0.034650229153428094,0.0008465344228694221,1959
23.34,10.404848413973877,2.989110632036944,10.404848413973877,10.365804702491689,0.03904371148218809,0.002377699257495168,2166,-2.6137784649207827,-2.539836888572808,-0.07394157634797432,-0.0032348943823912076,2018,-7.791069949053096,-7.825967813918881,0.03489786486578544,0.0008571951248959849,1959
23.35,10.423578173258294,2.9727520105944456,10.423578173258294,10.38492717691911,0.03865099633918368,0.0023628432716843017,2167,-2.637310326303088,-2.5635141758818776,-0.07379615042121034,-0.0032306906382727854,2018,-7.786267846955208,-7.821413001037234,0.035145154082025856,0.0008678473665882551,1959
23.36,10.442205056034307,2.9563640492897503,10.442205056034307,10.40394714373716,0.03825791229714641,0.0023479639665564753,2167,-2.6608161584971963,-2.587166151837354,-0.07365000665984253,-0.003226455009371469,2018,-7.781388897537112,-7.816780991899806,0.03539209436269572,0.0008784910428149316,1959
23.37,10.460728878462104,2.9399469098654216,10.460728878462104,10.422864415233642,0.03786446322846203,0.0023330614889647203,2167,-2.6842957295100347,-2.6107925830097973,-0.07350314650023762,-0.003222187537491024,2017,-7.77643314895207,-7.812071832223847,0.03563868327177639,0.0008891260485262573,1960
23.38,10.479149457719037,2.923500754351997,10.479149457719037,10.441678804709918,0.03747065300911986,0.002318135985990087,2167,-2.7077488076077176,-2.6343932362218805,-0.07335557138583669,-0.0032178882647496796,2017,-7.771400650111323,-7.807285568488039,0.03588491837671604,0.000899752278759559,1960
23.39,10.497466612001434,2.9070257450663832,10.497466612001434,10.460390126482746,0.03707648551868575,0.0023031876049417407,2167,-2.731175161317841,-2.6579678785506937,-0.0732072827671476,-0.0032135572335811476,2017,-7.766291450683594,-7.802422247932057,0.036130797248463034,0.0009103696286394819,1960
23.400000000000002,10.515680160526367,2.8905220446102877,10.515680160526367,10.478998195886128,0.03668196464024009,0.0022882164933522653,2168,-2.7545745594317346,-2.681516277330037,-0.07305828210169768,-0.003209194486725184,2017,-7.761105601094634,-7.797481918556092,0.036376317461457995,0.0009209779933730651,1960
23.41,10.533789923533456,2.8739898158685633,10.533789923533456,10.497502829273099,0.03628709426035707,0.002273222798977124,2168,-2.7779467710067887,-2.705038200152722,-0.0729085708540668,-0.0032048000672415615,2016,-7.75584315252667,-7.79246462912038,0.036621476593710116,0.0009315772682645367,1960
23.42,10.551795722286679,2.857429222007633,10.551795722286679,10.515903844017584,0.03589187826909203,0.0022582066698046844,2168,-2.8012915653687216,-2.728533414872863,-0.0727581504958586,-0.0032003740185042053,2016,-7.750504156917958,-7.787370429144726,0.03686627222676856,0.0009421673486997859,1960
23.43,10.56969737907604,2.8408404264738714,10.56969737907604,10.534201058516171,0.03549632055986691,0.002243168254029291,2168,-2.824608712113825,-2.75200168960817,-0.07260702250565534,-0.0031959163841920658,2016,-7.745088666962215,-7.782199368908004,0.037110701945789235,0.000952748130163255,1960
23.44,10.58749471721944,2.824223592991996,10.58749471721944,10.552394292189904,0.03510042502953546,0.0022281077000808613,2168,-2.847897981111286,-2.775442792742235,-0.07245518836905117,-0.003191427208303365,2016,-7.7395967361081555,-7.776951499447671,0.03735476333951571,0.0009633195082222558,1960
23.45,10.605187561064318,2.807578885563441,10.605187561064318,10.570483365486076,0.03470419557824175,0.0022130251565950637,2169,-2.871159142505413,-2.798856492926821,-0.07230264957859214,-0.0031869065351412015,2015,-7.734028418558908,-7.771626872559258,0.037598454000350785,0.0009738813785460758,1960
23.46,10.62277573598946,2.790906468464752,10.62277573598946,10.588468099880002,0.034307636109458264,0.0021979207724323636,2169,-2.8943919667179383,-2.8222425590841427,-0.07214940763379567,-0.003182354409323552,2015,-7.728383769271524,-7.766225540795861,0.03784177152433741,0.0009844336368910562,1960
23.47,10.640259068406673,2.7742065062459544,10.640259068406673,10.606348317876765,0.033910750529908024,0.0021827946966658093,2169,-2.9175962244502647,-2.845600760409148,-0.07199546404111679,-0.0031777708757771868,2015,-7.722662843956411,-7.760747557467619,0.038084713511207964,0.0009949761791112934,1960
23.48,10.657637385762534,2.757479163728922,10.657637385762534,10.624123843012988,0.033513542749545495,0.0021676470785846266,2169,-2.9407716866857485,-2.8689308663717967,-0.07184082031395166,-0.003173155979742419,2015,-7.716865699076787,-7.755192976641191,0.03832727756440497,0.0010055089011577374,1960
23.490000000000002,10.674910516540056,2.7407246060058026,10.674910516540056,10.641794499858563,0.033116016681492985,0.002152478067686159,2169,-2.9639181246919035,-2.892232646719335,-0.07168547797256884,-0.0031685097667572336,2014,-7.710992391848153,-7.749561853139227,0.03856946129107308,0.001016031699070552,1960
23.5,10.692078290260412,2.723942998437278,10.692078290260412,10.659360114018382,0.03271817624203108,0.0021372878136834313,2170,-2.987035310022766,-2.9155058714785667,-0.07152943854419916,-0.003163832282687957,2014,-7.705042980237649,-7.743854242539814,0.03881126230216569,0.001026544469004069,1960
23.51,10.709140537484616,2.707134506651068,10.709140537484616,10.676820512134066,0.03232002535055095,0.002122076466498632,2170,-3.0101230145210276,-2.9387503109581266,-0.07137270356290083,-0.0031591235736918915,2014,-7.699017522963592,-7.7380702011759395,0.0390526782123479,0.0010370471071926464,1960
23.52,10.72609708981516,2.6902992965401924,10.72609708981516,10.694175521885672,0.03192156792948916,0.002106844176257454,2170,-3.0331810103203662,-2.9619657357507423,-0.0712152745696236,-0.0031543836862425265,2013,-7.692916079494796,-7.73220978613493,0.039293706640134846,0.0010475395099854125,1960
23.53,10.74294777989774,2.6734375342613776,10.74294777989774,10.711424971993392,0.0315228079043483,0.0020915910933014085,2170,-3.056209069847683,-2.985151916735504,-0.07105715311217922,-0.0031496126671232585,2013,-7.686738710050057,-7.726273055257889,0.03953434520783133,0.001058021573822258,1961
23.54,10.759692441422828,2.6565493862334106,10.759692441422828,10.728568692219243,0.031123749203585727,0.00207631736816711,2170,-3.07920696582532,-3.0083086250801205,-0.07089834074519899,-0.003144810563419224,2013,-7.680485475597511,-7.720260067139125,0.039774591541614446,0.0010684931952522894,1961
23.55,10.776330909127385,2.6396350191354934,10.776330909127385,10.745606513368756,0.030724395758629425,0.002061023151601107,2171,-3.10217447127333,-3.0314356322431832,-0.07073883903014677,-0.0031399774225254616,2013,-7.674156437854057,-7.7141708811255745,0.04001444327151775,0.0010789542709246586,1961
23.56,10.79286301879645,2.622694599905601,10.79286301879645,10.76253826729263,0.030324751503819164,0.0020457085945505705,2171,-3.125111359511707,-3.0545327099764155,-0.0705786495352917,-0.0031351132921429038,2012,-7.667751659284744,-7.708005557316217,0.04025389803147253,0.0010894046975923471,1961
23.57,10.809288607264778,2.6057282957388224,10.809288607264778,10.779363786888409,0.029924820376369954,0.002030373848164596,2171,-3.1480174041626356,-3.077599630326932,-0.07041777383570326,-0.0031302182202803228,2012,-7.661271203102144,-7.701764156561477,0.0404929534593333,0.0010998443721158355,1961
23.580000000000002,10.825607512418433,2.58873627408576,10.825607512418433,10.796082906102116,0.029524606316317946,0.0020150190637873043,2171,-3.1708923791526713,-3.1006361656394827,-0.0702562135131882,-0.003125292255241355,2012,-7.654715133265764,-7.695446740462634,0.04073160719686985,0.0011102731914539293,1961
23.59,10.841819573196414,2.5717187026507666,10.841819573196414,10.812695459929902,0.02912411326651408,0.001999644392965772,2171,-3.193736058715082,-3.1236420885587033,-0.07009397015637871,-0.003120335445653815,2012,-7.6480835144813355,-7.6890533713712,0.04096985688986423,0.0011206910526880588,1961
23.6,10.857924629592237,2.5546757493904337,10.857924629592237,10.829201284419671,0.028723345172565258,0.001984249987442654,2172,-3.2165482173919515,-3.1466171720313585,-0.06993104536059291,-0.003115347840431578,2011,-7.6413764122002865,-7.682584112388315,0.04120770018802805,0.0011310978529888351,1961
23.61,10.873922522655473,2.5376075825118187,10.873922522655473,10.8456002166727,0.02832230598277389,0.001968835999149484,2172,-3.2393286300364834,-3.169561189308581,-0.06976744072790245,-0.003110329488800629,2011,-7.634593892618993,-7.67603902736412,0.04144513474512816,0.0011414934896512774,1961
23.62,10.889813094493404,2.520514370470838,10.889813094493404,10.861892094845242,0.027920999648161766,0.001953402580221378,2172,-3.2620770718152117,-3.192473913948112,-0.06960315786709986,-0.0031052804402926133,2011,-7.627736022678193,-7.669418180897131,0.041682158218937296,0.0011518778600711297,1961
23.63,10.905596188272481,2.503396281970593,10.905596188272481,10.878076758150128,0.02751943012235237,0.0019379498829745021,2172,-3.2847933182101925,-3.2153551198165347,-0.06943819839365803,-0.003100200744736571,2011,-7.62080287006229,-7.662721638333595,0.04191876827130567,0.001162250861761996,1961
23.64,10.921271648219946,2.486253485959707,10.921271648219946,10.894154046858352,0.02711760136159314,0.0019224780599223145,2172,-3.307477145021247,-3.2382045810915057,-0.06927256392974138,-0.003095090452267628,2010,-7.613794503198701,-7.65594946576685,0.042154962568148234,0.0011726123923452595,1961
23.650000000000002,10.936839319625346,2.469086151630656,10.936839319625346,10.91012380230065,0.026715517324695043,0.001906987263766079,2172,-3.3301283283681653,-3.261022072263986,-0.0691062561041795,-0.003089949613322641,2010,-7.606710991257181,-7.649101730036667,0.042390738779486056,0.0011829623495567213,1961
23.66,10.952299048842033,2.4518944484180887,10.952299048842033,10.92598586686906,0.026313181972972145,0.0018914776473898404,2173,-3.3527466446929153,-3.2838073681404656,-0.06893927655244984,-0.003084778278639053,2010,-7.5995524041491205,-7.642178498728598,0.04262609457947809,0.0011933006312495158,1962
23.67,10.967650683288735,2.434678545997205,10.967650683288735,10.941740084018488,0.02591059927024638,0.0018759493638689367,2173,-3.375331870761825,-3.3065602438451833,-0.06877162691664174,-0.0030795764992500407,2010,-7.592318812526909,-7.635179840173306,0.04286102764639575,0.0012036271353813126,1962
23.68,10.982894071451009,2.4174386142819726,10.982894071451009,10.957386298268236,0.0255077731827728,0.0018604025664601944,2173,-3.397883783667863,-3.32928047482235,-0.0686033088455122,-0.003074344326503933,2009,-7.585010287783148,-7.628105823445886,0.04309553566273901,0.0012139417600435017,1962
23.69,10.998029062882777,2.4001748234235865,10.998029062882777,10.972924355203556,0.025104707679220507,0.0018448374086052748,2173,-3.420402160832731,-3.351967836838365,-0.06843432399436583,-0.0030690818120326356,2009,-7.577626902050048,-7.620956518365192,0.04332961631514413,0.0012242444034272033,1962
23.7,11.013055508207769,2.3828873438086826,11.013055508207769,10.988354101477162,0.02470140673060743,0.0018292540439212197,2173,-3.44288678000914,-3.374622105984024,-0.06826467402511596,-0.003063789007775785,2009,-7.570168728198633,-7.613731995493139,0.04356326729450615,0.0012345349638542618,1962
23.71,11.027973259121056,2.365576346057706,11.027973259121056,11.003675384810746,0.024297874310308304,0.0018136526262140535,2173,-3.4653374192829833,-3.3972430586767346,-0.06809436060624861,-0.003058465965973065,2009,-7.562635839838075,-7.606432326134011,0.043796486295937534,0.001244813339758415,1962
23.72,11.042782168390438,2.3482420010232157,11.042782168390438,11.018888053996482,0.023894114393956046,0.0017980333094585483,2174,-3.487753857075508,-3.419830471662722,-0.0679233854127866,-0.0030531127391579074,2008,-7.555028311314931,-7.59905758233376,0.044029271018828565,0.0012550794296991366,1962
23.73,11.057482089857979,2.3308844797881982,11.057482089857979,11.033991958898516,0.02349013095946244,0.001782396247815331,2174,-3.510135872145532,-3.4423841220192295,-0.06775175012630269,-0.0030477293801665565,2008,-7.54734621771245,-7.591607836879288,0.044261619166837865,0.0012653331323508685,1962
23.740000000000002,11.07207287844138,2.3135039536643824,11.07207287844138,11.048986950454456,0.023085927986924326,0.0017667415956114582,2174,-3.5324832435915954,-3.464903787156721,-0.0675794564348739,-0.0030423159421281566,2008,-7.539589634849786,-7.584083163297734,0.04449352844794799,0.0012755743465165323,1962
23.75,11.086554390135438,2.296100594190543,11.086554390135438,11.063872880676824,0.022681509458614028,0.001751069507350711,2174,-3.554795750854162,-3.4873892448210793,-0.06740650603308267,-0.0030368724784701115,2008,-7.531758639281278,-7.576483635855746,0.04472499657446864,0.001285802971119656,1962
23.76,11.100926482013497,2.2786745731308122,11.100926482013497,11.078649602654544,0.02227687935895393,0.0017353801377139235,2174,-3.5770731737178005,-3.5098402730957954,-0.06723290062200574,-0.0030313990429190964,2007,-7.523853308295697,-7.568809329558748,0.04495602126305101,0.0012960189052055211,1962
23.77,11.115189012228798,2.2612260624729728,11.115189012228798,11.093316970554365,0.021872041674433775,0.001719673641544444,2174,-3.5993152923133445,-3.5322566504041615,-0.06705864190918272,-0.0030258956894953968,2007,-7.515873719915457,-7.561060320150204,0.045186600234746556,0.0013062220479507928,1963
23.78,11.129341840015938,2.2437552344268,11.129341840015938,11.107874839622323,0.021467000393615442,0.0017039501738609353,2175,-3.621521887120049,-3.5546381555114595,-0.06688373160858908,-0.0030203624725107527,2007,-7.50781995289589,-7.553236684110861,0.04541673121497205,0.0013164122986498907,1963
23.79,11.143384825692205,2.2262622614223053,11.143384825692205,11.12232306618515,0.021061759507055015,0.0016882098898439541,2175,-3.6436927389677907,-3.5769845675271403,-0.06670817144065047,-0.0030147994465764567,2007,-7.499692086724417,-7.545338498658009,0.04564641193359228,0.0013265895567319578,1963
23.8,11.157317830659018,2.2087473161080675,11.157317830659018,11.136661507651706,0.020656323007310736,0.0016724529448480041,2175,-3.6658276290392213,-3.5992956659070057,-0.06653196313221567,-0.00300920666659948,2006,-7.491490201619797,-7.5373658417447,0.04587564012490254,0.0013367537217510855,1963
23.81,11.171140717403222,2.1912105713495276,11.171140717403222,11.150890022514384,0.02025069488883964,0.001656679494382177,2175,-3.6879263388719035,-3.6215712304553875,-0.06635510841651598,-0.0030035841877750387,2006,-7.483214378531321,-7.529318792058996,0.04610441352767476,0.001346904693392768,1963
23.82,11.184853349498528,2.1736522002272762,11.184853349498528,11.165008470350497,0.019844879148032537,0.0016408896941285962,2175,-3.709988650360502,-3.643811041327317,-0.06617760903318526,-0.0029979320655972256,2006,-7.474864699138028,-7.521197429023181,0.046332729885152725,0.0013570423714689295,1963
23.830000000000002,11.198455591606784,2.1560723760353473,11.198455591606784,11.179016711823678,0.019438879783105874,0.001625083699922778,2175,-3.7320143457589037,-3.6660148790306972,-0.06599946672820646,-0.0029922503558477143,2006,-7.466441245847882,-7.513001832792982,0.04656058694509979,0.001367166655925318,1963
23.84,11.21194730947934,2.1384712722795083,11.21194730947934,11.192914608685244,0.019032700794096975,0.001609261667760633,2176,-3.754003207682385,-3.6881825244284676,-0.06582068325391734,-0.0029865391146018327,2005,-7.457944101796959,-7.504732084256779,0.046787982459819556,0.001377277446841062,1963
23.85,11.225328369958406,2.120849062675548,11.225328369958406,11.20670202377557,0.018626346182836987,0.0015934237538031658,2176,-3.7759550191097615,-3.71031375874077,-0.06564126036899126,-0.0029807983982284994,2005,-7.449373350848647,-7.496388265034801,0.04701491418615427,0.0013873746444256147,1963
23.86,11.238598640978307,2.1032059211475507,11.238598640978307,11.220378821025427,0.018219819952879333,0.001577570114361008,2176,-3.797869563385521,-3.7324083635471044,-0.06546119983841664,-0.0029750282633863225,2005,-7.4407290775927875,-7.487970457478324,0.04724137988553731,0.0013974581490254984,1963
23.87,11.251757991566826,2.08554202182623,11.251757991566826,11.23394486545735,0.017813126109477433,0.001561700905903505,2176,-3.819746624221936,-3.754466120788485,-0.06528050343345074,-0.0029692287670174972,2005,-7.432011367344892,-7.479478744668865,0.04746737732397251,0.0014075278611141119,1963
23.88,11.264806291846485,2.0678575390471012,11.264806291846485,11.24740002318694,0.017406268659546562,0.0015458162850520412,2176,-3.841585985701279,-3.776486812769593,-0.06509917293168567,-0.0029633999663698117,2004,-7.423220306145208,-7.470913210417348,0.04769290427213912,0.0014175836813176542,1964
23.89,11.277743413035836,2.0501526473489,11.277743413035836,11.260744161424213,0.016999251611622475,0.001529916408582752,2176,-3.8633874322778476,-3.798470222160929,-0.06491721011691887,-0.002957541918963489,2004,-7.414355980757989,-7.462273939263285,0.04791795850529639,0.001427625510380847,1964
23.900000000000002,11.290569227450709,2.032427521471749,11.290569227450709,11.273977148474895,0.016592078975813714,0.0015140014334189813,2176,-3.8851507487801746,-3.82041613200095,-0.06473461677922451,-0.002951654682617392,2004,-7.405418478670535,-7.453561016473946,0.048142537803410795,0.001437653249198481,1964
23.91,11.303283608505486,2.0146823363554858,11.303283608505486,11.287098853741723,0.016184754763763444,0.0014980715166326014,2177,-3.906875720413105,-3.8423243256982156,-0.06455139471488927,-0.002945738315434173,2004,-7.396407888092383,-7.444774528043509,0.04836663995112582,0.0014476667988016188,1964
23.92,11.315886430714375,1.996917267137923,11.315886430714375,11.30010914772574,0.015777282988635132,0.001482126815448707,2177,-3.928562132759947,-3.8641945870335275,-0.06436754572641933,-0.002939792875807853,2003,-7.387324297954428,-7.435914560692213,0.0485902627377842,0.0014576660603593718,1964
23.93,11.328377569692593,1.9791324891531217,11.328377569692593,11.313007902027564,0.015369667665029854,0.0014661674872308902,2177,-3.9502097717845612,-3.88602670016206,-0.06418307162250153,-0.0029338184224152212,2003,-7.378167797908034,-7.426981201865506,0.048813403957470886,0.0014676509351839043,1964
23.94,11.340756902157658,1.9613281779296603,11.340756902157658,11.325794989348667,0.01496191280899107,0.0014501936894947389,2177,-3.9718184238334944,-3.9078204496154907,-0.06399797421800411,-0.002927815014222814,2003,-7.368938478324164,-7.417974539733177,0.049036061409013044,0.0014776213247279747,1964
23.95,11.353024305930543,1.943504509188893,11.353024305930543,11.338470283492617,0.014554022437925102,0.001434205579892143,2177,-3.99338787563808,-3.9295756203041288,-0.06381225533395127,-0.0029217827104823847,2003,-7.359636430292464,-7.408894663188491,0.04925823289602617,0.001487577130590556,1964
23.96,11.36517965993693,1.9256616588432645,11.36517965993693,11.351033659366342,0.014146000570585246,0.0014182033162183005,2177,-4.014917914316512,-3.951291997519039,-0.06362591679747306,-0.0029157215707227985,2002,-7.350261745620419,-7.399741661847306,0.049479916226887015,0.0014975182545043236,1964
23.97,11.377222844208381,1.9077998029944643,11.377222844208381,11.36348499298135,0.013737851227032,0.00140218705640981,2177,-4.0364083273760345,-3.9729693669341524,-0.06343896044188176,-0.002909631654775138,2002,-7.3408145168323475,-7.390515626047197,0.04970110921484976,0.0015074445983654,1964
23.98,11.389153739883534,1.8899191179318287,11.389153739883534,11.375824161454949,0.013329578428585362,0.0013861569585405572,2178,-4.057858902714923,-3.9946075146083952,-0.06325138810652713,-0.002903513022736211,2002,-7.331294837168613,-7.381216646846555,0.04992180967794097,0.0015173560641955066,1965
23.990000000000002,11.400972229209259,1.87201978013049,11.400972229209259,11.38805104301148,0.012921186197781894,0.0013701131808188192,2178,-4.079269428624664,-4.016206226987789,-0.06306320163687433,-0.0028973657349959723,2002,-7.321702800584598,-7.371844816023691,0.05014201543909323,0.001527252554177242,1965
24.0,11.41267819554184,1.8541019662496867,11.41267819554184,11.400165516983495,0.012512678558346096,0.001354055881590187,2178,-4.1006396937920115,-4.037765290907564,-0.0628744028844483,-0.00289118985222581,2001,-7.312038501749831,-7.362400226075934,0.05036172432610379,0.0015371339706358777,1965
24.01,11.424271523348121,1.8361658531310072,11.424271523348121,11.412167463812972,0.012104059535149054,0.0013379852193348366,2178,-4.1219694873010795,-4.059284493594259,-0.06268499370682097,-0.0028849854353789643,2001,-7.3023020360470445,-7.352882970218714,0.05058093417167112,0.0015470002160443003,1965
24.02,11.435752098206624,1.8182116177966479,11.435752098206624,11.42405676505247,0.011695333154152788,0.0013219013526597472,2178,-4.14325859863541,-4.080763622667825,-0.062494975967585104,-0.0028787525456890443,2001,-7.292493499571216,-7.343293142384648,0.05079964281343152,0.0015568511930290317,1965
24.03,11.447119806808722,1.8002394374476627,11.447119806808722,11.435833303366321,0.011286503442400703,0.0013058044403095395,2178,-4.164506817680075,-4.102202466143723,-0.06230435153635262,-0.002872491244672929,2001,-7.282612989128649,-7.333630837222601,0.05101784809395272,0.0015666868043634,1965
24.04,11.458374536959715,1.7822494894622058,11.458374536959715,11.44749696253177,0.010877574427944445,0.0012896946411517073,2178,-4.185713934723739,-4.123600812435009,-0.06211312228873003,-0.002866201594128308,2000,-7.2726606022359785,-7.323896150096764,0.05123554786078638,0.0015765069529768009,1965
24.05,11.469516177579958,1.7642419513938314,11.469516177579958,11.459047627440135,0.010468550139823216,0.001273572114181918,2178,-4.206879740460688,-4.144958450354428,-0.061921290106259526,-0.002859883656123299,2000,-7.262636437119272,-7.314089177085708,0.0514527399664363,0.0015863115419415229,1965
24.060000000000002,11.480544618705965,1.7462170009696294,11.480544618705965,11.470485184097933,0.010059434608031981,0.001257437018525192,2179,-4.228004025993006,-4.166275169116501,-0.06172885687650489,-0.002853537493024437,2000,-7.252540592712963,-7.304210014981435,0.05166942226847291,0.001596100474498957,1966
24.07,11.491459751491467,1.728174816088615,11.491459751491467,11.481809519628015,0.009650231863451484,0.0012412895134253721,2179,-4.249086582832489,-4.187550758339593,-0.06153582449289645,-0.0028471631674555436,2000,-7.242373168658979,-7.294258761288422,0.051885592629444165,0.0016058736540301693,1966
24.080000000000002,11.502261468208511,1.7101155748198575,11.502261468208511,11.493020522270667,0.009240945937843487,0.0012251297582525668,2179,-4.270127202902828,-4.208785008048004,-0.06134219485482408,-0.002840760742332666,1999,-7.232134265305684,-7.284235514222665,0.0521012489169806,0.0016156309840799025,1966
24.09,11.512949662248513,1.6920394554007783,11.512949662248513,11.504118081384728,0.00883158086378397,0.0012089579124960701,2179,-4.291125678541593,-4.229977708674032,-0.06114796986756012,-0.0028343302808438945,1999,-7.221823983706921,-7.2741403727107,0.05231638900377773,0.001625372368348075,1966
24.1,11.523524228123318,1.6739466362353788,11.523524228123318,11.515102087448675,0.008422140674642465,0.001192774135766063,2179,-4.31208180250231,-4.251128651060047,-0.06095315144226248,-0.0028278718464556196,1999,-7.21144242562101,-7.26397343638863,0.05253101076762002,0.0016350977106897287,1966
24.11,11.53398506146622,1.6558372958924785,11.53398506146622,11.525972432061701,0.008012629404520029,0.0011765785877860908,2179,-4.332995367956491,-4.272237626460551,-0.06075774149594054,-0.0028213855029080755,1999,-7.200989693509731,-7.253734805601152,0.052745112091420514,0.0016448069151219075,1966
24.12,11.544332059033032,1.6377116131039566,11.544332059033032,11.536729007944786,0.007603051088246068,0.001160371428403732,2179,-4.353866168495695,-4.293304426544238,-0.06056174195145589,-0.002814871314220035,1998,-7.190465890537339,-7.243424581400548,0.05295869086320982,0.0016544998858162513,1966
24.13,11.554565118703051,1.619569766762974,11.554565118703051,11.54737170894176,0.007193409761289278,0.0011441528175725867,2179,-4.374693998133549,-4.3143288433960585,-0.0603651547374905,-0.002808329344684118,1998,-7.179871120569503,-7.2330428655457055,0.05317174497620281,0.0016641765271116953,1966
24.14,11.564684139480116,1.601411935922261,11.564684139480116,11.557900430020352,0.006783709459764008,0.0011279229153650398,2180,-4.3954786513077595,-4.335310669519257,-0.06016798178850308,-0.0028017596588599024,1998,-7.169205488172357,-7.222589760501099,0.053384272328741454,0.0016738367434951714,1966
24.150000000000002,11.574689021493578,1.5832382997922358,11.574689021493578,11.568315067273215,0.006373954220363468,0.0011116818819638316,2180,-4.4162199228822265,-4.356249697837432,-0.05997022504479497,-0.002795162321597863,1998,-7.158469098611352,-7.212065369435785,0.053596270824433086,0.0016834804396344428,1967
24.16,11.584579665999286,1.5650490377393813,11.584579665999286,11.578615517918964,0.005964148080323153,0.001095429877658512,2180,-4.436917608148946,-4.377145721696577,-0.059771886452368674,-0.0027885373980013604,1998,-7.147662057850343,-7.201469796222388,0.05380773837204552,0.0016931075203427551,1967
24.17,11.594355975380575,1.5468443292843597,11.594355975380575,11.588801680303183,0.0055542950773922175,0.0010791670628510323,2180,-4.457571502830128,-4.397998534867116,-0.05957296796301214,-0.002781884953459151,1997,-7.136784472550448,-7.190803145436069,0.05401867288562151,0.001702717890608065,1967
24.18,11.60401785314922,1.5286243541002948,11.60401785314922,11.598873453899438,0.005144399249782585,0.001062893598048625,2180,-4.478181403080173,-4.418807931545944,-0.059373471534228735,-0.0027752050536276754,1997,-7.125836450069048,-7.1800655223534955,0.05422907228444615,0.0017123114555790252,1967
24.19,11.613565203946386,1.5103892920109856,11.613565203946386,11.60883073931025,0.004734464636135557,0.0010466096438626988,2180,-4.498747105487684,-4.439573706358454,-0.05917339912923017,-0.0027684977644341227,1997,-7.114818098458704,-7.169257032951799,0.05443893449309461,0.001721888120571423,1967
24.2,11.62299793354357,1.4921393229891329,11.62299793354357,11.618673438268102,0.004324495275467738,0.0010303153610071725,2180,-4.51926840707748,-4.460295654360567,-0.05897275271691257,-0.00276176315207579,1997,-7.1037295264660925,-7.158377783907536,0.05464825744144403,0.0017314477910684283,1967
24.21,11.63231594884355,1.4738746271545635,11.63231594884355,11.628401453636386,0.003914495207164677,0.0010140109103026823,2180,-4.539745105312603,-4.480973571040756,-0.05877153427184777,-0.0027550012830215667,1996,-7.092570843530949,-7.1474278825956326,0.05485703906468309,0.0017409903727185687,1967
24.22,11.641519157881266,1.455595384772451,11.641519157881266,11.638014689410372,0.0035044684708934043,0.000997696452663812,2180,-4.560176998096304,-4.501607252322056,-0.05856974577424752,-0.002748212224005823,1996,-7.081342159784965,-7.136407437088318,0.05506527730335332,0.0017505157713417975,1967
24.23,11.65060746982477,1.4373017762515385,11.65060746982477,11.647513050718157,0.0030944191066119677,0.0009813721491104457,2181,-4.580563883774053,-4.52219649456409,-0.05836738920996271,-0.00274139604203544,1996,-7.07004358605072,-7.12531655615407,0.055272970103349944,0.0017600238929248498,1968
24.240000000000002,11.659580794976089,1.4189939821423463,11.659580794976089,11.6568964438216,0.002684351154488334,0.0009650381607540573,2181,-4.600905561135527,-4.542741094565073,-0.05816446657045471,-0.0027345528043839933,1996,-7.058675233840563,-7.114155349256529,0.05548011541596558,0.0017695146436298324,1968
24.25,11.66843904477212,1.400672183135432,11.66843904477212,11.66616477611724,0.0022742686548813027,0.0009486946488037502,2181,-4.621201829416564,-4.563240849563813,-0.057960979852751664,-0.0027276825785856012,1995,-7.047237215355559,-7.102923926553427,0.05568671119786797,0.0017789879297815813,1968
24.26,11.677182131785516,1.382336560059544,11.677182131785516,11.675317956137217,0.0018641756483007488,0.0009323417745629005,2181,-4.641452488301198,-4.58369555724172,-0.0577569310594779,-0.0027207854324495387,1995,-7.035729643484323,-7.091622398895497,0.05589275541117476,0.0017884436578862488,1968
24.27,11.685809969725547,1.3639872938798803,11.685809969725547,11.68435589355018,0.0014540761753678683,0.0009159796994290606,2181,-4.661657337923604,-4.6041050157248,-0.05755232219880383,-0.002713861434047918,1995,-7.024152631801946,-7.080250877825381,0.05609824602343437,0.0017978817346185824,1968
24.28,11.694322473438927,1.34562456569629,11.694322473438927,11.693278499162162,0.001043974276762696,0.0008996085848872303,2181,-4.681816178870071,-4.624469023585645,-0.0573471552844261,-0.002706910651716633,1995,-7.012506294568857,-7.068809475576521,0.056303181007663405,0.0018073020668295842,1968
24.29,11.702719558910678,1.3272485567414867,11.702719558910678,11.702085684917483,0.0006338739931954824,0.0008832285925132518,2181,-4.701928812180977,-4.644787379845424,-0.057141432335553244,-0.0026999331540570877,1995,-7.000790746729704,-7.057298305072062,0.05650755834235696,0.001816704561543947,1968
24.3,11.71100114326497,1.3088594483792606,11.71100114326497,11.710777363899597,0.00022377936537170765,0.000866839883971353,2181,-4.721995039352755,-4.665059883975866,-0.05693515537688899,-0.0026929290099341344,1994,-6.9890061039122156,-7.0457174799237325,0.05671137601151649,0.0018260891259628464,1968
24.310000000000002,11.719167144765896,1.2904574221026763,11.719167144765896,11.71935345033196,-0.00018630556606357912,0.0008504426210100575,2181,-4.742014662339849,-4.68528633590124,-0.056728326438609235,-0.0026858982884769623,1994,-6.97715248242605,-7.034067114430722,0.05691463200467361,0.0018354556674671312,1969
24.32,11.72721748281832,1.2720426595323355,11.72721748281832,11.727813859578875,-0.0005963767605559745,0.0008340369654631277,2181,-4.761987483556635,-4.705466536000324,-0.0565209475563119,-0.002678841059068051,1994,-6.9652299992616875,-7.022347323578557,0.057117324316869465,0.0018448040936052644,1969
24.330000000000002,11.735152077968664,1.2536153424144685,11.735152077968664,11.736158508146339,-0.001006430177676707,0.0008176230792485435,2181,-4.781913305879471,-4.725600285108384,-0.05631302077108695,-0.0026717573913705214,1994,-6.953238772089193,-7.01055822303796,0.057319450948766046,0.001854134312122402,1969
24.34,11.742970851905662,1.2351756526192976,11.742970851905662,11.744387313682845,-0.0014164617771814769,0.0008012011243614964,2182,-4.801791932648494,-4.745687384519134,-0.05610454812936051,-0.0026646473552846025,1993,-6.941178919257172,-6.998699929163713,0.05752100990654279,0.0018634462309233993,1969
24.35,11.750673727461189,1.2167237721390753,11.750673727461189,11.752500194980204,-0.0018264675190168185,0.0007847712628826454,2182,-4.821623167669724,-4.765727635986697,-0.0558955316830269,-0.0026575110209954146,1993,-6.929050559791467,-6.986772558993511,0.05772199920204451,0.0018727397581127826,1969
24.36,11.758260628610962,1.1982598830864437,11.758260628610962,11.760497071974362,-0.0022364433633996128,0.000768333656966224,2182,-4.841406815216846,-4.785720841727565,-0.05568597348928078,-0.002650348458925542,1993,-6.916853813394119,-6.974776230246799,0.057922416852681194,0.0018820148019595274,1969
24.37,11.765731480475333,1.1797841676925234,11.765731480475333,11.768377865746162,-0.0026463852708314005,0.0007518884688430139,2182,-4.861142680033258,-4.8056668044225495,-0.055475875610707916,-0.002643159739769491,1993,-6.904588800442077,-6.962711061323615,0.058122260881540114,0.0018912712709264327,1969
24.38,11.773086209320006,1.1612968083051656,11.773086209320006,11.776142498522146,-0.003056289202139729,0.0007354358608218734,2182,-4.88083056733394,-4.825565327218726,-0.0552652401152151,-0.00263594493447728,1992,-6.89225564198607,-6.950577171303425,0.058321529317355625,0.001900509073655195,1970
24.39,11.780324742556788,1.1427979873871443,11.780324742556788,11.783790893675317,-0.0034661511185306317,0.0007189759952821442,2182,-4.900470282807396,-4.84541621373138,-0.0550540690760151,-0.0026287041142548867,1992,-6.879854459749394,-6.93837467994394,0.05852022019454652,0.0019097281189728046,1970
24.400000000000002,11.787447008744266,1.1242878875143436,11.787447008744266,11.791322975725882,-0.0038759669816156635,0.000702509034675316,2182,-4.920061632617568,-4.865219268045947,-0.05484236457162106,-0.002621437350568386,1992,-6.867385376126701,-6.926103707679938,0.058718331553237524,0.0019189283158931162,1970
24.41,11.794452937588549,1.1057666913740072,11.794452937588549,11.798738670342017,-0.004285732753465969,0.0006860351415217776,2182,-4.939604423405714,-4.884974294719941,-0.054630128685773396,-0.00261414471512892,1992,-6.854848514182837,-6.913764375622079,0.058915861439241754,0.0019281095736073737,1970
24.42,11.801342459943957,1.0872345817628222,11.801342459943957,11.806037904340583,-0.0046954443966265936,0.0006695544784146744,2182,-4.959098462292423,-4.904681098784887,-0.054417363507535954,-0.002606826279924104,1992,-6.842243997651537,-6.901356805555701,0.059112807904163345,0.0019372718015095956,1970
24.43,11.808115507813675,1.0686917415852708,11.808115507813675,11.813220605687865,-0.005105097874192823,0.0006530672080077111,2182,-4.978543556879356,-4.924339485748245,-0.054204071131110775,-0.00259948211717067,1991,-6.829571950934322,-6.888881119939625,0.0593091690053036,0.0019464149091628935,1970
24.44,11.814772014350464,1.0501383538516567,11.814772014350464,11.820286703500273,-0.005514689149808583,0.000636573493026058,2182,-4.997939515251323,-4.943949261595328,-0.053990253655994726,-0.0025921122993646586,1991,-6.816832499099144,-6.876337441904948,0.059504942805803304,0.0019555388063383743,1970
24.45,11.821311913857286,1.0315746016764589,11.821311913857286,11.827236128045033,-0.005924214187747554,0.0006200734962535457,2182,-5.017286145978014,-4.96351023279122,-0.053775913186793436,-0.002584716899232735,1991,-6.804025767879275,-6.863725895253816,0.05970012737454099,0.001964643402979039,1971
24.46,11.827735141787974,1.013000668276406,11.827735141787974,11.834068810740897,-0.006333668952922707,0.0006035673805385097,2183,-5.0365832581160035,-4.9830222062826826,-0.053561051833321494,-0.002577295989767696,1991,-6.791151883671974,-6.851046604458219,0.059894720786245,0.0019737286092292826,1971
24.47,11.834041634747864,0.9944167369687221,11.834041634747864,11.840784684158804,-0.00674304941093878,0.0005870553087895204,2183,-5.055830661210588,-5.00248498950006,-0.053345671710528494,-0.002569849644211057,1990,-6.778210973537279,-6.838299694658746,0.06008872112146728,0.0019827943354216076,1971
24.48,11.840231330494415,0.9758229911693066,11.840231330494415,11.847383682022544,-0.007152351528128862,0.0005705374439727417,2183,-5.0750281652976685,-5.021898390359183,-0.053129774938485516,-0.002562377936054323,1990,-6.765203165196751,-6.825485291663365,0.060282126466613586,0.001991840492081249,1971
24.490000000000002,11.846304167937829,0.9572196143909136,11.846304167937829,11.853865739209429,-0.007561571271600506,0.0005540139491127067,2183,-5.0941755809056355,-5.041262217263264,-0.05291336364237162,-0.002554880939041572,1990,-6.752128587032196,-6.8126035219461665,0.06047493491397133,0.0020008669899288364,1971
24.5,11.852260087141651,0.9386067902413924,11.852260087141651,11.860230791750915,-0.007970704609264356,0.0005374849872888526,2183,-5.113272719057205,-5.0605762791047875,-0.05269643995241815,-0.0025473587271580204,1990,-6.738987368084449,-6.799654512646129,0.060667144561680916,0.002009873739868761,1971
24.51,11.858099029323366,0.9199847024217616,11.858099029323366,11.866478776833246,-0.00837974750988026,0.0005209507216357495,2183,-5.132319391271368,-5.079840385267393,-0.052479006003975585,-0.0025398113746545343,1990,-6.725779638052002,-6.786638391565855,0.06085875351385425,0.0020188606530185025,1971
24.52,11.863820936854966,0.9013535347245518,11.863820936854966,11.872609632798072,-0.008788695943104987,0.0005044113153373116,2183,-5.15131540956512,-5.099054345627759,-0.052261063937360026,-0.002532238956008759,1989,-6.712505527289849,-6.773555287170313,0.06104975988046422,0.002027827640671439,1972
24.53,11.869425753263542,0.8827134710318245,11.869425753263542,11.878623299143051,-0.009197545879509715,0.0004878669316327935,2183,-5.17026058645547,-5.118217970557485,-0.05204261589798442,-0.002524641545969073,1989,-6.699165166808075,-6.760405328585568,0.06124016177749334,0.002036774614336264,1972
24.54,11.874913423231812,0.8640646953135144,11.874913423231812,11.884519716522458,-0.009606293290646821,0.0004713177338064355,2183,-5.189154734961139,-5.137331070924951,-0.0518236640361884,-0.0025170192195088205,1989,-6.685758688270675,-6.74718864559751,0.06142995732683442,0.0020457014857021734,1972
24.55,11.88028389259869,0.8454073916254986,11.88028389259869,11.890298826747761,-0.010014934149070556,0.00045476388519227143,2183,-5.207997668604522,-5.156393458097194,-0.0516042105073273,-0.0025093720518603313,1989,-6.672286223994171,-6.73390536865057,0.06161914465639786,0.0020546081666680985,1972
24.560000000000002,11.885537108359815,0.8267417441078216,11.885537108359815,11.895960572788198,-0.010423464428383168,0.0004382055491695394,2183,-5.226789201413478,-5.175404943941768,-0.051384257471709424,-0.0025017001184999194,1989,-6.65874790694634,-6.720555628846434,0.061807721900093385,0.0020634945693305904,1972
24.57,11.890673018668064,0.8080679369829206,11.890673018668064,11.901504898771343,-0.010831880103277831,0.0004216428891613503,2183,-5.245529147923138,-5.194365340828596,-0.05116380709454189,-0.0024940034951384327,1988,-6.6451438707449295,-6.707139557942749,0.06199568719781972,0.0020723606059774137,1972
24.580000000000002,11.895691572834078,0.7893861545536904,11.895691572834078,11.906931749983649,-0.011240177149570457,0.0004050760686340549,2183,-5.264217323177832,-5.213274461631826,-0.050942861546005413,-0.0024862822577488447,1988,-6.631474249656249,-6.693657288351825,0.06218303869557507,0.002081206189114817,1973
24.59,11.900592721326754,0.7706965812018245,11.900592721326754,11.912241072871,-0.011648351544247402,0.0003885052510947387,2183,-5.282853542732778,-5.232132119731681,-0.050721423001097665,-0.002478536482525016,1988,-6.617739178593978,-6.680108953139321,0.062369774545343475,0.0020900312314300973,1973
24.6,11.905376415773734,0.7519994013858233,11.905376415773734,11.91743281503923,-0.01205639926549727,0.00037193060009132507,2183,-5.30143762265605,-5.250938129016291,-0.05049949363976049,-0.0024707662459255795,1988,-6.603938793117686,-6.666494686022943,0.06255589290525618,0.0020988356458339352,1973
24.61,11.910042608961884,0.7332947996393464,11.910042608961884,11.922506925254643,-0.012464316292760217,0.00035535227920710163,2183,-5.319969379530245,-5.269692303883538,-0.05027707564670736,-0.002462971624627336,1987,-6.590073229431641,-6.652814621371109,0.06274139193946678,0.002107619345420013,1973
24.62,11.914591254837761,0.7145829605692187,11.914591254837761,11.927463353444523,-0.012872098606758158,0.00033877045206421024,2184,-5.338448630454442,-5.2883944592428875,-0.05005417121155456,-0.0024551526955716957,1987,-6.5761426243833245,-6.639068894201637,0.06292626981831272,0.0021163822435075145,1973
24.63,11.91902230850807,0.6958640688537695,11.91902230850807,11.932302050697615,-0.013279742189544074,0.00032218528231660933,2184,-5.356875193045865,-5.3070444105172125,-0.049830782528652647,-0.0024473095359182325,1987,-6.562147115462209,-6.625257640180407,0.06311052471819831,0.0021251242536020256,1973
24.64,11.9233357262401,0.6771383092408928,11.9233357262401,11.937022969264632,-0.01368724302453063,0.0003055969336536518,2184,-5.375248885441791,-5.325641973644614,-0.04960691179717786,-0.0024394422230792526,1987,-6.5480868407983115,-6.6113809956200225,0.06329415482171008,0.002133845289425873,1974
24.650000000000002,11.927531465462156,0.6584058665462648,11.927531465462156,11.941626062558695,-0.014094597096539476,0.0002890055697946717,2184,-5.393569526301303,-5.344186965080242,-0.04938256122106139,-0.0024315508347034034,1987,-6.5339619391608545,-6.597439097478459,0.06347715831760325,0.0021425452649093037,1974
24.66,11.931609484763987,0.6396669256515644,11.931609484763987,11.946111285155823,-0.014501800391834649,0.00027241135448901645,2184,-5.411836934807045,-5.362679201798103,-0.04915773300894161,-0.0024236354486675583,1986,-6.519772549956945,-6.5834320833577245,0.06365953340077865,0.002151224094178752,1974
24.67,11.935569743897188,0.6209216715025306,11.935569743897188,11.950478592795355,-0.014908848898167092,0.0002558144515143997,2184,-5.430050930667104,-5.38111850129287,-0.048932429374234136,-0.002415696143103439,1986,-6.505518813230087,-6.569360091502491,0.0638412782724044,0.0021598816915895814,1974
24.68,11.939412203775602,0.6021702891072965,11.939412203775602,11.95472794238041,-0.015315738604808051,0.0002392150246756531,2184,-5.448211334116659,-5.3995046815816785,-0.04870665253498225,-0.002407732996358158,1986,-6.491200869658945,-6.555223260798736,0.0640223911397911,0.002168517971682698,1974
24.69,11.943136826475701,0.5834129635343938,11.943136826475701,11.958859291978296,-0.0157224655025952,0.00022261323780103058,2184,-5.466317965919898,-5.417837561205928,-0.04848040471396986,-0.002399746087034717,1986,-6.476818860555804,-6.541021730772369,0.06420287021656426,0.002177132849233451,1974
24.7,11.946743575236958,0.5646498799110955,11.946743575236958,11.962872600820925,-0.016129025583966023,0.00020600925474342432,2184,-5.484370647371636,-5.436116959233074,-0.04825368813856248,-0.002391735493949253,1986,-6.462372927865325,-6.5267556415878545,0.0643827137225285,0.0021857262392052947,1974
24.71,11.950232414462226,0.5458812234214195,11.950232414462226,11.96676782930523,-0.016535414843002364,0.00018940323937758838,2184,-5.502369200299232,-5.454342695258405,-0.04802650504082805,-0.002383701296173504,1985,-6.4478632141629975,-6.512425134046829,0.06456191988383121,0.002194298056795753,1975
24.72,11.953603309718067,0.5271071793044709,11.953603309718067,11.97054493899354,-0.016941629275470164,0.00017279535559695802,2184,-5.520313447064201,-5.47251458940683,-0.04779885765737001,-0.0023756435729907245,1985,-6.433289862653871,-6.498030349586711,0.06474048693284097,0.0022028482173940514,1975
24.73,11.956856227735107,0.5083279328524432,11.956856227735107,11.974203892613964,-0.017347664878854446,0.00015618576731404096,2184,-5.538203210564106,-5.490632462334657,-0.0475707482294489,-0.002367562403938016,1985,-6.418653017171005,-6.483571430279309,0.06491841310830256,0.0022113766366237894,1975
24.740000000000002,11.959991136408357,0.4895436694089383,11.959991136408357,11.97774465406076,-0.017753517652403867,0.00013957463845785684,2184,-5.5560383142341845,-5.508696135231353,-0.047342179002831324,-0.0023594578687654195,1985,-6.403952822174175,-6.46904851882941,0.0650956966552336,0.002219883230307246,1975
24.75,11.963008004797535,0.47075457436707446,11.963008004797535,11.981167188394696,-0.018159183597162492,0.0001229621329739911,2184,-5.573818582049148,-5.526705429821316,-0.04711315222783208,-0.0023513300474579373,1985,-6.38918942274839,-6.454461758573382,0.06527233582499298,0.0022283679144835347,1975
24.76,11.965906803127366,0.45196083316759167,11.965906803127366,11.984471461843386,-0.018564658716020706,0.00010634841482024763,2184,-5.591543838524966,-5.544660168365634,-0.04688367015933164,-0.002343179020243327,1984,-6.374362964602403,-6.439811293477755,0.06544832887535075,0.0022368306054227943,1975
24.77,11.968687502787883,0.4331626312971708,11.968687502787883,11.987657441801627,-0.01896993901374542,8.973364796664544e-05,2184,-5.609213908720477,-5.562560173663835,-0.046653735056641804,-0.002335004867558107,1984,-6.359473594067408,-6.425097268137795,0.06562367407038563,0.00224527121959126,1976
24.78,11.971350076334703,0.4143601542864325,11.971350076334703,11.990725096831724,-0.01937502049702142,7.311799639412968e-05,2184,-5.6268286182392595,-5.5804052690556425,-0.04642334918361618,-0.002326807670088214,1984,-6.344521458095447,-6.410319827776084,0.06579836968063602,0.0022536896736939354,1976
24.79,11.973894497489296,0.39555358770827664,11.973894497489296,11.993674396663794,-0.01977989917449907,5.650162409044819e-05,2184,-5.644387793231202,-5.598195278422712,-0.04619251480848961,-0.002318587508724822,1984,-6.329506704258097,-6.3954791182410835,0.0659724139829863,0.0022620858846342604,1976
24.8,11.97632074113926,0.37674311717588027,11.97632074113926,11.996505312196073,-0.02018457105681341,3.9884695054194334e-05,2184,-5.661891260394378,-5.615930026190376,-0.045961234204000605,-0.0023103444646089323,1984,-6.314429480744884,-6.380575286005696,0.06614580526081083,0.0022704597695544556,1976
24.810000000000002,11.97862878333854,0.3579289283410148,11.97862878333854,11.999217815495191,-0.020589032156649333,2.326737328542123e-05,2184,-5.679338846976609,-5.633609337329372,-0.04572950964723626,-0.002302078619088358,1983,-6.2992899363619355,-6.365608478165817,0.06631854180388241,0.00227881124580253,1976
24.82,11.9808186013077,0.3391112068921496,11.9808186013077,12.00181187979646,-0.0209932784887607,6.6498227907271085e-06,2184,-5.696730380777246,-5.651233037357572,-0.04549734341967446,-0.002293790053739395,1983,-6.284088220530458,-6.35057884243889,0.06649062190843277,0.00228714023094837,1977
24.830000000000002,11.982890173434118,0.3202901385525557,11.982890173434118,12.004287479504137,-0.021397306070019606,-9.96779242153599e-06,2184,-5.714065690148905,-5.6688009523417,-0.04526473780720528,-0.0022854788503771633,1983,-6.268824483285215,-6.3354865271624385,0.0666620438772233,0.002295446642798664,1977
24.84,11.98484347927221,0.3014659090786221,11.98484347927221,12.006644590191666,-0.021801110919456163,-2.6585308343895532e-05,2184,-5.731344603999045,-5.686312908899057,-0.04503169509998873,-0.0022771450910184254,1983,-6.253498875273166,-6.32033168129261,0.0668328060194433,0.002303730399362469,1977
24.85,11.98667849954364,0.2826387042578512,11.98667849954364,12.008883188601928,-0.0222046890582887,-4.320256096780866e-05,2184,-5.7485669517918,-5.703768734199228,-0.04479821759257236,-0.0022687888579247754,1983,-6.238111547751841,-6.305114454402702,0.06700290665086027,0.0023119914188926647,1977
24.86,11.988395216137496,0.26380870990719657,11.988395216137496,12.01100325264747,-0.022608036509974654,-5.981938628828003e-05,2184,-5.765732563549514,-5.721168255965787,-0.04456430758372672,-0.0022604102335570444,1982,-6.222662652587985,-6.289834996681686,0.06717234409370058,0.0023202296198455525,1977
24.87,11.989993612110482,0.24497611187105758,11.989993612110482,12.013004761410723,-0.023011149300242385,-7.643562030480288e-05,2184,-5.782841269854564,-5.738511302477996,-0.04432996737656699,-0.002252009300619709,1982,-6.207152342255921,-6.27449345893273,0.06734111667680859,0.0023284449209246515,1977
24.88,11.99147367168707,0.22614109601961663,11.99147367168707,12.014887695144205,-0.0234140234571341,-9.305109902254475e-05,2184,-5.799892901850889,-5.755797702572506,-0.04409519927838284,-0.0022435861420148106,1982,-6.191580769836184,-6.259089992571701,0.06750922273551695,0.0023366372410374356,1978
24.89,11.992835380259672,0.2073038482468336,11.992835380259672,12.016652035270713,-0.02381665501103926,-0.00010966565845327032,2184,-5.816887291245802,-5.773027285645036,-0.04386000560076483,-0.0022351408408860063,1982,-6.175948089013875,-6.243624749625679,0.06767666061180488,0.0023448064993395142,1978
24.900000000000002,11.994078724388778,0.18846455446876026,11.994078724388778,12.01829776438352,-0.02421903999474228,-0.0001262791346188204,2184,-5.833824270311524,-5.7901998816520726,-0.043624388659451764,-0.002226673480578662,1982,-6.160254454077257,-6.228097882731453,0.06784342865419563,0.0023529526151978325,1978
24.91,11.995203691803079,0.1696234006216418,11.995203691803079,12.019824866246534,-0.02462117444345593,-0.00014289136355167924,2184,-5.8507036718868894,-5.807315321112526,-0.04338835077436408,-0.0022181841446570864,1981,-6.144500019916191,-6.212509545134014,0.06800952521782239,0.002361075508209196,1978
24.92,11.9962102713996,0.1507805726600177,11.9962102713996,12.021233325794462,-0.02502305439486268,-0.00015950218129627027,2184,-5.867525329379057,-5.8243734351094245,-0.04315189426963247,-0.002209672916917974,1981,-6.128684942020546,-6.196859890685043,0.06817494866449754,0.002369175098214738,1978
24.93,11.99709845324381,0.1319362565550353,11.99709845324381,12.022523129132956,-0.025424675889149692,-0.00017611142391075162,2184,-5.88428907676502,-5.841374055291569,-0.0429150214734516,-0.0022011398813526935,1981,-6.112809376478792,-6.181149073841397,0.06833969736260448,0.002377251305263792,1978
24.94,11.997868228569708,0.11309063829244421,11.997868228569708,12.023694263538763,-0.025826034969056517,-0.00019271892746952624,2184,-5.900994748593397,-5.858317013875198,-0.042677734718198544,-0.0021925851221886805,1981,-6.096873479976313,-6.165377249663572,0.06850376968725824,0.002385304049658655,1979
24.95,11.998519589779928,0.09424390387093104,11.998519589779928,12.024746717459834,-0.026227127679905315,-0.000209324528063542,2184,-5.917642179985917,-5.875202143645647,-0.04244003634026981,-0.002184008723847321,1981,-6.080877409794014,-6.1495445738141905,0.06866716402017752,0.0023933332519111904,1979
24.96,11.999052530445793,0.07539623930011315,11.999052530445793,12.025680480515437,-0.0266279500696438,-0.00022592806180334393,2184,-5.934231206639185,-5.892029277958989,-0.04220192868019584,-0.002175410770983912,1980,-6.06482132380661,-6.133651202556451,0.06882987874984123,0.0024013388327873086,1979
24.97,11.999467045307398,0.05654783059887338,11.999467045307398,12.02649554349628,-0.027028498188881808,-0.0002425293648177949,2184,-5.950761664826174,-5.908798250743692,-0.041963414082481144,-0.0021667913484461013,1980,-6.048705380481227,-6.1176972927525926,0.06899191227136454,0.0024093207132637605,1979
24.98,11.999763130273644,0.03769886379335356,11.999763130273644,12.027191898364585,-0.027428768090939006,-0.0002591282732606996,2184,-5.967233391397968,-5.925508896502246,-0.04172449489571968,-0.002158150541314045,1980,-6.032529738875682,-6.101683001862341,0.06915326298665948,0.0024172788145746726,1979
24.990000000000002,11.999940782422298,0.01884952491527841,11.999940782422298,12.027769538254168,-0.027828755831868748,-0.0002757246233073196,2184,-5.983646223785248,-5.942161050312809,-0.04148517347243893,-0.0021494884348603463,1980,-6.016294558637052,-6.0856084879413626,0.06931392930430848,0.002425213058167448,1980
25.0,12.0,2.2043642384652354e-15,12.0,12.028228457470513,-0.028228457470513734,-0.00029231825115911235,2185,-5.999999999999996,-5.9587545478308215,-0.04124545216917467,-0.0021408051145790216,1980,-6.000000000000007,-6.069473909639696,0.06947390963968919,0.002433123365738002,1980
25.01,11.999940782422298,-0.018849524915284663,11.999940782422298,12.028568651490826,-0.028627869068528277,-0.0003089089930439744,2184,-6.016294558637051,-5.975289225290637,-0.04100533334641451,-0.002132100666172829,1980,-5.98364622378525,-6.053279426200194,0.06963320241494358,0.0024410096592167286,1980
25.02,11.999763130273644,-0.037698863793349156,11.999763130273644,12.028790116964078,-0.029026986690432372,-0.00032549668521889095,2184,-6.032529738875669,-5.991764919507134,-0.04076481936853511,-0.0021233751755430456,1979,-5.967233391397978,-6.0370251974569475,0.06979180605896908,0.002448871860761894,1980
25.03,11.999467045307398,-0.05654783059886898,11.999467045307398,12.028892851711039,-0.02942580640364031,-0.00034208116396991853,2184,-6.048705380481216,-6.0081814678773355,-0.04052391260388084,-0.0021146287288176585,1979,-5.950761664826185,-6.020711383833708,0.06994971900752274,0.0024567098927877518,1980
25.04,11.999052530445793,-0.07539623930010875,11.999052530445793,12.028876854724297,-0.02982432427850522,-0.00035866226561658086,2184,-6.0648213238065996,-6.024538708381997,-0.04028261542460163,-0.0021058614123085698,1979,-5.934231206639198,-6.004338146342306,0.07010693970310844,0.002464523677925089,1980
25.05,11.998519589779928,-0.09424390387092663,11.998519589779928,12.028742126168279,-0.030222536388350874,-0.0003752398265091817,2184,-6.080877409794002,-6.040836479587226,-0.04004093020677776,-0.002097073312556529,1979,-5.917642179985928,-5.98790564658106,0.0702634665951318,0.0024723131390660693,1981
25.060000000000002,11.997868228569708,-0.11309063829245046,11.997868228569708,12.02848866737923,-0.030620438809522556,-0.00039181368303563453,2184,-6.096873479976312,-6.057074620646054,-0.039798859330256876,-0.0020882645162871097,1979,-5.9009947485934005,-5.971414046733181,0.07041929813978103,0.002480078199323002,1981
25.07,11.99709845324381,-0.1319362565550309,11.99709845324381,12.028116480865219,-0.031018027621410947,-0.0004083836716188829,2184,-6.11280937647878,-6.073252971300045,-0.03955640517873511,-0.0020794351104426205,1978,-5.884289076765032,-5.954863509565179,0.07057443280014686,0.002487818782061507,1981
25.080000000000002,11.9962102713996,-0.15078057266002395,11.9962102713996,12.027625570306101,-0.0314152989065014,-0.0004249496287203249,2184,-6.128684942020543,-6.08937137188086,-0.039313570139683125,-0.002070585182165053,1978,-5.867525329379059,-5.938254198425245,0.07072886904618533,0.0024955348108853955,1981
25.09,11.995203691803079,-0.1696234006216374,11.995203691803079,12.027015940553486,-0.031812248750408945,-0.00044151139084032745,2184,-6.144500019916179,-6.105429663311843,-0.03907035660433575,-0.002061714818799692,1978,-5.850703671886902,-5.921586277241646,0.0708826053547447,0.0025032262096398583,1981
25.1,11.994078724388778,-0.1884645544687771,11.994078724388778,12.026287597630695,-0.032208873241918005,-0.00045806879452259773,2184,-6.160254454077264,-6.121427687109589,-0.0388267669676745,-0.0020528241078948207,1978,-5.833824270311518,-5.904859910521108,0.07103564020959172,0.002510892902417128,1982
25.11,11.992835380259672,-0.20730384824682918,11.992835380259672,12.025440548732693,-0.03260516847301904,-0.00047462167635225084,2184,-6.175948089013863,-6.137365285385504,-0.03858280362835923,-0.002043913137190166,1978,-5.8168872912458145,-5.888075263347192,0.07118797210137827,0.002518534813542031,1982
25.12,11.99147367168707,-0.2261410960196122,11.99147367168707,12.024474802226022,-0.033001130538951415,-0.0004911698729592844,2184,-6.191580769836174,-6.153242300847368,-0.03833846898880522,-0.002034981994643837,1978,-5.7998929018509,-5.871232501378656,0.07133959952775584,0.0025261518676030536,1982
25.13,11.989993612110482,-0.24497611187105317,11.989993612110482,12.023390367648716,-0.033396755538233666,-0.0005077132210206826,2184,-6.207152342255909,-6.169058576800884,-0.03809376545502416,-0.0020260307683911682,1977,-5.7828412698545755,-5.854331790847832,0.07149052099325703,0.002533743989411617,1982
25.14,11.988395216137496,-0.2638087099071921,11.988395216137496,12.022187255710211,-0.03379203957271437,-0.0005242515572608389,2184,-6.2226626525879745,-6.184813957151231,-0.03784869543674263,-0.0020170595467878675,1977,-5.765732563549525,-5.8373732985589815,0.0716407350094554,0.002541311104048545,1982
25.150000000000002,11.98667849954364,-0.2826387042578575,11.98667849954364,12.020865478291237,-0.03418697874759758,-0.000540784718453511,2184,-6.238111547751839,-6.200508286404595,-0.037603261347243074,-0.002008068418366907,1977,-5.748566951791804,-5.820357191886643,0.07179024009483906,0.0025488531368201076,1983
25.16,11.98484347927221,-0.30146590907861764,11.98484347927221,12.019425048443699,-0.034581569171488954,-0.0005573125414232907,2184,-6.253498875273156,-6.216141409669712,-0.037357465603442504,-0.0019990574718698733,1977,-5.731344603999058,-5.803283638773989,0.07193903477493066,0.0025563700132929454,1983
25.17,11.982890173434118,-0.32029013855256205,11.982890173434118,12.017865980390551,-0.034975806956433916,-0.0005738348630475168,2184,-6.268824483285213,-6.231713172659391,-0.037111310625822555,-0.001990026796231275,1977,-5.714065690148908,-5.786152807731163,0.07208711758225489,0.0025638616592786314,1983
25.18,11.9808186013077,-0.33911120689214513,11.9808186013077,12.016188289525655,-0.035369688217954255,-0.0005903515202592595,2184,-6.284088220530446,-6.247223421692037,-0.036864798838408784,-0.001980976480579019,1977,-5.696730380777257,-5.76896486783362,0.07223448705636225,0.0025713280008381545,1983
25.19,11.97862878333854,-0.3579289283410317,11.97862878333854,12.014391992413625,-0.03576320907508466,-0.0006068623500448444,2184,-6.299289936361941,-6.262672003693177,-0.03661793266876512,-0.0019719066142383423,1976,-5.679338846976602,-5.751719988720452,0.07238114174384898,0.002578768964283476,1983
25.2,11.97632074113926,-0.3767431171758759,11.97632074113926,12.012477106789675,-0.0361563656504141,-0.0006233671894504264,2184,-6.314429480744873,-6.2780587661969545,-0.03637071454791831,-0.0019628172867173334,1976,-5.6618912603943885,-5.73441834059272,0.07252708019833162,0.002586184476167755,1984
25.21,11.973894497489297,-0.39555358770827226,11.973894497489297,12.010443651559424,-0.03654915407012557,-0.0006398658755800198,2184,-6.329506704258086,-6.293383557347652,-0.036123146910434285,-0.001953708587734213,1976,-5.644387793231214,-5.717060094211773,0.07267230098055907,0.00259357446331422,1984
25.22,11.971350076334703,-0.4143601542864281,11.971350076334703,12.00829164679873,-0.036941570464027906,-0.0006563582455989371,2184,-6.344521458095436,-6.3086462259011755,-0.035875232194259886,-0.00194458060717638,1976,-5.626828618239271,-5.699645420897559,0.0728168026582878,0.002600938852775303,1984
25.23,11.968687502787883,-0.43316263129716637,11.968687502787883,12.006021113753487,-0.03733361096560347,-0.0006728441367347283,2184,-6.359473594067398,-6.323846621226555,-0.03562697284084375,-0.0019354334351442638,1976,-5.6092139087204895,-5.6821744925269355,0.07296058380644563,0.0026082775718789726,1984
25.240000000000002,11.965906803127366,-0.4519608331675979,11.965906803127366,12.003632074839402,-0.0377252717120352,-0.0006893233862794827,2184,-6.374362964602401,-6.338984593307428,-0.035378371294973295,-0.0019262671619071714,1975,-5.591543838524969,-5.6646474815319765,0.0731036430070077,0.002615590548186438,1984
25.25,11.963008004797535,-0.47075457436707,11.963008004797535,12.001124553641786,-0.03811654884425115,-0.0007057958315884521,2184,-6.3891894227483785,-6.3540599927435215,-0.035129430004856646,-0.0019170818779360357,1975,-5.573818582049159,-5.647064560898268,0.07324597884910859,0.00262287770952472,1985
25.26,11.959991136408357,-0.4895436694089446,11.959991136408357,11.998498574915324,-0.038507438506965815,-0.0007222613100869735,2184,-6.4039528221741735,-6.369072670752128,-0.03488015142204626,-0.0019078776738851782,1975,-5.556038314234188,-5.629425904163199,0.07338758992901129,0.002630138983972301,1985
25.27,11.956856227735107,-0.5083279328524387,11.956856227735107,11.995754164583817,-0.03889793684870877,-0.000738719659267582,2184,-6.418653017170995,-6.384022479169568,-0.03463053800142703,-0.0018986546405960836,1975,-5.5382032105641175,-5.611731685414253,0.073528474850135,0.002637374299863574,1985
25.28,11.953603309718067,-0.5271071793044666,11.953603309718067,11.992891349739942,-0.03928804002187396,-0.000755170716693997,2184,-6.43328986265386,-6.398909270452661,-0.03438059220119878,-0.001889412869097583,1975,-5.520313447064213,-5.593982079287286,0.07366863222307274,0.002644583585791703,1985
25.29,11.950232414462228,-0.5458812234214153,11.950232414462228,11.989910158644975,-0.03967774418274514,-0.0007716143200004657,2184,-6.447863214162987,-6.413732897680173,-0.03413031648281346,-0.0018801524505947945,1975,-5.502369200299245,-5.576177260964804,0.0738080606655586,0.002651766770595339,1985
25.3,11.946743575236958,-0.5646498799110911,11.946743575236958,11.986810620728509,-0.04006704549154998,-0.0007880503068972682,2184,-6.4623729278653155,-6.428493214554274,-0.03387971331104032,-0.0018708734764942853,1974,-5.484370647371647,-5.558317406174238,0.0739467588025903,0.0026589237833916056,1986
25.310000000000002,11.943136826475698,-0.5834129635344,11.943136826475698,11.983592766588176,-0.040455940112477495,-0.0008044785151672517,2184,-6.476818860555801,-6.4431900754019775,-0.03362878515382361,-0.0018615760383669088,1974,-5.4663179659199,-5.540402691186201,0.07408472526630111,0.002666054553534194,1986
25.32,11.939412203775602,-0.6021702891072922,11.939412203775602,11.980256627989332,-0.04084442421373059,-0.0008208987826705573,2184,-6.491200869658934,-6.457823335176578,-0.03337753448235572,-0.0018522602279779444,1974,-5.448211334116672,-5.5224332928127575,0.07422195869608551,0.0026731590106485233,1986
25.330000000000002,11.935569743897188,-0.6209216715025369,11.935569743897188,11.976802237864755,-0.04123249396756578,-0.0008373109473479657,2184,-6.5055188132300845,-6.472392849459084,-0.033125963771000855,-0.001842926137269431,1974,-5.4300509306671065,-5.504409388405672,0.07435845773856584,0.0026802370846172163,1986
25.34,11.931609484763987,-0.63966692565156,11.931609484763987,11.973229630314304,-0.04162014555031703,-0.0008537148472171447,2184,-6.519772549956934,-6.486898474459643,-0.032874075497290246,-0.001833573858365258,1974,-5.411836934807056,-5.486331155854662,0.07449422104760649,0.0026872887055822826,1986
25.35,11.927531465462156,-0.658405866546271,11.927531465462156,11.969538840604605,-0.04200737514244988,-0.0008701103203794932,2184,-6.533961939160853,-6.501340067018965,-0.03262187214188797,-0.001824203483567606,1974,-5.393569526301306,-5.468198773585644,0.07462924728433705,0.00269431380394701,1987
25.36,11.9233357262401,-0.6771383092408884,11.9233357262401,11.965729905168686,-0.042394178928585234,-0.0008864972050187468,2184,-6.5480868407983,-6.515717484609725,-0.03236935618857427,-0.0018148151053582586,1974,-5.3752488854418035,-5.450012420558961,0.07476353511715791,0.0027013123103769394,1987
25.37,11.919022308508072,-0.6958640688537653,11.919022308508072,11.961802861605614,-0.04278055309754075,-0.0009028753394028722,2184,-6.562147115462198,-6.530030585337982,-0.03211653012421689,-0.0018054088163963712,1973,-5.356875193045878,-5.431772276267635,0.07489708322175764,0.0027082841557989966,1987
25.38,11.914591254837761,-0.7145829605692142,11.914591254837761,11.957757748680145,-0.04316649384238014,-0.0009192445618874216,2184,-6.576142624383312,-6.544279227944567,-0.03186339643874567,-0.0017959847095169916,1973,-5.3384486304544545,-5.41347852073558,0.0750298902811258,0.0027152292714046258,1987
25.39,11.910042608961884,-0.7332947996393419,11.910042608961884,11.953594606322318,-0.04355199736043221,-0.0009356047109148552,2183,-6.5900732294316295,-6.55846327180649,-0.03160995762514058,-0.0017865428777352607,1973,-5.319969379530257,-5.39513133451583,0.0751619549855728,0.0027221475886502547,1987
25.400000000000002,11.905376415773734,-0.7519994013858295,11.905376415773734,11.949313475627076,-0.04393705985334181,-0.0009519556250184753,2183,-6.603938793117683,-6.572582576938316,-0.031356216179366576,-0.0017770834142313069,1973,-5.301437622656053,-5.376730898688762,0.07529327603270838,0.0027290390392498733,1988
25.41,11.900592721326754,-0.7706965812018199,11.900592721326754,11.944914398853854,-0.044321677527099985,-0.0009682971428205834,2183,-6.6177391785939665,-6.586637003993557,-0.031102174600410107,-0.0017676064123698983,1973,-5.2828535427327905,-5.3582773948603,0.07542385212750931,0.0027359035551905403,1988
25.42,11.895691572834078,-0.7893861545536969,11.895691572834078,11.940397419426168,-0.04470584659208858,-0.0009846291030391058,2183,-6.6314742496562475,-6.6006264142660385,-0.0308478353902092,-0.0017581119656843126,1973,-5.264217323177833,-5.339771005160131,0.07555368198229698,0.0027427410687232644,1988
25.43,11.890673018668064,-0.8080679369829161,11.890673018668064,11.935762581931169,-0.04508956326310559,-0.0010009513444825544,2183,-6.645143870744918,-6.614550669691272,-0.030593201053647056,-0.0017486001678811642,1972,-5.24552914792315,-5.321211912239902,0.07568276431675186,0.0027495515123634167,1988
25.44,11.885537108359815,-0.8267417441078279,11.885537108359815,11.931009932119236,-0.04547282375942092,-0.0010172637060591088,2183,-6.6587479069463384,-6.628409632847821,-0.0303382740985171,-0.0017390711128365873,1972,-5.226789201413481,-5.3026002992714165,0.07581109785793722,0.0027563348188958696,1989
25.45,11.880283892598692,-0.8454073916254943,11.880283892598692,11.926139516903486,-0.04585562430479377,-0.0010335660267724945,2183,-6.672286223994162,-6.642203166958653,-0.03008305703550864,-0.0017295248945987897,1972,-5.207997668604534,-5.2839363499448355,0.07593868134030082,0.0027630909213710113,1989
25.46,11.874913423231812,-0.8640646953135102,11.874913423231812,11.921151384359337,-0.046237961127525234,-0.001049858145725886,2183,-6.685758688270663,-6.65593113589249,-0.029827552378173496,-0.0017199616073840813,1972,-5.189154734961152,-5.26522024846685,0.07606551350569793,0.0027698197531099635,1989
25.47,11.869425753263542,-0.8827134710318202,11.869425753263542,11.91604558372403,-0.046619830460488405,-0.0010661399021235163,2183,-6.699165166808063,-6.669593404165156,-0.02957176264290848,-0.0017103813455781368,1972,-5.1702605864554805,-5.246452179558877,0.0761915931033961,0.0027765212477016445,1989
25.48,11.863820936854971,-0.9013535347245372,11.863820936854971,11.91082216539613,-0.04700122854116026,-0.0010824111352703888,2183,-6.712505527289831,-6.683189836940905,-0.029315690348926005,-0.0017007842037340603,1972,-5.151315409565142,-5.227632328455228,0.07631691889008546,0.002783195339004432,1989
25.490000000000002,11.858099029323366,-0.9199847024217678,11.858099029323366,11.905481180935043,-0.04738215161167886,-0.0010986716845783591,2183,-6.725779638051998,-6.696720300033762,-0.029059338018235764,-0.0016911702765729075,1971,-5.13231939127137,-5.208760880901284,0.07644148962991382,0.0027898419611512514,1990
25.5,11.852260087141653,-0.9386067902413776,11.852260087141653,11.9000226830605,-0.047762595918846545,-0.0011149213895603888,2183,-6.738987368084429,-6.710184659908844,-0.02880270817558592,-0.0016815396589732754,1971,-5.113272719057227,-5.18983802315166,0.07656530409443248,0.0027964610485336485,1990
25.51,11.846304167937829,-0.9572196143909198,11.846304167937829,11.894446725652038,-0.048142557714211075,-0.0011311600898414346,2183,-6.7521285870321925,-6.723582783683672,-0.028545803348520346,-0.0016718924459947276,1971,-5.094175580905639,-5.17086394196837,0.07668836106273143,0.0028030525358363396,1990
25.52,11.840231330494415,-0.9758229911693023,11.840231330494415,11.888753363748474,-0.048522033254057614,-0.001147387625150536,2183,-6.7652031651967395,-6.736914539129495,-0.028288626067245033,-0.001662228732843508,1971,-5.07502816529768,-5.151838824618983,0.07681065932130264,0.0028096163579939618,1990
25.53,11.834041634747866,-0.9944167369687178,11.834041634747866,11.882942653547346,-0.048901018799480334,-0.0011636038353298574,2183,-6.778210973537269,-6.7501797946725794,-0.028031178864689317,-0.0016525486148984561,1971,-5.0558306612106,-5.132762858874771,0.07693219766417045,0.0028161524502286392,1990
25.54,11.827735141787976,-1.0130006682764017,11.827735141787976,11.877014652404377,-0.04927951061640149,-0.0011798085603332547,2183,-6.791151883671962,-6.76337841939552,-0.02777346427644149,-0.0016428521876983397,1971,-5.036583258116017,-5.113636233008861,0.07705297489284457,0.002822660748031818,1991
25.55,11.821311913857288,-1.0315746016764544,11.821311913857288,11.870969418832898,-0.04965750497561119,-0.0011960016402258068,2182,-6.804025767879265,-6.7765102830385295,-0.027515484840734464,-0.0016331395469426505,1971,-5.0172861459780265,-5.094459135794372,0.07717298981634566,0.0028291411871686125,1991
25.560000000000002,11.814772014350462,-1.0501383538516627,11.814772014350462,11.864807012503272,-0.05003499815281028,-0.0012121829151905917,2182,-6.816832499099141,-6.78957525600072,-0.02725724309842035,-0.0016234107884924168,1970,-4.997939515251325,-5.075231756502555,0.07729224125123063,0.002835593703683121,1991
25.57,11.808115507813678,-1.0686917415852557,11.808115507813678,11.858527494242306,-0.05041198642862792,-0.0012283522255221906,2182,-6.8295719509343025,-6.802573209341384,-0.026998741592918745,-0.00161366600836,1970,-4.978543556879379,-5.055954284900927,0.07741072802154746,0.002842018233882077,1991
25.580000000000002,11.801342459943953,-1.0872345817628284,11.801342459943953,11.852130926032657,-0.05078846608870262,-0.0012445094116409969,2182,-6.842243997651534,-6.815504014781268,-0.026739982870264474,-0.0016039053027306956,1970,-4.959098462292424,-5.03662691125139,0.0775284489589663,0.002848414714371813,1992
25.59,11.79445293758855,-1.1057666913739925,11.79445293758855,11.845617371012201,-0.05116443342365045,-0.0012606543140779103,2182,-6.8548485141828195,-6.82836754470384,-0.026480969478977958,-0.001594128767930132,1970,-4.939604423405737,-5.0172498263083645,0.07764540290262682,0.002854783082007546,1992
25.6,11.787447008744262,-1.1242878875143496,11.787447008744262,11.83898689347344,-0.051539884729176394,-0.0012767867734942455,2182,-6.867385376126697,-6.841163672156547,-0.026221703970150296,-0.0015843365004559583,1970,-4.9200616326175695,-4.997823221316895,0.0777615886993259,0.002861123273950059,1992
25.61,11.780324742556784,-1.1427979873871401,11.780324742556784,11.832239558862833,-0.05191481630604886,-0.0012929066306663801,2182,-6.879854459749382,-6.853892270852064,-0.025962188897317648,-0.0015745285969474502,1970,-4.900470282807406,-4.978347288010773,0.07787700520336571,0.0028674352276135315,1992
25.62,11.773086209320006,-1.1612968083051611,11.773086209320006,11.825375433780183,-0.05228922446017445,-0.001309013726499035,2182,-6.8922556419860594,-6.86655321516955,-0.02570242681650893,-0.0015647051542066973,1970,-4.880830567333953,-4.958822218610636,0.07799165127668259,0.002873718880705712,1992
25.63,11.765731480475333,-1.179784167692519,11.765731480475333,11.818394585977954,-0.052663105502620204,-0.0013251079020228321,2182,-6.904588800442066,-6.879146380155879,-0.025442420286186974,-0.0015548662691864295,1969,-4.861142680033271,-4.939248205822078,0.07810552578880638,0.002879974171209242,1993
25.64,11.758260628610964,-1.1982598830864393,11.758260628610964,11.811297084360614,-0.0530364557496502,-0.001341188998395095,2182,-6.916853813394107,-6.8916716415268775,-0.02518217186723025,-0.0015450120389922575,1969,-4.8414068152168594,-4.91962544283374,0.07821862761688124,0.0028862010373875255,1993
25.650000000000002,11.750673727461185,-1.2167237721390816,11.750673727461185,11.80408299898396,-0.05340927152277166,-0.0013572568569036152,2182,-6.929050559791464,-6.90412887566855,-0.02492168412291377,-0.001535142560882173,1969,-4.821623167669725,-4.899954123315411,0.07833095564568622,0.0028923994177860925,1993
25.66,11.742970851905667,-1.235175652619283,11.742970851905667,11.796752401054409,-0.0537815491487413,-0.0013733113189615736,2182,-6.941178919257153,-6.9165179596383,-0.024660959618852642,-0.0015252579322587237,1969,-4.801791932648517,-4.880234441416113,0.07844250876759554,0.0028985692512205068,1993
25.67,11.735152077968658,-1.2536153424144745,11.735152077968658,11.789305362928317,-0.054153284959659195,-0.0013893522261243744,2181,-6.953238772089189,-6.928838771166142,-0.024400000923045798,-0.0015153582506860505,1969,-4.781913305879472,-4.8604665917621785,0.07855328588270659,0.0029047104768107662,1994
25.68,11.727217482818324,-1.2720426595323204,11.727217482818324,11.78174195811125,-0.054524475292925784,-0.0014053794200686856,2181,-6.965229999261669,-6.941091188655911,-0.024138810605757524,-0.0015054436138622809,1969,-4.761987483556658,-4.840650769455343,0.07866328589868489,0.0029108230339312063,1994
25.69,11.719167144765894,-1.2904574221026825,11.719167144765894,11.77406226125726,-0.05489511649136595,-0.0014213927426193467,2181,-6.977152482426046,-6.953275091186455,-0.023877391239589808,-0.0014955141196480474,1969,-4.742014662339852,-4.820787170070807,0.07877250773095655,0.002916906862267565,1994
25.7,11.711001143264967,-1.308859448379256,11.711001143264967,11.766266348168154,-0.05526520490318609,-0.001437392035727938,2181,-6.989006103912205,-6.965390358512842,-0.02361574539936308,-0.0014855698660364456,1968,-4.721995039352766,-4.8008759896553155,0.07888095030254837,0.0029229619017641256,1994
25.71,11.702719558910681,-1.3272485567414825,11.702719558910681,11.75835429579274,-0.055634736882058354,-0.0014533771414884994,2181,-7.000790746729694,-6.977436871067531,-0.023353875662163116,-0.0014756109511756136,1968,-4.70192881218099,-4.780917424725212,0.07898861254422147,0.002928988092663943,1995
25.72,11.694322473438927,-1.3456245656962857,11.694322473438927,11.750326182226072,-0.05600370878714616,-0.0014693479021363554,2181,-7.012506294568846,-6.9894145099615645,-0.023091784607282204,-0.001465637473355162,1968,-4.681816178870083,-4.760911672264512,0.07909549339442916,0.002934985375491407,1995
25.73,11.685809969725547,-1.363987293879876,11.685809969725547,11.742182086708679,-0.05637211698313275,-0.001485304160046298,2181,-7.024152631801934,-7.001323156985735,-0.02282947481620006,-0.001455649531009442,1968,-4.661657337923615,-4.7408589297229495,0.0792015917993336,0.002940953691055666,1995
25.740000000000002,11.677182131785521,-1.3823365600595399,11.677182131785521,11.733922089625782,-0.05673995784026097,-0.0015012457577368715,2181,-7.035729643484314,-7.013162694611754,-0.02256694887255838,-0.0014456472227147776,1968,-4.641452488301211,-4.7207593950140305,0.07930690671281936,0.002946892980451798,1995
25.75,11.66843904477212,-1.4006721831354279,11.66843904477212,11.725546272506493,-0.057107227734374655,-0.0015171725378730315,2181,-7.047237215355548,-7.024933005993417,-0.022304209362130623,-0.0014356306471888557,1968,-4.6212018294165755,-4.700613266513081,0.07941143709650528,0.002952803185061991,1995
25.76,11.659580794976083,-1.4189939821423525,11.659580794976083,11.717054718023029,-0.057473923046944014,-0.0015330843432634564,2181,-7.0586752338405585,-7.036633974967743,-0.02204125887281566,-0.0014255999032934856,1968,-4.600905561135529,-4.680420743055288,0.07951518191975888,0.002958684246556822,1996
25.77,11.650607469824774,-1.4373017762515239,11.650607469824774,11.70844750998987,-0.05784004016509587,-0.0015489810168626645,2181,-7.070043586050702,-7.0482654860561365,-0.021778099994566206,-0.0014155550900216305,1968,-4.580563883774077,-4.6601820239337375,0.07961814015966048,0.0029645361068838263,1996
25.78,11.641519157881268,-1.4555953847724468,11.641519157881268,11.69972473336296,-0.05820557548169161,-0.0015648624017830567,2180,-7.081342159784954,-7.059827424465516,-0.021514735319438906,-0.0014054963065185016,1967,-4.560176998096316,-4.639897308897447,0.07972031080113053,0.0029703587083014338,1996
25.79,11.63231594884355,-1.4738746271545589,11.63231594884355,11.690886474238845,-0.05857052539529375,-0.0015807283412765322,2180,-7.09257084353094,-7.071319676089453,-0.02125116744148621,-0.0013954236520545699,1967,-4.539745105312614,-4.619566798149394,0.07982169283678076,0.0029761519933314013,1996
25.8,11.622997933543571,-1.4921393229891287,11.622997933543571,11.681932819853838,-0.05893488631026613,-0.0015965786787569217,2180,-7.103729526466084,-7.082742127509296,-0.020987398956786574,-0.0013853372260440337,1967,-4.519268407077492,-4.599190692344545,0.07992228526705271,0.002981915904800961,1997
25.810000000000002,11.613565203946383,-1.5103892920109814,11.613565203946383,11.672863858583154,-0.05929865463676917,-0.001612413257786733,2180,-7.114818098458692,-7.094094665995292,-0.02072343246340074,-0.0013752371280358142,1967,-4.498747105487695,-4.578769192587865,0.0800220871001707,0.0029876503858227463,1997
25.82,11.60401785314922,-1.5286243541002906,11.60401785314922,11.663679679940032,-0.05966182679081231,-0.0016282319220860698,2180,-7.1258364500690385,-7.105377179507696,-0.020459270561343106,-0.0013651234577131098,1967,-4.4781814030801845,-4.558302500432341,0.08012109735215701,0.002993355379799318,1997
25.830000000000002,11.594355975380578,-1.5468443292843557,11.594355975380578,11.654380374574863,-0.06002439919428586,-0.0016440345155314603,2180,-7.13678447255044,-7.1165895566978765,-0.020194915852564232,-0.001354996314893749,1967,-4.457571502830141,-4.537790817876992,0.08021931504685088,0.0029990308304253034,1997
25.84,11.58457966599929,-1.5650490377393769,11.58457966599929,11.644966034274283,-0.06038636827499434,-0.0016598208821586562,2180,-7.147662057850334,-7.127731686909419,-0.019930370940914263,-0.0013448557995274267,1967,-4.436917608148959,-4.517234347364869,0.0803167392159094,0.003004676681686151,1998
25.85,11.574689021493572,-1.5832382997922418,11.574689021493572,11.635436751960274,-0.06074773046670107,-0.0016755908661646845,2180,-7.158469098611349,-7.138803460179215,-0.019665638432133384,-0.001334702011698147,1967,-4.4162199228822265,-4.4966332917810625,0.08041336889883526,0.0030102928778630795,1998
25.86,11.56468413948012,-1.6014119359222463,11.56468413948012,11.625792621689246,-0.06110848220912654,-0.0016913443119004265,2180,-7.169205488172341,-7.149804767238547,-0.019400720933794587,-0.0013245350516153135,1966,-4.395478651307782,-4.475987854450703,0.08050920314292112,0.0030158793635155254,1998
25.87,11.554565118703051,-1.6195697667629803,11.554565118703051,11.61603373865111,-0.061468619948059716,-0.0017070810638939362,2179,-7.179871120569501,-7.160735499514166,-0.019135621055335453,-0.0013143550196278797,1966,-4.374693998133551,-4.455298239136947,0.08060424100339517,0.003021436083521873,1998
25.88,11.544332059033028,-1.6377116131039526,11.544332059033028,11.606160199168334,-0.06182814013530402,-0.0017228009668254565,2179,-7.190465890537328,-7.171595549129368,-0.01887034140796037,-0.001304162016203877,1966,-4.3538661684957045,-4.434564650038968,0.0806984815432636,0.0030269629830289926,1998
25.89,11.533985061466222,-1.6558372958924745,11.533985061466222,11.596172100694996,-0.062187039228775894,-0.0017385038655476394,2179,-7.2009896935097215,-7.182384808905051,-0.01860488460466993,-0.0012939561419447873,1966,-4.332995367956503,-4.413787291789948,0.08079192383344504,0.003032460007492194,1999
25.900000000000002,11.523524228123316,-1.673946636235374,11.523524228123316,11.586069541815828,-0.06254531369251116,-0.0017541896050796962,2179,-7.211442425620999,-7.193103172360782,-0.018339253260216435,-0.0012837374975789642,1966,-4.31208180250232,-4.3929663694550465,0.0808845669527268,0.003037927102658498,1999
25.91,11.512949662248515,-1.6920394554007743,11.512949662248515,11.575852622245224,-0.06290295999671115,-0.001769858030610508,2179,-7.221823983706912,-7.203750533715841,-0.018073449991070464,-0.0012735061839591715,1966,-4.291125678541604,-4.3721020885293855,0.08097640998778081,0.003043364214569761,1999
25.92,11.502261468208511,-1.7101155748198533,11.502261468208511,11.56552144282628,-0.06325997461776814,-0.0017855089874993235,2179,-7.232134265305675,-7.214326787890264,-0.017807477415410566,-0.0012632623020646582,1966,-4.27012720290284,-4.351194654936016,0.08106745203317632,0.003048771289563642,1999
25.93,11.491459751491469,-1.7281748160886103,11.491459751491469,11.55507610552978,-0.0636163540383099,-0.0018011423212778727,2179,-7.242373168658968,-7.224831830505889,-0.017541338153080302,-0.0012530059529974108,1966,-4.249086582832502,-4.330244275023891,0.0811576921913886,0.0030541482742750445,2000
25.94,11.480544618705963,-1.7462170009696354,11.480544618705963,11.544516713453195,-0.06397209474723305,-0.0018167578776538797,2179,-7.252540592712959,-7.2352655578873755,-0.01727503482558349,-0.0012427372379845356,1966,-4.228004025993006,-4.309251155565821,0.08124712957281494,0.0030594951156380527,2000
25.95,11.469516177579965,-1.764241951393817,11.469516177579965,11.533843370819678,-0.06432719323971263,-0.001832355502503105,2178,-7.262636437119257,-7.245627867063235,-0.017008570056020578,-0.0012324562583686917,1965,-4.206879740460711,-4.288215503756444,0.08133576329573242,0.0030648117608719225,2000
25.96,11.458374536959715,-1.7822494894622118,11.458374536959715,11.52305618297701,-0.06468164601729753,-0.0018479350418915165,2178,-7.272660602235976,-7.255918655766847,-0.01674194646913001,-0.0012221631156260635,1965,-4.185713934723741,-4.267137527210168,0.08142359248642755,0.003070098157517457,2000
25.97,11.447119806808727,-1.8002394374476485,11.447119806808727,11.51215525639659,-0.06503544958786119,-0.0018634963420479378,2178,-7.282612989128633,-7.266137822437459,-0.016475166691173704,-0.0012118579113376418,1965,-4.164506817680099,-4.246017433959135,0.08151061627903568,0.003075354253385871,2001
25.98,11.435752098206624,-1.818211617796644,11.435752098206624,11.501140698672355,-0.0653886004657303,-0.001879039249397415,2178,-7.292493499571205,-7.276285266221202,-0.016208233350002276,-0.0012015407472185033,1965,-4.143258598635421,-4.224855432451156,0.08159683381573497,0.003080579996616693,2001
25.990000000000002,11.42427152334812,-1.836165853131003,11.42427152334812,11.490012618519737,-0.06574109517161823,-0.001894563610531001,2178,-7.302302036047033,-7.286360886972082,-0.015941149074951658,-0.0011912117250898373,1965,-4.121969487301089,-4.2036517315476605,0.08168224424657068,0.003085775335620978,2001
26.0,11.412678195541844,-1.854101966249682,11.412678195541844,11.47877112577459,-0.06609293023274726,-0.0019100692722332892,2178,-7.312038501749821,-7.296364585252957,-0.015673916496863765,-0.0011808709468951713,1965,-4.100639693792024,-4.182406540521636,0.08176684672961182,0.0030909402191287546,2001
26.01,11.400972229209263,-1.8720197801304856,11.400972229209263,11.467416331392094,-0.06644410218283124,-0.001925556081469537,2178,-7.321702800584589,-7.306296262336539,-0.015406538248049943,-0.0011705185146948576,1965,-4.079269428624676,-4.161120069055556,0.08185064043088038,0.003096074596164215,2002
26.02,11.389153739883538,-1.8899191179318242,11.389153739883538,11.455948347445668,-0.06679460756213115,-0.001941023885391733,2178,-7.331294837168604,-7.31615582020635,-0.015139016962254366,-0.0011601545306616215,1965,-4.057858902714935,-4.139792527239321,0.08193362452438552,0.0031011784160532357,2002
26.03,11.37722284420838,-1.90779980299447,11.37722284420838,11.444367287125868,-0.06714444291748857,-0.0019564725313416763,2177,-7.340814516832347,-7.325943161557698,-0.014871355274647696,-0.0011497790970849521,1964,-4.036408327376036,-4.11842412556817,0.08201579819213467,0.0031062516284263548,2002
26.04,11.365179659936935,-1.9256616588432502,11.365179659936935,11.432673264739257,-0.06749360480232246,-0.001971901866841162,2177,-7.350261745620403,-7.335658189798639,-0.014603555821765046,-0.0011393923163617583,1964,-4.014917914316534,-4.097015074940622,0.0820971606240867,0.0031112941832025388,2002
26.05,11.353024305930543,-1.9435045091888985,11.353024305930543,11.420866395707291,-0.06784208977674999,-0.0019873117396183217,2177,-7.359636430292461,-7.345300809050921,-0.014335621241539387,-0.0011289942910102258,1964,-3.993387875638083,-4.0755655866563725,0.08217771101829018,0.0031163060306286777,2003
26.060000000000002,11.340756902157658,-1.961328177929656,11.340756902157658,11.408946796565171,-0.0681898944075135,-0.0020027019975777,2177,-7.368938478324153,-7.354870924150944,-0.014067554173209306,-0.0011185851236506705,1964,-3.9718184238335055,-4.05407587241423,0.0822574485807244,0.003121287121228649,2003
26.07,11.328377569692595,-1.9791324891531175,11.328377569692595,11.396914584960692,-0.06853701526809645,-0.002018072488826776,2177,-7.378167797908025,-7.364368440650684,-0.013799357257341271,-0.0011081649170181212,1964,-3.950209771784573,-4.032546144310011,0.08233637252543773,0.003126237405845088,2003
26.080000000000002,11.315886430714372,-1.996917267137919,11.315886430714372,11.38476987965309,-0.06888344893871715,-0.002033423061665128,2177,-7.387324297954419,-7.373793264818641,-0.013531033135778744,-0.0010977337739558396,1964,-3.9285621327599576,-4.010976614834454,0.08241448207449668,0.0031311568356209053,2003
26.09,11.303283608505488,-2.0146823363554818,11.303283608505488,11.372512800511865,-0.06922919200637645,-0.002048753564589556,2177,-7.396407888092374,-7.383145303640748,-0.013262584451626275,-0.0010872917974133305,1964,-3.906875720413117,-3.9893674968711204,0.08249177645800351,0.0031360453620032365,2004
26.1,11.290569227450709,-2.0324275214717447,11.290569227450709,11.360143468515592,-0.06957424106488315,-0.002064063846294569,2176,-7.4054184786705255,-7.392424464821304,-0.012994013849222472,-0.001076839090450062,1964,-3.8851507487801857,-3.9677190036942913,0.08256825491410562,0.0031409029367444894,2004
26.11,11.277743413035838,-2.050152647348896,11.277743413035838,11.347662005750738,-0.06991859271489859,-0.0020793537556747597,2176,-7.414355980757981,-7.4016306567838726,-0.012725323974108192,-0.0010663757562280095,1964,-3.8633874322778605,-3.9460313489668675,0.08264391668900678,0.00314572951190268,2004
26.12,11.264806291846492,-2.0678575390470972,11.264806291846492,11.335068535410448,-0.07026224356395568,-0.0020946231418246036,2176,-7.423220306145202,-7.410763788672196,-0.012456517473005866,-0.0010559018980163233,1964,-3.8415859857012933,-3.924304746738256,0.08271876103696234,0.003150525039840867,2004
26.13,11.251757991566832,-2.085542021826216,11.251757991566832,11.322363181793339,-0.0706051902265082,-0.0021098718540422815,2176,-7.432011367344876,-7.4198237703510825,-0.012187596993794058,-0.0010454176191872075,1963,-3.8197466242219575,-3.9025394114422594,0.08279278722030146,0.0031552894732296455,2005
26.14,11.238598640978305,-2.103205921147556,11.238598640978305,11.30954607030226,-0.07094742932395472,-0.0021250997418312424,2176,-7.440729077592787,-7.428810512407304,-0.01191856518548202,-0.0010349230232178557,1963,-3.7978695633855226,-3.8807355578949596,0.08286599450943673,0.003160022765048822,2005
26.150000000000002,11.225328369958406,-2.120849062675544,11.225328369958406,11.296617327443068,-0.07128895748466076,-0.0021403066548944024,2176,-7.449373350848638,-7.437723926150472,-0.011649424698165161,-0.0010244182136809584,1963,-3.7759550191097717,-3.8588934012925984,0.0829383821828267,0.003164724868575556,2005
26.16,11.211947309479344,-2.1384712722795043,11.211947309479344,11.283577080823367,-0.07162977134402407,-0.002155492443149618,2176,-7.45794410179695,-7.446563923613919,-0.011380178183031414,-0.0010139032942572792,1963,-3.754003207682397,-3.8370131572094524,0.08300994952705548,0.003169395737406844,2005
26.17,11.198455591606782,-2.1560723760353433,11.198455591606782,11.270425459151262,-0.0719698675444794,-0.0021706569567191015,2175,-7.466441245847871,-7.455330417555559,-0.011110828292311931,-0.0010033783687237903,1963,-3.7320143457589143,-3.8150950415957063,0.08308069583679133,0.0031740353254428554,2006
26.18,11.184853349498532,-2.173652200227272,11.184853349498532,11.257162592234074,-0.07230924273554137,-0.0021858000459358193,2175,-7.47486469913802,-7.464023321458758,-0.010841377679262005,-0.0009928435409572401,1963,-3.7099886503605144,-3.793139270775319,0.08315062041480417,0.0031786435868930377,2006
26.19,11.17114071740323,-2.1912105713495236,11.17114071740323,11.24378861097707,-0.07264789357383954,-0.0022009215613437143,2175,-7.483214378531315,-7.472642549533181,-0.010571828998134029,-0.0009822989149316525,1963,-3.6879263388719186,-3.771146061443892,0.08321972257197358,0.003183220476275544,2006
26.2,11.15731783065902,-2.2087473161080635,11.15731783065902,11.230303647382168,-0.07298581672314698,-0.0022160213537006576,2175,-7.491490201619788,-7.481188016715641,-0.010302184904147289,-0.0009717445947174247,1963,-3.665827629039235,-3.7491156306665294,0.08328800162729427,0.003187765948418013,2006
26.21,11.143384825692213,-2.226262261422301,11.143384825692213,11.216707834546629,-0.07332300885441685,-0.002231099273978244,2175,-7.499692086724409,-7.489659638670936,-0.010032448053472056,-0.0009611806844811799,1963,-3.6436927389678053,-3.727048195875694,0.0833554569078889,0.003192279958459574,2007
26.22,11.129341840015938,-2.2437552344267964,11.129341840015938,11.20300130666175,-0.07365946664581105,-0.0022461551733633034,2175,-7.507819952895882,-7.498057331792689,-0.009762621103193005,-0.000950607288484567,1963,-3.6215218871200605,-3.704943974869064,0.08342208774900327,0.0031967624618475876,2007
26.23,11.115189012228797,-2.2612260624729785,11.115189012228797,11.189184199011542,-0.07399518678274475,-0.002261188903262509,2174,-7.5158737199154535,-7.506381013204163,-0.009492706711290148,-0.0009400245110827337,1963,-3.5993152923133467,-3.682803185807381,0.0834878934940341,0.003201213414345051,2007
26.240000000000002,11.100926482013495,-2.278674573130808,11.100926482013495,11.175256647971382,-0.07433016595788793,-0.0022762003152959395,2174,-7.523853308295686,-7.514630600759086,-0.009222707536599055,-0.0009294324567202484,1962,-3.5770731737178116,-3.660626047212298,0.0835528734944866,0.0032056327720161497,2007
26.25,11.08655439013544,-2.296100594190539,11.08655439013544,11.16121879100668,-0.0746644008712402,-0.0022911892613094184,2174,-7.53175863928127,-7.522806013042459,-0.008952626238810872,-0.000918831229938427,1962,-3.5547957508541748,-3.6384127779642252,0.08361702711005027,0.003210020491247721,2008
26.26,11.072072878441379,-2.3135039536643784,11.072072878441379,11.14707076667152,-0.07499788823014183,-0.0023061555933691228,2174,-7.539589634849775,-7.530907169371359,-0.008682465478416652,-0.0009082209353661096,1962,-3.5324832435916056,-3.6161635973001633,0.08368035370855768,0.003214376528735144,2008
26.27,11.057482089857984,-2.3308844797881942,11.057482089857984,11.13281271460728,-0.07533062474929773,-0.002321099163763011,2174,-7.547346217712441,-7.538933989795737,-0.008412227916704177,-0.0008976016777223006,1962,-3.5101358721455442,-3.5938787248115474,0.08374285266600272,0.003218700841485439,2008
26.28,11.042782168390444,-2.3482420010232117,11.042782168390444,11.11844477554128,-0.07566260715083303,-0.0023360198250057867,2174,-7.555028311314926,-7.546886395099207,-0.008141916215718204,-0.0008869735618145767,1962,-3.487753857075523,-3.5715583804420734,0.08380452336655043,0.0032229933868204493,2008
26.29,11.02797325912106,-2.365576346057702,11.02797325912106,11.103967091285355,-0.07599383216429623,-0.002350917429835382,2173,-7.562635839838067,-7.554764306799828,-0.007871533038238192,-0.0008763366925380418,1962,-3.465337419282997,-3.54920278448553,0.08386536520253322,0.0032272541223732866,2009
26.3,11.013055508207776,-2.3828873438086786,11.013055508207776,11.0893798047345,-0.07632429652672448,-0.002365791831221137,2173,-7.5701687281986265,-7.5625676471508765,-0.0076010810477496905,-0.0008656911748727378,1962,-3.442886780009154,-3.5268121575836258,0.08392537757447179,0.0032314830060935816,2009
26.310000000000002,10.998029062882773,-2.4001748234235922,10.998029062882773,11.074683059865421,-0.07665399698264992,-0.002380642882358998,2173,-7.577626902050044,-7.570296339141617,-0.0073305629084268326,-0.0008550371138869922,1962,-3.4204021608327313,-3.5043867207238066,0.08398455989107556,0.00323567999624578,2009
26.32,10.982894071451007,-2.4174386142819784,10.982894071451007,11.059877001735138,-0.07698293028412986,-0.0023954704366722143,2173,-7.585010287783145,-7.577950306498057,-0.007059981285089408,-0.0008443746147292798,1962,-3.397883783667864,-3.481926695237082,0.08404291156921807,0.0032398450514012442,2009
26.330000000000002,10.967650683288731,-2.434678545997201,10.967650683288731,11.04496177647954,-0.07731109319080566,-0.0024102743478207934,2173,-7.5923188125269006,-7.585529473683706,-0.006789338843194906,-0.0008337037826351397,1962,-3.3753318707618356,-3.4594323027958347,0.08410043203399976,0.00324397813045594,2010
26.34,10.95229904884203,-2.4518944484180945,10.95229904884203,11.02993753131195,-0.07763848246991699,-0.002425054469697989,2173,-7.599552404149117,-7.593033765900317,-0.00651863824880035,-0.0008230247229207193,1962,-3.3527466446929175,-3.436903765411636,0.08415712071871813,0.0032480791926189924,2010
26.35,10.936839319625342,-2.469086151630652,10.936839319625342,11.014804414521674,-0.07796509489632894,-0.0024398106564295693,2172,-7.60671099125717,-7.600463109088625,-0.006247882168544808,-0.0008123375409842485,1961,-3.330128328368176,-3.4143413054330516,0.08421297706487572,0.0032521481974142922,2010
26.36,10.921271648219948,-2.486253485959703,10.921271648219948,10.999562575472527,-0.07829092725257807,-0.0024545427623791864,2172,-7.613794503198692,-7.607817429929081,-0.005977073269611219,-0.0008016423423028328,1961,-3.30747714502126,-3.391745145543451,0.08426800052219088,0.0032561851046825343,2010
26.37,10.905596188272483,-2.503396281970589,10.905596188272483,10.984212164601372,-0.07861597632888837,-0.002469250642146731,2172,-7.620802870062282,-7.61509665584257,-0.0057062142197120864,-0.0007909392324342082,1961,-3.284793318210205,-3.3691155087588056,0.08432219054860045,0.003260189874581004,2011
26.38,10.889813094493407,-2.520514370470834,10.889813094493407,10.968753333416622,-0.07894023892321571,-0.002483934150571917,2172,-7.627736022678185,-7.622300714991132,-0.005435307687052899,-0.0007802283170125629,1961,-3.262077071815225,-3.346452618425491,0.08437554661026664,0.003264162467584239,2011
26.39,10.873922522655482,-2.5376075825118147,10.873922522655482,10.953186234496757,-0.0792637118412734,-0.002498593142735292,2172,-7.634593892618986,-7.629429536278676,-0.005164356340309868,-0.0007695097017496244,1961,-3.2393286300364985,-3.3237566982180815,0.08442806818158327,0.003268102844484564,2011
26.400000000000002,10.85792462959223,-2.5546757493904395,10.85792462959223,10.937511021488802,-0.07958639189657342,-0.002513227473960172,2172,-7.641376412200281,-7.636483049351665,-0.0048933628486172035,-0.0007587834924350691,1961,-3.2165482173919515,-3.3010279721371405,0.08447975474518904,0.0032720109663950986,2011
26.41,10.841819573196414,-2.5717187026507724,10.841819573196414,10.921727849106839,-0.0799082759104233,-0.0025278369998074464,2171,-7.648083514481334,-7.643461184599827,-0.004622329881506687,-0.0007480497949295074,1961,-3.1937360587150847,-3.2782666645070138,0.08453060579192839,0.003275886794736751,2012
26.42,10.825607512418433,-2.588736274085756,10.825607512418433,10.905836873130443,-0.08022936071201199,-0.002542421576091097,2171,-7.654715133265753,-7.650363873156834,-0.004351260108918799,-0.0007373087151705841,1961,-3.170892379152682,-3.255472999973611,0.0845806208209288,0.003279730291261636,2012
26.43,10.809288607264776,-2.6057282957388277,10.809288607264776,10.889838250403178,-0.08054964313840349,-0.0025569810588679867,2171,-7.661271203102141,-7.657191046900986,-0.004080156201155014,-0.0007265603591686907,1961,-3.1480174041626374,-3.232647203502194,0.0846297993395569,0.003283541418036054,2012
26.44,10.792863018796453,-2.6226945999055964,10.792863018796453,10.873732138831025,-0.08086912003457342,-0.002571515304440256,2171,-7.667751659284735,-7.663942638455876,-0.0038090208288587175,-0.0007158048330048713,1961,-3.1251113595117204,-3.2097895003751513,0.08467814086343094,0.0032873201374452694,2012
26.45,10.776330909127388,-2.6396350191354894,10.776330909127388,10.85751869738084,-0.08118778825345041,-0.002586024169363237,2171,-7.674156437854049,-7.670618581191064,-0.0035378566629849866,-0.0007050422428321653,1961,-3.1021744712733437,-3.1869001161897765,0.08472564491643302,0.0032910664121952923,2013
26.46,10.759692441422834,-2.6565493862334066,10.759692441422834,10.84119808607877,-0.08150564465593671,-0.0026005075104404956,2170,-7.680485475597504,-7.677218809222729,-0.00326666637477515,-0.0006942726948719205,1961,-3.0792069658253336,-3.1639792768560433,0.08477231103070987,0.0032947802053119356,2013
26.47,10.742947779897742,-2.6734375342613736,10.742947779897742,10.82477046600869,-0.08182268611094798,-0.0026149651847274793,2170,-7.686738710050049,-7.68374325741432,-0.002995452635729751,-0.0006834962954140513,1961,-3.0562090698476956,-3.1410272085943727,0.08481813874667653,0.0032984614801417674,2013
26.48,10.726097089815168,-2.6902992965401884,10.726097089815168,10.808235999310602,-0.08213890949543237,-0.0026293970495329493,2170,-7.692916079494789,-7.6901918613772,-0.0027242181175894655,-0.0006727131508184247,1960,-3.0331810103203813,-3.118044137933402,0.08486312761302064,0.0033021102003516173,2013
26.490000000000002,10.709140537484611,-2.707134506651074,10.709140537484611,10.791594849179033,-0.08245431169442144,-0.0026438029624231228,2170,-7.699017522963586,-7.696564557471282,-0.0024529654923032954,-0.0006619233675104579,1960,-3.0101230145210267,-3.09503029170775,0.08490727718672314,0.0033057263299334436,2014
26.5,10.69207829026041,-2.723942998437283,10.69207829026041,10.774847179861434,-0.08276888960102215,-0.002658182781212576,2170,-7.705042980237646,-7.702861282805657,-0.0021816974319904016,-0.0006511270519781566,1960,-2.987035310022768,-3.071985897055778,0.08495058703300976,0.0033093098331903317,2014
26.51,10.674910516540052,-2.740724606005798,10.674910516540052,10.757993156656553,-0.08308264011649956,-0.0026725363639821097,2169,-7.7109923918481424,-7.70908197523921,-0.0019104166089321546,-0.00064032431077711,1960,-2.9639181246919137,-3.0489111814173455,0.08499305672543132,0.0033128606747591235,2014
26.52,10.657637385762534,-2.7574791637289278,10.657637385762534,10.741032945912805,-0.08339556015027214,-0.002686863569067815,2169,-7.716865699076787,-7.71522657338124,-0.0016391256955466873,-0.000629515250526607,1960,-2.940771686685751,-3.025806372531569,0.08503468584581762,0.0033163788195944336,2015
26.53,10.64025906840668,-2.7742065062459504,10.64025906840668,10.72396671502663,-0.08370764661995302,-0.002701164255067237,2169,-7.722662843956403,-7.721295016592063,-0.001367827364339599,-0.0006186999779062693,1960,-2.917596224450278,-3.0026716984345727,0.08507547398429421,0.0033198642329738833,2015
26.54,10.622775735989464,-2.790906468464748,10.622775735989464,10.706794632440841,-0.08401889645137707,-0.002715438280837845,2169,-7.728383769271516,-7.727287244983608,-0.001096524287907134,-0.0006078785996588409,1960,-2.894391966717952,-2.979507387457237,0.08511542073928459,0.003323316880497323,2015
26.55,10.605187561064323,-2.807578885563437,10.605187561064323,10.689516867642958,-0.0843293065786343,-0.0027296855055026683,2169,-7.7340284185589,-7.733203199420014,-0.0008252191388852944,-0.0005970512225867211,1960,-2.8711591425054266,-2.956313668222945,0.08515452571751879,0.0033267367280893374,2015
26.560000000000002,10.587494717219432,-2.8242235929920008,10.587494717219432,10.672133591163536,-0.08463887394410481,-0.002743905788448381,2168,-7.739596736108149,-7.739042821518211,-0.0005539145899387065,-0.0005862179535515944,1960,-2.8478979811112852,-2.9330907696453283,0.08519278853404272,0.0033301237419999354,2016
26.57,10.569697379076047,-2.8408404264738683,10.569697379076047,10.654644974574495,-0.08494759549844771,-0.002758098989319803,2168,-7.74508866696221,-7.74480605364849,-0.00028261331372086496,-0.0005753788994707345,1960,-2.8246087121138395,-2.9098389209260063,0.0852302088121666,0.0033334778887904076,2016
26.580000000000002,10.55179572228667,-2.8574292220076383,10.55179572228667,10.637051190487401,-0.0852554682007331,-0.0027722649680476247,2168,-7.750504156917952,-7.750492838935083,-1.1317982869361742e-05,-0.0005645341673242233,1960,-2.8012915653687207,-2.8865583515523223,0.08526678618360166,0.003336799135371657,2016
26.59,10.533789923533465,-2.8739898158685593,10.533789923533465,10.619352412551796,-0.0855624890183291,-0.0027864035848081106,2168,-7.755843152526665,-7.756103121256714,0.0002599687300497738,-0.0005536838641413359,1960,-2.7779467710068046,-2.8632492912950838,0.08530252028827894,0.0033400874489494044,2016
26.6,10.51568016052636,-2.8905220446102935,10.51568016052636,10.601548815453445,-0.0858686549270864,-0.002800514700071254,2168,-7.761105601094627,-7.761636845247161,0.0005312441525341233,-0.0005428280970133908,1960,-2.7545745594317346,-2.839911970206286,0.08533741077455108,0.003343342797084705,2017
26.61,10.497466612001432,-2.9070257450663886,10.497466612001432,10.583640574912648,-0.08617396291121737,-0.0028145981745569624,2167,-7.766291450683591,-7.767093956295798,0.0008025056122084906,-0.0005319669730793229,1960,-2.7311751613178434,-2.816546618616851,0.08537145729900729,0.003346565147636129,2017
26.62,10.479149457719041,-2.9235007543519935,10.479149457719041,10.565627867682483,-0.08647840996344235,-0.0028286538692711104,2167,-7.771400650111314,-7.772474400548137,0.0010737504368233117,-0.0005211005995344863,1960,-2.70774880760773,-2.7931534671343483,0.08540465952661865,0.003349754468805477,2017
26.63,10.460728878462108,-2.9399469098654176,10.460728878462108,10.547510871547072,-0.08678199308496423,-0.002842681645489892,2167,-7.776433148952062,-7.7777781249063525,0.0013449759542896401,-0.0005102290836254669,1960,-2.6842957295100476,-2.769732746640721,0.08543701713067339,0.0033529107291151725,2017
26.64,10.44220505603431,-2.956364049289747,10.44220505603431,10.529289765319819,-0.0870847092855082,-0.002856681364765931,2167,-7.781388897537103,-7.783005077029813,0.0016161794927093632,-0.00049935253264855,1959,-2.6608161584972088,-2.746284688290007,0.08546852979279804,0.00335603389741454,2018
26.650000000000002,10.423578173258289,-2.9727520105944505,10.423578173258289,10.510964728841648,-0.08738655558336149,-0.002870652888930153,2167,-7.7862678469552025,-7.788155205335596,0.0018873583803926941,-0.0004884710539522063,1959,-2.637310326303088,-2.722809523506055,0.0854991972029672,0.003359123942882193,2018
26.66,10.404848413973886,-2.9891106320369407,10.404848413973886,10.492535942979242,-0.0876875290053543,-0.002884596080080737,2166,-7.7910699490530915,-7.793228458998994,0.002158509945904291,-0.0004775847549291492,1959,-2.613778464920798,-2.6993074839802467,0.0855290190594488,0.00336218083500995,2018
26.67,10.38601596303622,-3.005439752164263,10.38601596303622,10.474003589623225,-0.08798762658700295,-0.0028985108006182505,2166,-7.795795156435968,-7.798224787954023,0.002429631518055304,-0.0004666937430253043,1959,-2.590220806600257,-2.675778801669202,0.08555799506894485,0.0033652045436432894,2019
26.68,10.367081006314029,-3.021739209814559,10.367081006314029,10.455367851686404,-0.08828684537237304,-0.0029123969131961136,2166,-7.800443422467936,-7.803144142893908,0.0027007204259717594,-0.0004557981257273811,1959,-2.566637583846097,-2.652223708792497,0.08558612494640008,0.0033681950389234036,2019
26.69,10.348043730687646,-3.038008844118797,10.348043730687646,10.436628913101936,-0.08858518241429107,-0.0029262542807778997,2166,-7.805014701272498,-7.807986475271573,0.0029717739990754743,-0.0004448980105734397,1959,-2.543029029415151,-2.6286424378303654,0.0856134084152148,0.0033711522913512657,2019
26.7,10.328904324047322,-3.0542484945022284,10.328904324047322,10.417786958821532,-0.08888263477421075,-0.002940082766587769,2165,-7.809508947732965,-7.812751737300122,0.00324278956715721,-0.0004339935051399929,1959,-2.51939537631436,-2.6050352215214114,0.08563984520705195,0.00337407627172779,2019
26.71,10.309662975291266,-3.0704580006860693,10.309662975291266,10.398842174813614,-0.08917919952234823,-0.0029538822341479863,2165,-7.8139261174929455,-7.817439881953312,0.0035137644603671315,-0.0004230847170510702,1959,-2.495736857798325,-2.581402292860306,0.08566543506198031,0.003376966951198967,2020
26.72,10.290319874323826,-3.0866372026890367,10.290319874323826,10.3797947480615,-0.08947487373767256,-0.0029676525472639177,2165,-7.818266166956755,-7.822050862966011,0.003784696009256152,-0.0004121717539709094,1959,-2.472053707367075,-2.557743885095491,0.08569017772841603,0.003379824301234944,2020
26.73,10.270875212053598,-3.1027859408289404,10.270875212053598,10.360644866561532,-0.0897696545079327,-0.00298139357002821,2165,-7.822529053289859,-7.826584634834658,0.0040555815447982,-0.0004012547236067598,1959,-2.4483461587637416,-2.5340602317268766,0.08571407296313488,0.0033826482936350384,2020
26.740000000000002,10.251329180391545,-3.1189040557242538,10.251329180391545,10.341392719321247,-0.09006353892970045,-0.002995105166823284,2165,-7.826714734419291,-7.831041152817713,0.004326418398423614,-0.0003903337337038716,1959,-2.4246144459722587,-2.5103515665035356,0.08573712053127723,0.00338543890052768,2020
26.75,10.231681972249111,-3.1349913882956884,10.231681972249111,10.322038496357496,-0.09035652410838482,-0.00300878720232236,2164,-7.830823169034065,-7.835420372936102,0.004597203902036632,-0.0003794088920483288,1959,-2.4008588032150495,-2.4866181234213984,0.08575932020634898,0.0033881960943709464,2021
26.76,10.211933781536297,-3.151047779767778,10.211933781536297,10.302582388694574,-0.09064860715827808,-0.00302243954149175,2164,-7.834854316585595,-7.839722251973639,0.004867935388044024,-0.0003684803064639879,1959,-2.3770794649507048,-2.4628601367209395,0.08578067177023443,0.003390919847955716,2021
26.77,10.192084803159805,-3.167073071670392,10.192084803159805,10.283024588362334,-0.09093978520252877,-0.003036062049579274,2164,-7.8388081372880745,-7.8439467474774665,0.005138610189391661,-0.00035754808480889955,1959,-2.3532766658717343,-2.4390778408848712,0.0858011750131371,0.0033936101343881604,2021
26.78,10.172135233020997,-3.183067105840406,10.172135233020997,10.263365288394288,-0.09123005537329273,-0.003049654592150246,2164,-7.842684592118899,-7.848093817758466,0.005409225639567699,-0.0003466123349821918,1959,-2.3294506409021003,-2.415271470635825,0.08582082973372465,0.0033962669271325237,2022
26.79,10.152085268014105,-3.1990297244231325,10.152085268014105,10.243604682825708,-0.09151941481160439,-0.0030632170350419425,2163,-7.846483642819015,-7.852163421891673,0.005679779072658239,-0.00033567316491256525,1959,-2.3056016251950933,-2.3914412609340383,0.08583963573894494,0.003398890199954371,2022
26.8,10.13193510602418,-3.214960769873979,10.13193510602418,10.22374296669171,-0.09180786066752927,-0.003076749244403102,2163,-7.85020525189333,-7.856155519716679,0.0059502678233473265,-0.00032473068256598514,1959,-2.2817298541308526,-2.367587446975032,0.08585759284417915,0.0034014799269687012,2022
26.810000000000002,10.111684945925187,-3.23086008495996,10.111684945925187,10.203780336025318,-0.09209539010013075,-0.0030902510866759776,2163,-7.853849382611067,-7.860070071838027,0.006220689226959887,-0.00031378499594011434,1959,-2.2578355633141243,-2.3437102641872922,0.08587470087316769,0.003404036082615438,2022
26.82,10.091334987578032,-3.2467275127612525,10.091334987578032,10.183716987855549,-0.0923820002775177,-0.0031037224286035595,2163,-7.8574159990061245,-7.863907039625606,0.006491040619482405,-0.000302836213063303,1959,-2.233918988571911,-2.319809948229944,0.08589095965803331,0.003406558641666494,2023
26.830000000000002,10.070885431828584,-3.262562896672751,10.070885431828584,10.163553120205453,-0.09266768837686988,-0.003117163137229863,2163,-7.860905065877437,-7.867666385215025,0.00676131933758836,-0.00029188444199545853,1959,-2.20998036595115,-2.2958867349904293,0.08590636903927955,0.003409047579225344,2023
26.84,10.050336480505706,-3.27836608040561,10.050336480505706,10.143288932090165,-0.09295245158445874,-0.003130573079900989,2162,-7.864316548789326,-7.871348071507993,0.00703152271866686,-0.00028092979082601933,1959,-2.186019931716382,-2.271940860582174,0.08592092886579149,0.003411502870727108,2023
26.85,10.029688336419238,-3.2941369079887943,10.029688336419238,10.122924623514933,-0.09323628709569656,-0.003143952124269385,2162,-7.867650414071835,-7.874952062172676,0.007301648100841719,-0.00026997236767335644,1959,-2.162037922347406,-2.247972561342259,0.08593463899485287,0.003413924491942693,2023
26.86,10.008941203358061,-3.309875223770575,10.008941203358061,10.10246039547316,-0.09351919211509847,-0.003157300138280107,2162,-7.870906628821049,-7.878478321644068,0.007571692823019169,-0.0002590122806797844,1958,-2.138034574537014,-2.223982073829093,0.08594749929207891,0.003416312418960038,2024
26.87,9.988095286087956,-3.325580872420166,9.988095286087956,10.081896449944402,-0.09380116385644446,-0.0031706169902076236,2162,-7.874085160899457,-7.881926815124333,0.007841654224876727,-0.0002480496380202089,1958,-2.1140101251885044,-2.19996963482007,0.08595950963156575,0.003418666628227628,2024
26.88,9.967150790349748,-3.3412536989291293,9.967150790349748,10.061232989892387,-0.094082199542638,-0.0031839025486101,2161,-7.87718597893622,-7.885297508583153,0.008111529646933163,-0.00023708454788792712,1958,-2.0899648114135316,-2.175935481309237,0.08597066989570483,0.0034209870964980677,2024
26.89,9.946107922857143,-3.356893548613002,9.946107922857143,10.040470219263009,-0.09436229640586496,-0.0031971566823679664,2161,-7.880209052327522,-7.888590368758059,0.008381316430537375,-0.00022611711850513676,1958,-2.0658988705296246,-2.1518798505049523,0.08598097997532797,0.0034232738008733096,2025
26.900000000000002,9.924966891294742,-3.3725002671127826,9.924966891294742,10.019608342982307,-0.0946414516875651,-0.003210379260669979,2161,-7.883154351236843,-7.891805363154763,0.008651011917919275,-0.00021514745811463797,1958,-2.0418125400579017,-2.1278029798275493,0.08599043976964742,0.0034255267187852352,2025
26.91,9.903727904315998,-3.3880737003964603,9.903727904315998,9.998647566954462,-0.09491966263846376,-0.0032235701530142716,2161,-7.886021846595278,-7.894942460047477,0.00892061345219933,-0.0002041756749835491,1958,-2.0177060577207224,-2.103705106906987,0.08599904918626482,0.0034277458279981386,2025
26.92,9.882391171541132,-3.4036136947605358,9.882391171541132,9.977588098059739,-0.0951969265186069,-0.0032367292292133218,2160,-7.888811510101802,-7.898001628479232,0.009190118377429907,-0.0001932018773977218,1958,-1.993579661439333,-2.0795864695805086,0.08600680814117578,0.003429931106610876,2025
26.93,9.860956903555088,-3.4191200968315383,9.860956903555088,9.956430144152465,-0.09547324059737701,-0.0032498563593912145,2160,-7.891523314223563,-7.900982838262174,0.00945952403861118,-0.00018222617366381744,1958,-1.9694335893315271,-2.0554473058902927,0.08601371655876544,0.0034320825330549226,2026
26.94,9.839425311905421,-3.434592753567549,9.839425311905421,9.93517391405897,-0.09574860215354876,-0.0032629514139934698,2160,-7.894157232196151,-7.90388605997787,0.009728827781718165,-0.0001712486721072489,1958,-1.9452680797092714,-2.031287854081102,0.08601977437183099,0.003434200086100932,2026
26.95,9.817796609100288,-3.4500315122596654,9.817796609100288,9.913819617575527,-0.0960230084752381,-0.003276014263766595,2160,-7.896713238023857,-7.906711264977589,0.00999802695373252,-0.00016026948107045799,1958,-1.9210833710764348,-2.00710835259794,0.08602498152150478,0.00343628374483681,2026
26.96,9.796071008606203,-3.4654362205336073,9.796071008606203,9.89236746546628,-0.0962964568600772,-0.003289044779800799,2159,-7.899191306479936,-7.9094584253825975,0.010267118902661635,-0.00014928870891448877,1958,-1.8968797021262702,-1.9829090400836848,0.08602933795741478,0.003438333488715316,2026
26.97,9.774248724846125,-3.4808067263510885,9.774248724846125,9.870817669461172,-0.09656894461504749,-0.0033020428334758784,2159,-7.901591413106851,-7.912127514084423,0.010536100977573612,-0.00013830646401352675,1958,-1.8726573117392753,-1.9586901553767475,0.0860328436374723,0.0034403492974892317,2027
26.98,9.752329973197126,-3.4961428780114563,9.752329973197126,9.849170442253834,-0.09684046905670701,-0.00331500829652196,2159,-7.903913534216523,-7.9147185047451325,0.010804970528609993,-0.00012732285475897023,1958,-1.848416438980607,-1.934451937508703,0.08603549852809582,0.003442331151280424,2027
26.990000000000002,9.730314969988482,-3.511444524153059,9.730314969988482,9.827425997499514,-0.09711102751103147,-0.0033279410409629883,2159,-7.906157646890548,-7.917231371797579,0.011073724907030283,-0.00011633798955216264,1958,-1.8241573230979369,-1.9101946257019384,0.08603730260400158,0.003444279030515276,2027
27.0,9.708203932499371,-3.5267115137548366,9.708203932499371,9.80558454981295,-0.09738061731357954,-0.0033408409391637688,2158,-7.908323728980443,-7.919666090445662,0.011342361465218312,-0.0001053519768103462,1958,-1.7998802035189285,-1.88591845936729,0.08603825584836162,0.003446192915974486,2028
27.01,9.685997078956806,-3.541943696137764,9.685997078956806,9.783646314766255,-0.09764923580945002,-0.003353707863807535,2158,-7.9104117591078555,-7.922022636664578,0.011610877556721999,-9.436492496107344e-05,1958,-1.775585319848953,-1.8616236781016795,0.08603835825272682,0.00344807278876837,2028
27.02,9.663694628533468,-3.557140920966351,9.663694628533468,9.761611508886794,-0.09791688035332627,-0.003366541687903117,2158,-7.912421716664765,-7.924300987201046,0.011879270536280373,-8.337694243999716e-05,1958,-1.7512729118687043,-1.8373105216857508,0.08603760981704668,0.003449918630343336,2028
27.03,9.641296801345524,-3.5723030382501335,9.641296801345524,9.73948034965504,-0.09818354830951441,-0.003379342284789924,2158,-7.9143535818137085,-7.9265011195735395,0.012147537759831538,-7.238813769559673e-05,1958,-1.726943219531818,-1.8129792300815002,0.08603601054968249,0.003451730422485761,2028
27.04,9.618803818450527,-3.5874298983451074,9.618803818450527,9.71725305550243,-0.09844923705190523,-0.0033921095281211405,2157,-7.916207335487951,-7.928623012072519,0.012415676584568323,-6.139861918122002e-05,1958,-1.7025964829625786,-1.7886300434299138,0.0860335604673353,0.0034535081473018475,2029
27.05,9.596215901845081,-3.602521351955306,9.596215901845081,9.69492984580922,-0.09871394396413782,-0.0034048432919042996,2157,-7.917982959391694,-7.930666643760632,0.012683684368936696,-5.040849535899519e-05,1958,-1.67823294245339,-1.7642632020485913,0.08603025959520132,0.0034552517872632298,2029
27.060000000000002,9.573533274462848,-3.6175772501341497,9.573533274462848,9.672510940902297,-0.09897766643944869,-0.0034175434504506857,2157,-7.919680436000249,-7.932631994472925,0.012951558472675524,-3.94178746967273e-05,1958,-1.653852838462603,-1.739878946429378,0.08602610796677494,0.003456961325147604,2029
27.07,9.55075616017219,-3.632597444286009,9.55075616017219,9.649996562053031,-0.09924040188084177,-0.0034302098784199046,2157,-7.921299748560204,-7.934519044817046,0.013219296256842011,-2.8426865666992748e-05,1958,-1.6294564116119887,-1.7154775172359904,0.08602110562400153,0.0034586367440873145,2029
27.080000000000002,9.527884783774024,-3.6475817861676316,9.527884783774024,9.627386931475069,-0.09950214770104554,-0.0034428424508011098,2156,-7.9228408810895985,-7.936327776173433,0.013486895083835554,-1.7435576745793158e-05,1958,-1.6050439026844294,-1.6910591553016405,0.0860152526172112,0.0034602780275471865,2030
27.09,9.504919370999605,-3.6625301278896125,9.504919370999605,9.604682272322155,-0.09976290132254806,-0.0034554410429145574,2156,-7.924303818378075,-7.9380581706954985,0.013754352317423191,-6.444116413227563e-06,1958,-1.5806155526215337,-1.6666241016266592,0.08600854900512547,0.0034618851593279393,2030
27.1,9.481860148508288,-3.677442321917856,9.481860148508288,9.581882808685918,-0.10002266017763027,-0.0034680055304185525,2156,-7.925688545987035,-7.939710211309804,0.014021665322768223,4.5474068506492354e-06,1958,-1.5561716025212535,-1.6421725973761172,0.08600099485486364,0.0034634581235682537,2030
27.11,9.458707343885285,-3.6923182210750247,9.458707343885285,9.558988765593673,-0.10028142170838673,-0.0034805357893067804,2156,-7.926995050249779,-7.941283881716231,0.014288831466450885,1.5538884563191628e-05,1958,-1.5317122936355088,-1.6177048838774457,0.08599259024193665,0.003464996904743403,2031
27.12,9.435461185639433,-3.7071576785420013,9.435461185639433,9.536000369006189,-0.10053918336675421,-0.003493031695911231,2155,-7.928223318271634,-7.942779166388138,0.014555848116503341,2.6530208244674412e-05,1958,-1.5072378673678026,-1.5932212026180528,0.08598333525025027,0.0034665014876665346,2031
27.13,9.412121903200928,-3.7219605478593305,9.412121903200928,9.512917845815458,-0.10079594261453083,-0.0035054931269033985,2155,-7.929373337930089,-7.944196050572518,0.014822712642428758,3.7521269415040186e-05,1958,-1.4827485652708416,-1.5687217952429435,0.08597322997210188,0.0034679718574880123,2031
27.14,9.388689726919054,-3.7367266829286763,9.388689726919054,9.48974142384247,-0.10105169692341733,-0.003517919959296331,2155,-7.930445097874917,-7.945534520290145,0.015089422415226752,4.8511959597450326e-05,1958,-1.4582446290441384,-1.5442069035523296,0.08596227450819117,0.0034694079996989377,2031
27.150000000000002,9.365164888059956,-3.7514559380142325,9.365164888059956,9.466471331834947,-0.10130644377499325,-0.0035303120704355557,2155,-7.93143858752828,-7.946794562335703,0.01535597480742202,5.950217031794585e-05,1958,-1.433726300531676,-1.5196767694992486,0.08595046896757243,0.003470809900117755,2032
27.16,9.34154761880428,-3.766148167744203,9.34154761880428,9.4431077994651,-0.10156018066082032,-0.00354266933802197,2154,-7.932353797084835,-7.947976164277929,0.015622367193094544,7.049179310904263e-05,1958,-1.4091938217194475,-1.4951316351871735,0.08593781346772597,0.0034721775449126887,2032
27.17,9.317838152244944,-3.780803227112214,9.317838152244944,9.419651057327346,-0.10181290508240268,-0.0035549916400933928,2154,-7.933190717511834,-7.949079314459726,0.01588859694789233,8.148071950750575e-05,1958,-1.3846474347331126,-1.4705717428676226,0.08592430813451016,0.003473510920586065,2032
27.18,9.294036722384808,-3.795420971478745,9.294036722384808,9.39610133693605,-0.10206461455124254,-0.0035672788550352727,2154,-7.9339493405492085,-7.950104001998281,0.016154661449072728,9.246884105703571e-05,1958,-1.3600873818356018,-1.4459973349377704,0.08590995310216862,0.0034748100139779764,2033
27.19,9.270143564134376,-3.810001256572561,9.270143564134376,9.372458870723227,-0.10231530658884974,-0.003579530861577562,2153,-7.934629658709657,-7.951050216785175,0.016420558075518368,0.00010345604931044378,1958,-1.3355139054247218,-1.4214086539380524,0.08589474851333077,0.00347607481226689,2033
27.2,9.246158913309475,-3.824543938492135,9.246158913309475,9.348723892036253,-0.1025649787267767,-0.0035917475387979647,2153,-7.935231665278714,-7.9519179494864805,0.01668628420776576,0.00011444223582800749,1958,-1.3109272480307639,-1.396805942549774,0.08587869451901013,0.0034773053029698497,2033
27.21,9.222083006628926,-3.8390488737070663,9.222083006628926,9.32489663513556,-0.10281362850663592,-0.0036039287661238434,2153,-7.935755354314817,-7.952707191542849,0.016951837228032337,0.00012542729218131994,1958,-1.2863276523141107,-1.3721894435927138,0.08586179127860298,0.003478501473942393,2033
27.22,9.197916081712206,-3.8535159190595003,9.197916081712206,9.300977335192336,-0.10306125348013027,-0.003616074423331568,2153,-7.936200720649366,-7.953417935169608,0.017217214520241903,0.00013641110995279895,1958,-1.261715361062841,-1.347559400022728,0.08584403895988678,0.003479663313378816,2034
27.23,9.173658377077095,-3.8679449317655497,9.173658377077095,9.276966228286174,-0.10330785120907991,-0.003628184390552313,2152,-7.936567759886779,-7.954050173356826,0.017482413470046893,0.00014739358073605473,1958,-1.2370906171903189,-1.3229160549293506,0.08582543773903162,0.0034807908098157562,2034
27.240000000000002,9.149310132137371,-3.8823357694166667,9.149310132137371,9.252863551402779,-0.10355341926540805,-0.0036402585482581996,2152,-7.936856468404521,-7.954603899869383,0.017747431464861765,0.00015837459614076975,1958,-1.2124536637328522,-1.2982596515333973,0.08580598780054507,0.003481883952117316,2034
27.25,9.12487158720037,-3.896688289981102,9.12487158720037,9.228669542431604,-0.10379795523123315,-0.0036522967772868948,2152,-7.93706684335316,-7.955079109247041,0.018012265893880504,0.00016935404778745632,1958,-1.1878047438472124,-1.2735904331845638,0.08578568933735145,0.0034829427294994024,2034
27.26,9.100342983464662,-3.911002351805272,9.100342983464662,9.204384440163507,-0.10404145669884514,-0.003664298958827494,2152,-7.937198882656379,-7.955475796804485,0.018276914148106824,0.00018033182731467656,1958,-1.1631441008082857,-1.2489086433590229,0.08576454255073711,0.003483967131512774,2035
27.27,9.075724563017666,-3.9252778136151645,9.075724563017666,9.180008484288402,-0.1042839212707371,-0.003676264974422482,2151,-7.937252585011001,-7.955793958631382,0.01854137362038121,0.0001913078263761775,1958,-1.1384719780066654,-1.2242145256570227,0.08574254765035709,0.0034849571480464556,2035
27.28,9.05101656883325,-3.9395145345177367,9.05101656883325,9.155541915392886,-0.10452534655963876,-0.00368819470597299,2151,-7.937227949887011,-7.956033591592409,0.01880564170539842,0.0002022819366431618,1958,-1.1137886189462411,-1.1995083238004816,0.08571970485424034,0.0034859127693300197,2035
27.29,9.026219244769342,-3.953712374002298,9.026219244769342,9.130984974957869,-0.1047657301885276,-0.0037000880357380946,2151,-7.9371249775275405,-7.956194693327291,0.019069715799750402,0.00021325404980733313,1958,-1.0890942672418038,-1.1747902816305829,0.08569601438877916,0.003486833985931182,2036
27.3,9.00133283556552,-3.9678711919419065,9.00133283556552,9.106337905356183,-0.10500506979066222,-0.0037119448463355416,2150,-7.936943668948889,-7.956277262250819,0.019333593301929484,0.00022422405757752117,1958,-1.0643891666166332,-1.1500606431053697,0.0856714764887363,0.003487720788758598,2036
27.310000000000002,8.976357586840583,-3.9819908485947537,8.976357586840583,9.081600949850198,-0.1052433630096142,-0.003723765020747263,2150,-7.936684025940501,-7.95628129755287,0.019597271612368145,0.0002351918516842891,1958,-1.0396735609000851,-1.1253196522973328,0.08564609139724765,0.0034885731690632764,2036
27.32,8.95129374509018,-3.9960712046055114,8.95129374509018,9.05677435258942,-0.10548060749923943,-0.003735548442305341,2150,-7.936346051064944,-7.956206799198415,0.019860748133470798,0.0002461573238815018,1958,-1.0149476940252387,-1.100567553391008,0.08561985936576923,0.00348939111842406,2036
27.330000000000002,8.926141557684298,-4.01011212100676,8.926141557684298,9.031858358608078,-0.1057168009237783,-0.003747294994717273,2150,-7.935929747657899,-7.956053767927517,0.020124020269618573,0.00025712036594346347,1958,-0.9902118100264035,-1.0758045906805622,0.08559278065415893,0.0034901746287734395,2037
27.34,8.900901272864868,-4.024113459220321,8.900901272864868,9.006853213822705,-0.10595194095783664,-0.0037590045620506914,2149,-7.935435119828106,-7.955822205255324,0.02038708542721861,0.0002680808696714637,1958,-0.9654661530367664,-1.0510310085673833,0.08556485553061703,0.003490923692378933,2037
27.35,8.875573139743317,-4.038075081058639,8.875573139743317,8.98175916502972,-0.1061860252864032,-0.003770677028736156,2149,-7.934862172457344,-7.955512113472055,0.020649941014710432,0.00027903872688927935,1958,-0.9407109672859751,-1.0262470515576678,0.08553608427169276,0.0034916383018466345,2037
27.36,8.850157408298086,-4.051996848726144,8.850157408298086,8.956576459902978,-0.10641905160489097,-0.0037823122795721106,2149,-7.934210911200374,-7.955123495642974,0.02091258444259932,0.0002899938294474184,1958,-0.915946497097716,-1.0014529642600074,0.08550646716229127,0.00349231845012458,2038
27.37,8.824654329372192,-4.065878624820612,8.824654329372192,8.931305346991339,-0.10665101761914524,-0.003793910199723657,2148,-7.933481342484884,-7.954656355608365,0.021175013123481787,0.00030094606922365357,1958,-0.8911729868873128,-0.9766489913829751,0.08547600449566224,0.0034929641304997285,2038
27.38,8.799064154670726,-4.079720272334511,8.799064154670726,8.9059460757162,-0.10688192104547521,-0.0038054706747239877,2148,-7.932673473511416,-7.954110697983493,0.021437224472075755,0.0003118953381248809,1958,-0.8663906811593117,-0.9518353777327101,0.08544469657339847,0.0034935753365990135,2038
27.39,8.773387136758375,-4.093521654656374,8.773387136758375,8.880498896369053,-0.10711175961067805,-0.0038169935904769775,2148,-7.931787312253316,-7.953486528158553,0.021699215905238087,0.00032284152808603837,1958,-0.8415998245050618,-0.9270123682105018,0.08541254370543996,0.003494152062391012,2038
27.400000000000002,8.747623529056932,-4.107282635572135,8.747623529056932,8.854964060108996,-0.10734053105206422,-0.003828478833259298,2148,-7.930822867456636,-7.952783852298628,0.021960984841991594,0.0003337845310728005,1958,-0.8168006616002992,-0.9021802078103712,0.08537954621007203,0.0034946943021863007,2039
27.41,8.721773585842827,-4.121003079266451,8.721773585842827,8.829341818960266,-0.10756823311743842,-0.0038399262897094765,2147,-7.929780148640057,-7.952002677343614,0.02222252870355685,0.00034472423908376,1958,-0.7919934372027753,-0.8773391416166556,0.08534570441388047,0.003495202050625817,2039
27.42,8.695837562244556,-4.134682850324092,8.695837562244556,8.803632425809747,-0.10779486356519023,-0.0038513358468502297,2147,-7.928659166094793,-7.95114301100816,0.022483844913368103,0.0003556605441472297,1958,-0.7671783961497668,-0.8524894148015886,0.08531101865182183,0.0034956753027029393,2039
27.43,8.669815714240196,-4.148321813731238,8.669815714240196,8.777836134404474,-0.10802042016427665,-0.003862707392074268,2147,-7.927459930884487,-7.950204861781597,0.022744930897109838,0.00036659333832792223,1958,-0.7423557833557123,-0.8276312726228796,0.08527548926716741,0.003496114053746593,2040
27.44,8.643708298654882,-4.161919834876829,8.643708298654882,8.751953199349128,-0.10824490069424589,-0.003874040813150536,2146,-7.926182454845109,-7.949188238927837,0.02300578408272791,0.00037752251372333463,1958,-0.7175258438097757,-0.8027649604212942,0.08523911661151858,0.0034965182994273897,2040
27.45,8.617515573158268,-4.175476779553884,8.617515573158268,8.72598387610353,-0.10846830294526129,-0.0038853359982214336,2146,-7.924826750584833,-7.948093152485303,0.023266401900469313,0.00038844796246664554,1958,-0.692688822573439,-0.7778907236182319,0.08520190104479276,0.0034968880357547213,2040
27.46,8.591237796261977,-4.188992513960833,8.591237796261977,8.69992842098011,-0.10869062471813307,-0.0038965928358106203,2146,-7.923392831483909,-7.94691961326681,0.02352678178290125,0.00039936957673022185,1958,-0.6678449647780711,-0.7530088077133038,0.08516384293523281,0.003497223259080598,2040
27.47,8.56487522731706,-4.202466904702835,8.56487522731706,8.673787091141381,-0.10891186382432158,-0.003907811214816338,2145,-7.921880711694542,-7.945667632859474,0.02378692116493182,0.00041028724872097487,1958,-0.6429945156225217,-0.7281194582819109,0.08512494265938907,0.00349752396609535,2041
27.48,8.538428126511432,-4.2158998187930905,8.538428126511432,8.647560144597405,-0.10913201808597378,-0.003918991024518416,2145,-7.920290406140741,-7.944337223624588,0.02404681748384658,0.0004212008706872359,1958,-0.6181377203706921,-0.7032229209728191,0.0850852006021269,0.0034977901538313437,2041
27.490000000000002,8.51189675486728,-4.229291123654171,8.51189675486728,8.621247840203235,-0.10935108533595675,-0.003930132154581545,2145,-7.918621930518184,-7.942928398697504,0.02430646817931968,0.00043211033491525035,1958,-0.5932748243490981,-0.6783194415057339,0.08504461715663578,0.003498021819665926,2041
27.5,8.48528137423858,-4.242640687119279,8.48528137423858,8.594850437656381,-0.1095690634178019,-0.003941234495034214,2145,-7.916875301294051,-7.941441171987504,0.02456587069345363,0.0004430155337341148,1958,-0.5684060729445322,-0.6534092656688797,0.08500319272434737,0.0034982189612998054,2042
27.51,8.458582247308334,-4.255948377433644,8.458582247308334,8.568368197494225,-0.10978595018589116,-0.003952297936319429,2144,-7.915050535706863,-7.939875558177659,0.024825022470796793,0.0004539163595148367,1958,-0.5435317116014727,-0.6284926393165675,0.08496092771509477,0.0034983815768046757,2042
27.52,8.431799637586188,-4.2692140632557125,8.431799637586188,8.541801381091458,-0.11000174350526926,-0.003963322369232048,2144,-7.913147651766325,-7.938231572724687,0.025083920958362444,0.0004648127046700465,1958,-0.5186519858198667,-0.6035698083667742,0.08491782254690741,0.0034985096645621773,2042
27.53,8.404933809405676,-4.282437613658527,8.404933809405676,8.51515025065751,-0.11021644125183294,-0.003974307684971365,2144,-7.911166668253132,-7.936509231858801,0.02534256360566856,0.0004757044616576084,1958,-0.49376714115254833,-0.5786410187987119,0.08487387764616358,0.003498603223313535,2042
27.54,8.377985027921673,-4.295618898130986,8.377985027921673,8.488415069233941,-0.11043004131226902,-0.003985253775116832,2143,-7.909107604718789,-7.934708552583543,0.025600947864753698,0.0004865915229815077,1958,-0.46887742320288917,-0.5537065166504022,0.08482909344751303,0.003498662252135023,2043
27.55,8.350953559107776,-4.308757786579131,8.350953559107776,8.46159610069187,-0.11064254158409409,-0.003996160531635196,2143,-7.9069704814854225,-7.932829552675627,0.02585907119020405,0.0004974737811908655,1958,-0.4439830776223569,-0.5287665480162461,0.08478347039388925,0.0034986867504441382,2043
27.560000000000002,8.32383966975365,-4.321854149327446,8.32383966975365,8.434693609729345,-0.11085393997569588,-0.004007027846885316,2143,-7.904755319645576,-7.930872250684752,0.026116931039175686,0.0005083511288823048,1958,-0.4190843501080774,-0.5038213590445958,0.08473700893651842,0.003498676718002849,2043
27.57,8.296643627462485,-4.334907857120095,8.296643627462485,8.407707861868754,-0.11106423440626965,-0.00401785561359896,2142,-7.9024621410620055,-7.92883666593343,0.026374524871423194,0.0005192234587007623,1958,-0.3941814864004809,-0.4788711959353273,0.08468970953484646,0.003498632154898605,2044
27.580000000000002,8.269365700648175,-4.347918781122282,8.269365700648175,8.380639123454188,-0.11127342280601218,-0.0040286437249296096,2142,-7.900090968367455,-7.926722818516784,0.0266318501493283,0.0005300906633419148,1958,-0.3692747322807232,-0.4539163049374066,0.08464157265668339,0.0034985530615876275,2044
27.59,8.242006158532908,-4.360886792921412,8.242006158532908,8.353487661648819,-0.11148150311591029,-0.004039392074384746,2142,-7.897641824964445,-7.924530729302358,0.026888904337912585,0.0005409526355503284,1958,-0.344364333568468,-0.42895693234646404,0.084592598777996,0.0034984394388340454,2044
27.6,8.21456527114426,-4.373811764528471,8.21456527114426,8.326253744432265,-0.11168847328800324,-0.004050100555900776,2141,-7.895114735025028,-7.922260419929909,0.02714568490488203,0.0005518092681247198,1958,-0.3194505361192381,-0.40399332450235814,0.08454278838312006,0.0034982912877758892,2044
27.61,8.187043309312754,-4.386693568379185,8.187043309312754,8.298937640597934,-0.11189433128518074,-0.004060769063776054,2141,-7.89250972349056,-7.91991191281119,0.02740218932063017,0.0005626604539141549,1958,-0.2945335858221976,-0.3790257277867487,0.08449214196455106,0.0034981086098622937,2045
27.62,8.159440544669032,-4.399532077335359,8.159440544669032,8.271539619750392,-0.11209907508136106,-0.004071397492721144,2141,-7.8898268160714595,-7.9174852311297315,0.027658415058273107,0.0005735060858208197,1958,-0.2696137285975754,-0.35405438862066363,0.08444066002308825,0.0034978914069005947,2045
27.63,8.131757249641229,-4.4123271646860935,8.131757249641229,8.24405995230268,-0.11230270266145133,-0.0040819857378400545,2140,-7.887066039246936,-7.914980398840616,0.0279143595936813,0.0005843460568041867,1958,-0.24469121039429748,-0.3290795534620665,0.0843883430677691,0.003497639681035808,2045
27.64,8.103993697452296,-4.425078704149041,8.103993697452296,8.216498909473659,-0.11250521202136335,-0.004092533694630605,2140,-7.88422742026474,-7.912397440670238,0.028170020405497053,0.0005951802598787928,1958,-0.21976627718755826,-0.3041014688034246,0.08433519161586635,0.0034973534347518564,2046
27.650000000000002,8.076150162117267,-4.437786569871663,8.076150162117267,8.188856763285324,-0.11270660116805661,-0.004103041258992772,2140,-7.881310987140899,-7.909736382116054,0.02842539497515521,0.0006060085881157721,1958,-0.1948391749763728,-0.27912038116927446,0.08428120619290165,0.003497032670877076,2046
27.66,8.048226918440648,-4.450450636432432,8.048226918440648,8.161133786560134,-0.11290686811948576,-0.004113508327207962,2140,-7.878316768659431,-7.906997249446345,0.028680480786913348,0.0006168309346426875,1958,-0.16991014978121924,-0.2541365371137931,0.08422638733257382,0.0034966773925655635,2046
27.67,8.020224242013509,-4.4630707788421535,8.020224242013509,8.1333302529183,-0.11310601090478989,-0.004123934795991114,2139,-7.875244794372059,-7.904180069699945,0.028935275327885188,0.0006276471926499622,1958,-0.14497944764145337,-0.22915018321835884,0.08417073557690549,0.0034962876033412423,2046
27.68,7.992142409211031,-4.475646872545088,7.992142409211031,8.105446436775097,-0.11330402756406664,-0.004134320562417768,2139,-7.872095094597935,-7.901284870685978,0.029189776088043767,0.0006384572553843745,1958,-0.1200473146131,-0.20416156608912356,0.08411425147602355,0.0034958633070335033,2047
27.69,7.963981697189498,-4.488178793420295,7.963981697189498,8.077482613338155,-0.11350091614865859,-0.0041446655240048,2139,-7.868867700423314,-7.898311680983587,0.02944398056027392,0.0006492610161569741,1958,-0.0951139967661865,-0.17917093235457268,0.08405693558838619,0.0034954045078478763,2047
27.7,7.93574238388382,-4.5006664177827576,7.93574238388382,8.049439058604738,-0.11369667472091931,-0.004154969578635712,2138,-7.865562643701283,-7.895260529941647,0.029697886240364322,0.000660058368337586,1959,-0.07017974018253843,-0.15417852866309592,0.0839987884805575,0.00349491121029857,2047
27.71,7.907424748004604,-4.513109622384668,7.907424748004604,8.021316049359024,-0.11389130135442024,-0.004165232624619987,2138,-7.862179957051419,-7.892131447678477,0.0299514906270584,0.0006708492053606966,1959,-0.04524479095318749,-0.12918460168055113,0.08393981072736363,0.003494383419259453,2047
27.72,7.879029069035479,-4.525508284416622,7.879029069035479,7.99311386316937,-0.1140847941338902,-0.00417545456066692,2138,-7.858719673859466,-7.888924465081545,0.030204791222078153,0.0006816334207274816,1959,-0.020309395176016293,-0.10418939808782986,0.08388000291181356,0.0034938211399395836,2048
27.73,7.850555627230336,-4.53786228150883,7.850555627230336,7.964832778385576,-0.11427715115523922,-0.004185635285890254,2137,-7.855181828277025,-7.885639613807157,0.030457785530132127,0.000692410908001745,1959,0.004626201046686677,-0.07919316457842265,0.08381936562510933,0.003493224377888749,2048
27.740000000000002,7.82200470361055,-4.550171491732328,7.82200470361055,7.936473074136133,-0.11446837052558247,-0.004195774699810098,2137,-7.851566455221206,-7.882276926280153,0.03071047105894722,0.0007031815608136696,1959,0.02956175161065226,-0.05419614785598442,0.08375789946663668,0.003492593138996399,2048
27.75,7.79337657996221,-4.562435793600182,7.79337657996221,7.908035030325475,-0.1146584503632656,-0.004205872702355346,2137,-7.847873590374278,-7.8788364356935805,0.030962845319302067,0.0007139452728623244,1959,0.05449701041206451,-0.029198594631899465,0.08369560504396398,0.003491927429493018,2049
27.76,7.764671538833323,-4.574655066068689,7.764671538833323,7.879518927631211,-0.11484738879788713,-0.004215929193866871,2136,-7.844103270183326,-7.875318176008368,0.031214905825042945,0.00072470193791463,1959,0.07943173134999942,-0.004200751622845507,0.08363248297284492,0.003491227255952206,2049
27.77,7.735889863531106,-4.586829188538545,7.735889863531106,7.850925047501356,-0.11503518397025062,-0.004225944075078306,2136,-7.840255531859894,-7.871722181952997,0.031466650093102864,0.0007354514498053707,1959,0.10436566832878486,0.020797134451637493,0.08356853387714737,0.003490492625272602,2049
27.78,7.7070318381190095,-4.5989580408561,7.7070318381190095,7.822253672151556,-0.11522183403254604,-0.004235917247166435,2136,-7.836330413379599,-7.868048489023146,0.03171807564354609,0.0007461937024441359,1959,0.12929857526058638,0.04579481687158788,0.0835037583889985,0.003489723544721806,2049
27.79,7.678097747414139,-4.6110415033144605,7.678097747414139,7.793505084562295,-0.11540733714815574,-0.004245848611686006,2135,-7.832327953481779,-7.86429713348135,0.03196917999956973,0.0007569285898083884,1959,0.15423020606763677,0.07079204891905298,0.0834381571485838,0.003488920021877219,2050
27.8,7.649087876984276,-4.623079456654735,7.649087876984276,7.764679568476112,-0.11559169149183571,-0.004255738070623558,2135,-7.828248191669096,-7.86046815235664,0.03221996068754351,0.0007676560059495319,1959,0.17916031468481797,0.09578858388052575,0.0833717308042922,0.003488082064673951,2050
27.810000000000002,7.620002513145129,-4.635071782067185,7.620002513145129,7.735777408394797,-0.1157748952496679,-0.004265585526374835,2135,-7.824091168207154,-7.856561583444179,0.03247041523702405,0.0007783758449923586,1959,0.20408865506202317,0.1207841750493796,0.08330448001264355,0.003487209681382575,2050
27.82,7.590841942957497,-4.647018361192401,7.590841942957497,7.70679888957658,-0.1159569466190825,-0.00427539088175026,2134,-7.819856924124097,-7.852577465304885,0.03272054118078829,0.0007890880011369346,1959,0.2290149811665974,0.14577857572830352,0.08323640543829389,0.003486302880613321,2051
27.830000000000002,7.5616064542244334,-4.658919076122468,7.5616064542244334,7.677744298033316,-0.11613784380888176,-0.004285154039975139,2134,-7.815545501210201,-7.8485158372650545,0.032970336054854166,0.000799792368659469,1959,0.2539390469857642,0.17077153923173669,0.08316750775402752,0.0034853616713156586,2051
27.84,7.532296335488413,-4.670773809402137,7.532296335488413,7.6486139205276675,-0.1163175850392543,-0.004294874904690884,2134,-7.811156942017472,-7.8443767394159725,0.033219797398499666,0.0008104888419116956,1959,0.27886060652905614,0.19576281888830308,0.0830977876407531,0.0034843860627790492,2051
27.85,7.502911876028454,-4.682582444029982,7.502911876028454,7.619408044570266,-0.11649616854181173,-0.0043045533799620315,2133,-7.806691289859214,-7.840160212613516,0.03346892275430262,0.0008211773153258151,1959,0.3037794138307571,0.22075216804324727,0.08302724578750979,0.0034833760646361435,2051
27.86,7.4734533658573605,-4.6943448634595235,7.4734533658573605,7.590126958416885,-0.116673592559525,-0.0043141893702514575,2133,-7.802148588809618,-7.835866298477753,0.0337177096681343,0.0008318576834085347,1959,0.3286952229522553,0.245739340060865,0.0829558828913903,0.0034823316868432116,2052
27.87,7.443921095718668,-4.7060609516004615,7.443921095718668,7.560770951065584,-0.11684985534691682,-0.004323782780477091,2133,-7.797528883703301,-7.8314950393925296,0.03396615568922785,0.0008425298407520468,1959,0.3536077879846314,0.2707240883269428,0.08288369965768862,0.003481252939724981,2052
27.88,7.41431535708401,-4.717730592819714,7.41431535708401,7.531340312253863,-0.11702495516985337,-0.0043333335159393485,2132,-7.792832220134896,-7.827046478505053,0.034214258370157576,0.0008531936820244416,1959,0.3785168630508828,0.2957061662511875,0.08281069679969526,0.00348013983391468,2052
27.89,7.384636442150058,-4.72935367194264,7.384636442150058,7.501835332455803,-0.11719889030574465,-0.004342841482383106,2132,-7.78805864445857,-7.822520659725469,0.03446201526689778,0.0008638491019797544,1959,0.4034222023085094,0.32068532726966187,0.08273687503884752,0.003478992380403529,2053
27.900000000000002,7.35488464383572,-4.74093007425414,7.35488464383572,7.472256302879196,-0.11737165904347609,-0.004352306585970217,2132,-7.78320820378759,-7.817917627726416,0.03470942393882758,0.0008744959954539592,1959,0.4283235599518675,0.3456613248472179,0.08266223510464965,0.0034778105905164756,2053
27.91,7.325060255779234,-4.752459685499801,7.325060255779234,7.442603515462669,-0.11754325968343558,-0.004361728733282787,2131,-7.778280945993847,-7.813237427942603,0.0349564819487563,0.000885134257365635,1960,0.45322069021461003,0.37063391247993005,0.08258677773468003,0.0034765944759172244,2053
27.92,7.29516357233527,-4.763942391887009,7.29516357233527,7.412877262872813,-0.11771369053754376,-0.004371107831328831,2131,-7.773276919707385,-7.808480106570345,0.03520318686296007,0.0008957637827206608,1960,0.47811334737211314,0.3956028436975282,0.08251050367458498,0.003475344048608509,2053
27.93,7.265194888572023,-4.775378080086092,7.265194888572023,7.383077838501282,-0.11788294992925867,-0.004380443787541005,2131,-7.768196174315928,-7.803645710567115,0.03544953625118819,0.0009063844666095363,1960,0.503001285743899,0.42056787206583,0.08243341367806903,0.0034740593209312623,2054
27.94,7.235154500268288,-4.786766637231429,7.235154500268288,7.3532055364619024,-0.11805103619361401,-0.004389736509781932,2130,-7.763038759964369,-7.79873428765108,0.035695527686710846,0.0009169962042128868,1960,0.5278842596960795,0.4455287511891745,0.08235550850690507,0.0034727403055692056,2054
27.95,7.20504270391062,-4.798107950922539,7.20504270391062,7.323260651587773,-0.1182179476771539,-0.004398985906321719,2130,-7.7578047275543245,-7.793745886300627,0.03594115874630158,0.0009275988907935309,1960,0.5527620236437033,0.47048523471284964,0.08227678893085362,0.0034713870155283436,2054
27.96,7.174859796690221,-4.80940190922526,7.174859796690221,7.2932434794283525,-0.11838368273813168,-0.004408191885894306,2130,-7.752494128743565,-7.788680555753886,0.036186427010321605,0.0009381924217123326,1960,0.5776343320533415,0.4954370763255299,0.08219725572781157,0.003469999464182328,2055
27.97,7.144606076500274,-4.820648400672759,7.144606076500274,7.263154316246544,-0.11854823974626977,-0.004417354357619169,2129,-7.747107015945571,-7.783538346008247,0.03643133006267689,0.000948776692410289,1960,0.6025009394452937,0.520384029761701,0.08211690968359268,0.003468577665208597,2055
27.98,7.11428184193271,-4.8318473142667315,7.11428184193271,7.232993459015765,-0.11871161708305464,-0.00442647323108835,2129,-7.7416434423289555,-7.7783193078198645,0.036675865490908746,0.0009593515984311421,1960,0.6273616003962422,0.5453258488040965,0.08203575159214578,0.0034671216326570926,2055
27.990000000000002,7.0838873922755345,-4.842998539478401,7.0838873922755345,7.202761205417026,-0.11887381314149116,-0.004435548416286602,2129,-7.736103461816994,-7.773023492703152,0.0369200308861573,0.0009699170354018835,1960,0.6522160695414579,0.5702622872861232,0.08195378225533466,0.003465631380884864,2055
28.0,7.05342302750968,-4.854101966249683,7.05342302750968,7.172457853835986,-0.11903482632630615,-0.004444579823650969,2128,-7.7304871290870585,-7.767650952930281,0.037163823843221894,0.0009804728990461288,1960,0.6770641015773756,0.5951930990942925,0.08187100248308304,0.0034641069246044865,2056
28.01,7.022889048306126,-4.8651574849942385,7.022889048306126,7.142083703360008,-0.11919465505388153,-0.004453567364046034,2128,-7.7247944995700815,-7.76220174153066,0.037407241960578604,0.0009910190851835062,1960,0.7019054512639521,0.6201180381706493,0.08178741309330283,0.003462548278862288,2056
28.02,6.992285756022921,-4.876164986598561,6.992285756022921,7.11163905377521,-0.1193532977522902,-0.004462510948768897,2128,-7.71902562945002,-7.7566759122904125,0.037650282840392936,0.001001555489726861,1960,0.726739873427097,0.6450368585152007,0.08170301491189637,0.0034609554590420396,2056
28.03,6.961613452702185,-4.887124362423059,6.961613452702185,7.081124205563503,-0.119510752861319,-0.004471410489554634,2127,-7.713180575663288,-7.75107351975185,0.03789294408856279,0.001012082008687673,1960,0.7515671229611004,0.6699493141883445,0.08161780877275591,0.0034593284808667624,2057
28.04,6.930872441067222,-4.898035504303099,6.930872441067222,7.050539459899631,-0.11966701883240832,-0.004480265898554503,2127,-7.707259395898218,-7.745394619212927,0.03813522331470889,0.0010225985381711617,1960,0.7763869548309933,0.6948551593132937,0.08153179551769964,0.0034576673603833523,2057
28.05,6.900063024519339,-4.908898304550141,6.900063024519339,7.019885118648187,-0.11982209412884853,-0.004489077088389812,2126,-7.70126214859445,-7.739639266726698,0.03837711813224797,0.0010331049743876166,1960,0.8011991240751088,0.7197541480785076,0.08144497599660136,0.003455972114002319,2057
28.060000000000002,6.869185507135088,-4.919712655952714,6.869185507135088,6.989161484360649,-0.1199759772255605,-0.004497843972082043,2126,-7.695188892942405,-7.733807519100766,0.03861862615836094,0.0010436012136395547,1960,0.8260033858073148,0.7446460347401141,0.08135735106720074,0.00345424275844281,2057
28.07,6.838240193663084,-4.9304784517775415,6.838240193663084,6.958368860272381,-0.1201286666092975,-0.004506566463112203,2126,-7.6890396888826595,-7.727899433896721,0.03885974501406128,0.001054087152335367,1961,0.8507994952195737,0.7695305736243369,0.08126892159523671,0.0034524793107771597,2058
28.080000000000002,6.807227389521079,-4.941195585770564,6.807227389521079,6.92750755029965,-0.12028016077857057,-0.004515244475392854,2125,-7.682814597105378,-7.721915069429571,0.03910047232419345,0.0010645626869826832,1961,0.8755872075842946,0.7944075191299194,0.08117968845437533,0.003450681788409745,2058
28.09,6.776147400792928,-4.951863952157996,6.776147400792928,6.896577859036617,-0.1204304582436882,-0.004523877923276281,2125,-7.676513679049698,-7.715854484767167,0.03934080571746946,0.001075027714193889,1961,0.9003662782567668,0.8192766257305495,0.08108965252621746,0.0034488502090821303,2058
28.1,6.745000534225571,-4.962483445647369,6.745000534225571,6.865580091752337,-0.12057955752676512,-0.00453246672155435,2125,-7.670136996903139,-7.70971773972962,0.0395807428264816,0.0010854821306832364,1961,0.9251364626775647,0.8441376479772823,0.08099881470028253,0.003446984590870856,2059
28.11,6.713787097226009,-4.973053961428568,6.713787097226009,6.834514554387747,-0.12072745716173658,-0.0045410107854590865,2124,-7.663684613600982,-7.703504894888711,0.03982028128772947,0.0010959258332698604,1961,0.9498975163749689,0.8689903405009628,0.08090717587400612,0.0034450849521890214,2059
28.12,6.682507397858265,-4.9835753951748725,6.682507397858265,6.803381553552641,-0.12087415569437582,-0.004549510030664353,2124,-7.657156592825644,-7.69721601156729,0.04005941874164702,0.0011063587188789954,1961,0.9746491949673769,0.8938344580146478,0.0808147369527291,0.0034431513117855967,2059
28.13,6.65116174484034,-4.994047643043976,6.65116174484034,6.772181396522649,-0.12101965168230927,-0.0045579643732867004,2124,-7.650552999006052,-7.690851151838677,0.04029815283262481,0.0011167806845427631,1961,0.9993912541657102,0.918669755316026,0.08072149884968406,0.003441183688743927,2059
28.14,6.619750447541157,-5.004470601679028,6.619750447541157,6.7409143912362,-0.1211639436950427,-0.004566373729889936,2123,-7.643873897317011,-7.684410378526043,0.04053648120903226,0.0011271916274018176,1961,1.024123449775851,0.9434959872898404,0.08062746248601044,0.0034391821024882235,2060
28.150000000000002,6.588273815977577,-5.014844168209622,6.588273815977577,6.709580846291488,-0.12130703031391196,-0.004574738017467212,2123,-7.637119353678561,-7.677893755201795,0.04077440152323359,0.0011375914447029267,1961,1.048845537700983,0.9683129089103033,0.08053262879067977,0.0034371465727645514,2060
28.16,6.556732160811227,-5.02516824025285,6.556732160811227,6.678181070943424,-0.12144891013219666,-0.004583057153472672,2123,-7.6302894347553245,-7.671301346186944,0.041011911431619585,0.0011479800338046126,1961,1.073557273944094,0.9931202752435176,0.08043699870057629,0.003435077119667994,2060
28.17,6.525125793345509,-5.035442715914289,6.525125793345509,6.646715375100582,-0.12158958175507173,-0.0045913310558010935,2122,-7.623384207955837,-7.664633216550477,0.04124900859464101,0.0011583572921774728,1961,1.098258414610325,1.0179178414498933,0.08034057316043171,0.003432973763623723,2060
28.18,6.493455025522513,-5.045667493789013,6.493455025522513,6.615184069322138,-0.12172904379962561,-0.00459955964279181,2122,-7.616403741431902,-7.657889432108705,0.04148569067680384,0.0011687231174020247,1961,1.122948715909387,1.0427053627865646,0.08024335312282257,0.003430836525390197,2061
28.19,6.461720169919926,-5.055842472962591,6.461720169919926,6.583587464814816,-0.12186729489488896,-0.004607742833233343,2122,-7.609348104077905,-7.651070059424622,0.041721955346716966,0.001179077407171436,1961,1.1476279341579765,1.0674825946098045,0.08014533954817199,0.0034286654260617536,2061
28.2,6.429921539747967,-5.065967553012087,6.429921539747967,6.551925873429802,-0.12200433368183541,-0.004615880546360279,2121,-7.60221736553014,-7.644175165807245,0.041957800277104926,0.0011894200592941,1962,1.172295825782171,1.0922492923774405,0.0800465334047303,0.0034264604870658816,2061
28.21,6.398059448846273,-5.076042634007051,6.398059448846273,6.520199607659677,-0.12214015881340463,-0.004623972701858018,2121,-7.595011596166115,-7.637204819310947,0.042193223144831725,0.0011997509716930163,1962,1.196952147319841,1.1170052116512674,0.07994693566857351,0.0034242217301651418,2062
28.22,6.366134211680819,-5.086067616510495,6.366134211680819,6.488408980635327,-0.12227476895450792,-0.004632019219860102,2120,-7.5877308671038675,-7.630159088734789,0.04242822163092157,0.0012100700424053142,1962,1.221596655423046,1.1417501080994599,0.07984654732358616,0.003421949177454692,2062
28.23,6.334146143340792,-5.096042401579901,6.334146143340792,6.456554306122854,-0.12240816278206156,-0.004640020020955196,2120,-7.580375250201248,-7.623038043621841,0.042662793420592184,0.0012203771695880657,1962,1.2462291068604543,1.1664837374989852,0.07974536936146918,0.0034196428513671617,2062
28.240000000000002,6.3020955595355455,-5.105966890768151,6.3020955595355455,6.424635898520481,-0.12254033898493515,-0.004647975026169071,2120,-7.572944818055235,-7.6158417542584935,0.042896936203259656,0.0012306722515121223,1962,1.2708492585196864,1.1912058557380103,0.07964340278167609,0.003417302774656873,2062
28.25,6.269982776591386,-5.115840986124554,6.269982776591386,6.392654072855449,-0.12267129626406373,-0.004655884156995771,2119,-7.56543964400119,-7.608570291673765,0.04313064767257657,0.0012409551865706333,1962,1.295456867409801,1.215916218818314,0.07954064859148735,0.003414928970425183,2063
28.26,6.237808111448515,-5.125664590195769,6.237808111448515,6.360609144780904,-0.12280103333238974,-0.004663747335375596,2119,-7.557859802112146,-7.601223727638601,0.04336392552645427,0.0012512258732762767,1962,1.3200516906636302,1.2406145828576933,0.07943710780593648,0.0034125214620996424,2063
28.27,6.205571881657889,-5.135437606026796,6.205571881657889,6.328501430572788,-0.12292954891489959,-0.004671564483702671,2119,-7.55020536719809,-7.5938021346651645,0.04359676746707397,0.0012614842102604907,1962,1.3446334855401996,1.2653007040923732,0.0793327814478264,0.0034100802734422135,2063
28.28,6.1732744053780815,-5.145159937161912,6.1732744053780815,6.29633124712671,-0.12305684174862758,-0.004679335524825306,2118,-7.542476414805202,-7.586305586006122,0.04382917120092022,0.001271730096279065,1962,1.3692020094271171,1.2899743388794092,0.07922767054770816,0.003407605428546124,2064
28.29,6.140916001372145,-5.154831487645632,6.140916001372145,6.264098911954822,-0.12318291058267668,-0.004687060382046729,2118,-7.534673021215119,-7.578734155653919,0.04406113443879991,0.0012819634302097243,1962,1.393757019842971,1.314635243699094,0.07912177614387658,0.003405096951837026,2064
28.3,6.108496989004465,-5.164452162023658,6.108496989004465,6.231804743182688,-0.12330775417822323,-0.004694738979125658,2117,-7.526795263444187,-7.571087918340052,0.04429265489586458,0.0012921841110531112,1962,1.4182982744397203,1.3392831751573615,0.07901509928235885,0.0034025548680725153,2064
28.310000000000002,6.076017688237584,-5.174021865343826,6.076017688237584,6.199449059546137,-0.12343137130855511,-0.004702371240283354,2117,-7.518843219242693,-7.563366949534327,0.044523730291635845,0.0013023920379372838,1962,1.4428255310051064,1.3639178899881872,0.07890764101691927,0.0033999792023460523,2064
28.32,6.043478419629124,-5.183540503157013,6.043478419629124,6.167032180388129,-0.12355376075900498,-0.004709957090181611,2117,-7.5108169670941045,-7.555571325444121,0.04475435835001654,0.0013125871101121985,1963,1.4673385474649787,1.3885391450559896,0.07879940240898924,0.003397369980069549,2065
28.330000000000002,6.010879504328515,-5.1930079815181145,6.010879504328515,6.134554425655588,-0.12367492132707271,-0.0047174964539579076,2116,-7.502716586214294,-7.547701123013621,0.0449845367993257,0.001322769226957103,1963,1.4918370818857767,1.4131466973580302,0.0786903845277464,0.0033947272270005114,2065
28.34,5.978221264073888,-5.20242420698694,5.978221264073888,6.102016115896258,-0.12379485182236968,-0.0047249892572022644,2116,-7.494542156550745,-7.539756419923072,0.045214263372327194,0.0013329382879809,1963,1.516320892476855,1.4377403040268117,0.07858058845004329,0.0033920509692216003,2065
28.35,5.945504021188891,-5.211789086629147,5.945504021188891,6.069417572255532,-0.12391355106664116,-0.004732435425964401,2116,-7.486293758781782,-7.53173729458801,0.0454435358062281,0.0013430941928176676,1963,1.5407897375928885,1.4623197223324746,0.07847001526041386,0.0033893412331468488,2066
28.36,5.9127280985795005,-5.221102528017152,5.9127280985795005,6.036759116473284,-0.12403101789378287,-0.004739834886754019,2115,-7.4779714743157575,-7.523643826158481,0.04567235184272329,0.0013532368412340103,1963,1.5652433757362534,1.4868847096851947,0.0783586660510586,0.0033865980455197054,2066
28.37,5.879893819730843,-5.230364439231052,5.879893819730843,6.004041070880692,-0.12414725114984823,-0.004747187566541263,2115,-7.469575385290262,-7.51547609451827,0.04590070922800809,0.001363366133126263,1963,1.5896815655594154,1.5114350236375749,0.07824654192184054,0.0033838214334150326,2066
28.38,5.847001508703994,-5.239574728859519,5.847001508703994,5.97126375839706,-0.12426224969306661,-0.004754493392759196,2115,-7.461105574571302,-7.507234180284103,0.0461286057128006,0.0013734819685227865,1963,1.6141040658673051,1.5359704218870394,0.07813364398026582,0.0033810114242362865,2066
28.39,5.814051490132784,-5.248733306000714,5.814051490132784,5.93842750252663,-0.12437601239384494,-0.004761752293301958,2114,-7.4525621257524906,-7.4989181648048575,0.0463560390523671,0.0013835842475850698,1963,1.6385106356197048,1.5604906622782255,0.07801997334147924,0.0033781680457172403,2067
28.400000000000002,5.781044089220575,-5.2578400802631835,5.781044089220575,5.905532627355382,-0.12448853813480584,-0.004768964196532418,2114,-7.443945123154216,-7.490528130160759,0.04658300700654274,0.0013936728706080634,1963,1.662901033933637,1.5849955028053728,0.0779055311282639,0.0033752913259242076,2067
28.41,5.747979631737127,-5.266894961766732,5.747979631737127,5.872579457547849,-0.12459982581072328,-0.004776129031261697,2113,-7.435254651822822,-7.482064159162566,0.04680950733974427,0.0014037477380199111,1963,1.6872750200856927,1.6094847016147122,0.0777903184709806,0.003372381293242131,2067
28.42,5.714858444015266,-5.2758978611433385,5.714858444015266,5.839568318343907,-0.12470987432864018,-0.004783246726782757,2113,-7.426490797529748,-7.473526335350761,0.04703553782101294,0.0014138087503871586,1964,1.7116323535144793,1.6339580170068506,0.07767433650762882,0.0033694379763957415,2067
28.43,5.681680852947743,-5.2848486895380224,5.681680852947743,5.806499535555554,-0.12481868260781041,-0.004790317212847398,2113,-7.417653646770698,-7.464914742994717,0.047261096224019326,0.0014238558084124246,1964,1.7359727938229519,1.6584152074391596,0.07755758638379229,0.003366461404435268,2068
28.44,5.648447185983992,-5.2937473586097195,5.648447185983992,5.7733734355637125,-0.12492624957972188,-0.00479734041967242,2112,-7.408743286764781,-7.456229467091875,0.047486180327093494,0.0014338888129350816,1964,1.760296100780789,1.682856031528158,0.07744006925263097,0.003363451606737653,2068
28.45,5.615157771126882,-5.302593780532159,5.615157771126882,5.740190345314998,-0.12503257418811475,-0.0048043162779426935,2112,-7.399759805453656,-7.447470593366896,0.04771078791323935,0.0014439076649339641,1964,1.784602034326772,1.707280248051894,0.0773217862748778,0.003360408613008915,2068
28.46,5.581812936929504,-5.311387867994729,5.581812936929504,5.70695059231849,-0.12513765538898547,-0.004811244718809605,2111,-7.390703291500656,-7.43863820827082,0.047934916770164836,0.0014539122655276206,1964,1.8088903545711483,1.7316876159523276,0.07720273861882083,0.0033573324532817773,2069
28.47,5.548413012491909,-5.320129534203336,5.548413012491909,5.673654504642506,-0.12524149215059868,-0.00481812567389216,2111,-7.381573834289916,-7.429732398980217,0.04815856469030101,0.0014639025159747928,1964,1.8331608217980047,1.7560778943377062,0.07708292746029827,0.00335422315791729,2069
28.48,5.514958327457862,-5.328818692881264,5.514958327457862,5.640302410911363,-0.12534408345350073,-0.004824959075279421,2111,-7.3723715239254926,-7.420753253396314,0.04838172947082116,0.001473878317676626,1964,1.8574131964676268,1.780450842484947,0.07696235398267975,0.0033510807576025673,2069
28.490000000000002,5.481449212011586,-5.337455258270029,5.481449212011586,5.606894640302126,-0.12544542829053953,-0.00483174485553238,2110,-7.36309645123047,-7.411700860144138,0.04860440891366778,0.0014838395721769445,1964,1.8816472392188808,1.8048062198420096,0.07684101937687135,0.0033479052833550937,2069
28.5,5.447885996874556,-5.3460391451302085,5.447885996874556,5.573431522541369,-0.12554552566681296,-0.0048384829476683855,2110,-7.353748707746082,-7.40257530857164,0.04882660082555741,0.0014937861811600449,1964,1.9058627108715231,1.8291437860302686,0.07671892484125435,0.003344696766508158,2070
28.51,5.414269013302136,-5.354570268742308,5.414269013302136,5.539913387901916,-0.12564437459977928,-0.004845173285191469,2110,-7.344328385730774,-7.393376688748809,0.04904830301803466,0.0015037180464588067,1964,1.9300593724286355,1.8534633008468904,0.07659607158174503,0.0033414552387326384,2070
28.52,5.380598593080385,-5.363048544907583,5.380598593080385,5.506340567199587,-0.12574197411920157,-0.004851815802071851,2109,-7.334835578159327,-7.384105091466789,0.04926951330746267,0.0015136350700500909,1965,1.9542369850789403,1.8777645242671996,0.07647246081174049,0.003338180732022135,2070
28.53,5.346875068522755,-5.37147388994887,5.346875068522755,5.472713391789922,-0.12583832326716668,-0.0048584104327505885,2109,-7.325270378721917,-7.3747606082369765,0.0494902295150597,0.0015235371540565689,1965,1.9783953101991578,1.902047216447051,0.07634809375210658,0.0033348732786937954,2071
28.54,5.313098772466821,-5.379846220711414,5.313098772466821,5.4390321935649215,-0.12593342109810052,-0.004864957112141838,2108,-7.315632881823198,-7.36534333129012,0.049710449466921415,0.0015334242007502379,1965,2.002534109356375,1.9263111377251965,0.07622297163117871,0.0033315329113916448,2071
28.55,5.279270038270987,-5.388165454563692,5.279270038270987,5.405297304949762,-0.12602726667877662,-0.004871455775633089,2108,-7.3059231825813775,-7.355853353575413,0.049930170994035135,0.0015432961125493175,1965,2.0266531443103886,1.9505560486256481,0.0760970956847403,0.003328159663083314,2071
28.560000000000002,5.245389199811182,-5.396431509398229,5.245389199811182,5.371509058899522,-0.12611985908834095,-0.004877906359089783,2108,-7.296141376827259,-7.346290768759571,0.050149391932313304,0.0015531527920249807,1965,2.0507521770160744,1.974781709860046,0.07597046715602845,0.003324753567065072,2071
28.57,5.211456591477665,-5.404644303632385,5.211456591477665,5.337667788895897,-0.12621119741823147,-0.004884308798831819,2107,-7.286287561103335,-7.336655671225913,0.050368110122577525,0.001562994141889592,1965,2.0748309696256673,1.9989878823300131,0.07584308729565395,0.003321314656942025,2072
28.580000000000002,5.177472548171499,-5.412803756209219,5.177472548171499,5.303773828943892,-0.1263012807723937,-0.004890663031693436,2107,-7.276361832662765,-7.32694815607342,0.05058632341065561,0.001572820065021548,1965,2.098889284491262,2.023174327129524,0.07571495736173808,0.0033178429666718416,2072
28.59,5.143437405301553,-5.420909786598205,5.143437405301553,5.269827513568555,-0.1263901082670016,-0.004896968994937665,2107,-7.266364289468501,-7.31716831911581,0.05080402964730841,0.0015826304644364518,1965,2.1229268841669464,2.047340805547252,0.07558607861969396,0.003314338530501671,2072
28.6,5.1093514987808675,-5.428962314796118,5.1093514987808675,5.235829177811642,-0.12647767903077475,-0.004903226626351079,2106,-7.256295030192243,-7.307316256880582,0.051021226688339534,0.0015924252433154127,1965,2.1469435314113716,2.071487079068937,0.07545645234243442,0.003310801383035495,2072
28.61,5.0752151650236375,-5.436961261327739,5.0752151650236375,5.2017791572283345,-0.12656399220469788,-0.004909435864155153,2106,-7.246154154213524,-7.297392066608068,0.051237912394544484,0.0016022043049843705,1966,2.1709389891898847,2.0956129093797307,0.07532607981015418,0.003307231559170855,2073
28.62,5.041028740941676,-5.444906547246702,5.041028740941676,5.167677787883919,-0.12664904694224405,-0.004915596647074473,2105,-7.235941761618695,-7.2873958462504715,0.051454084631777426,0.0016119675529297577,1966,2.1949130206770167,2.1197180583665505,0.07519496231046624,0.003303629094144868,2073
28.63,5.006792563941186,-5.452798094136241,5.006792563941186,5.13352540635047,-0.12673284240928342,-0.004921708914305661,2105,-7.2256579531999465,-7.2773276944709036,0.05166974127095598,0.0016217148907920545,1966,2.218865389258758,2.143802288120432,0.07506310113832626,0.0032999940235133216,2073
28.64,4.972506971919414,-5.460635824109972,4.972506971919414,5.099322349703524,-0.12681537778410934,-0.00492777260552289,2105,-7.215302830454316,-7.267187710642402,0.051884880188085056,0.0016314462223702489,1966,2.2427958585348993,2.167865360938876,0.07493049759602309,0.0032963263831522586,2074
28.650000000000002,4.938172303261293,-5.468419659812674,4.938172303261293,5.065068955518763,-0.12689665225747018,-0.00493378766088526,2104,-7.2048764955826785,-7.256975994846959,0.0520994992642807,0.0016411614516217065,1966,2.266704192321384,2.1919070393281945,0.0747971529931895,0.003292626209263479,2074
28.66,4.903788896836197,-5.4761495244210145,4.903788896836197,5.030765561868677,-0.12697666503247884,-0.004939754021010923,2104,-7.1943790514887676,-7.24669264787453,0.0523135963857622,0.0016508604826561864,1966,2.2905901546525693,2.2159270860058524,0.07466306864671703,0.0032888935383550626,2074
28.67,4.869357091994392,-5.483825341644369,4.869357091994392,4.996412507319222,-0.12705541532483033,-0.0049456716270377754,2103,-7.183810601778096,-7.236337771222036,0.05252716944394105,0.0016605432197553168,1966,2.314453509783704,2.239925263902813,0.07452824588089087,0.003285128407282782,2074
28.68,4.834877228563966,-5.491447035725502,4.834877228563966,4.962010130926491,-0.12713290236252614,-0.004951540420538459,2103,-7.173171250757019,-7.225911467092368,0.05274021633534947,0.0016702095673474565,1966,2.3382940221930517,2.263901336165875,0.07439268602717668,0.003281330853190935,2075
28.69,4.800349646847173,-5.4990145314413885,4.800349646847173,4.927558772233357,-0.12720912538618342,-0.0049573603436141745,2103,-7.1624611034316095,-7.2154138383933715,0.052952734961762817,0.0016798594300381359,1967,2.3621114565844348,2.2878550661600126,0.0742563904244222,0.0032775009135761874,2075
28.7,4.765774687617365,-5.506527754103887,4.765774687617365,4.893058771266124,-0.1272840836487582,-0.004963131338806517,2102,-7.151680265506718,-7.204844988736836,0.05316472323011848,0.0016894927125811576,1967,2.3859055778893508,2.3117862174707096,0.07411936041864094,0.003273638626225561,2075
28.71,4.731152692115412,-5.513986629560528,4.731152692115412,4.8585104685311755,-0.12735777641576346,-0.004968853349165532,2102,-7.140828843384857,-7.194205022437471,0.05337617905261369,0.0016991093199019871,1967,2.409676151269443,2.335694553906292,0.07398159736315098,0.0032697440292635918,2075
28.72,4.696484002046431,-5.521391084195221,4.696484002046431,4.82391420501161,-0.12743020296517907,-0.00497452631821752,2101,-7.129906944165182,-7.183494044511873,0.05358710034669202,0.0017087091570896131,1967,2.433422942118748,2.3595798395002596,0.07384310261848824,0.003265817161128141,2076
28.73,4.6617689595763965,-5.5287410449289895,4.6617689595763965,4.789270322163878,-0.12750136258748052,-0.00498015018997318,2101,-7.118914675642425,-7.172712160677497,0.05379748503507198,0.0017182921293977253,1967,2.4571457160660257,2.3834418385136162,0.07370387755240973,0.0032618580605755236,2076
28.740000000000002,4.627007907328765,-5.536036439220687,4.627007907328765,4.754579161914406,-0.1275712545856413,-0.0049857249089272915,2101,-7.107852146305842,-7.161859477351603,0.054007331045759756,0.0017278581422462045,1967,2.4808442389770766,2.407280315437194,0.07356392353988275,0.0032578667666811425,2076
28.75,4.592201188381086,-5.543277195067717,4.592201188381086,4.719841066656231,-0.12763987827514564,-0.004991250420059939,2100,-7.096719465338134,-7.150936101650215,0.054216636312081797,0.001737407101223018,1967,2.5045182769570458,2.431095034993981,0.07342324196306464,0.0032538433188369687,2076
28.76,4.557349146261604,-5.55046324100675,4.557349146261604,4.685056379245614,-0.12770723298400988,-0.004996726668842164,2100,-7.085516742614356,-7.139942141387057,0.054425398772701535,0.00174693891208584,1967,2.5281675963527497,2.4548857621414406,0.07328183421130915,0.0032497877567563664,2077
28.77,4.522452124945965,-5.557594506114397,4.522452124945965,4.650225442998661,-0.12777331805269596,-0.0050021536012094196,2099,-7.07424408870088,-7.128877705072494,0.0546336163716138,0.0017564534807541633,1968,2.5517919637549134,2.478652262073831,0.07313970168108216,0.0032457001204549956,2077
28.78,4.4875104688536,-5.564670920007969,4.4875104688536,4.615348601687927,-0.12783813283432752,-0.00500753116362401,2099,-7.062901614854224,-7.1177429019124565,0.054841287058232296,0.0017659507133317197,1968,2.575391146000622,2.5023943002245255,0.07299684577609682,0.0032415804502924205,2077
28.79,4.452524522844611,-5.571692412846104,4.452524522844611,4.580426199539036,-0.12790167669442606,-0.005012859302992714,2099,-7.051489433020046,-7.106537841807364,0.055048408787318835,0.0017754305160779405,1968,2.5989649101754324,2.5261116422683245,0.07285326790710803,0.0032374287869147674,2078
28.8,4.417494632216135,-5.578658915329508,4.417494632216135,4.545458581227271,-0.12796394901113592,-0.005018137966737475,2098,-7.040007655831963,-7.095262635351044,0.055254979519081114,0.001784892795434507,1968,2.622513023615825,2.54980405412377,0.07270896949205519,0.0032332451713028773,2078
28.810000000000002,4.382421142699055,-5.585570358701614,4.382421142699055,4.510446091874179,-0.128024949175124,-0.005023367102759686,2098,-7.028456396610484,-7.083917393829636,0.05546099721915208,0.0017943374580121681,1968,2.6460352539114265,2.5734713019554545,0.0725639519559719,0.0032290296447474633,2078
28.82,4.3473044004545525,-5.592426674749264,4.3473044004545525,4.475389077044163,-0.1280846765896101,-0.005028546659450279,2097,-7.016835769361873,-7.072502229220497,0.055666459858623306,0.0018037644105968198,1968,2.6695313689073177,2.597113152176331,0.07241821673098679,0.003224782248853235,2078
28.830000000000002,4.312144752070695,-5.599227795803389,4.312144752070695,4.44028788274107,-0.12814313067037567,-0.005033676585689645,2097,-7.00514588877703,-7.061017254191089,0.0558713654140593,0.0018131735601483174,1968,2.6930011367063327,2.6207293714500164,0.07227176525631597,0.003220503025541178,2079
28.84,4.276942544559017,-5.60597365473967,4.276942544559017,4.40514285540478,-0.1282003108457629,-0.005038756830847959,2097,-6.993386870230355,-7.0494625820978785,0.056075711867522145,0.0018225648138026906,1968,2.716444325671336,2.644319726693096,0.07212459897824074,0.003216192017045259,2079
28.85,4.241698125351077,-5.612664184979206,4.241698125351077,4.369954341907781,-0.1282562165567042,-0.005043787344790048,2096,-6.981558829778612,-7.037838326985205,0.0562794972065938,0.0018319380788733722,1969,2.7398607044275325,2.667883985077422,0.07197671935010999,0.0032118492659166716,2079
28.86,4.206411842295122,-5.619299320489151,4.206411842295122,4.334722689551752,-0.1283108472566308,-0.005048768077851215,2096,-6.969661884159799,-7.026144603584169,0.05648271942436971,0.0018412932628457663,1969,2.763250041864675,2.6914219140324143,0.07182812783226071,0.0032074748150053515,2079
28.87,4.17108404365244,-5.625878995783414,4.17108404365244,4.29944824606413,-0.1283642024116906,-0.005053698980897217,2095,-6.957696150791942,-7.014381527311485,0.05668537651954308,0.0018506302733957126,1969,2.786612107139501,2.714933281247353,0.07167882589214873,0.0032030687075017246,2080
28.88,4.1357150780942025,-5.632403145923245,4.1357150780942025,4.264131359594682,-0.12841628150048015,-0.005058580005243977,2095,-6.945661747772021,-7.002549214268356,0.05688746649633493,0.0018599490183646545,1969,2.809946669677817,2.7384178546736706,0.07152881500414603,0.0031986309868793795,2080
28.89,4.1003052946978,-5.638871706517918,4.1003052946978,4.228772378712066,-0.12846708401426654,-0.005063411102724832,2095,-6.933558793874726,-6.990647781239317,0.0570889873645919,0.001869249405783451,1969,2.833253499176924,2.761875402527248,0.07137809664967584,0.0031941616969417084,2080
28.900000000000002,4.064855042943498,-5.6452846137253525,4.064855042943498,4.193371652400392,-0.1285166094568944,-0.005068192225659996,2094,-6.9213874085513245,-6.978677345691088,0.05728993713976475,0.001878531343861047,1969,2.8565323656078245,2.7853056932906943,0.07122667231713083,0.003189660881799085,2080
28.91,4.0293646727109715,-5.651641804252743,4.0293646727109715,4.157929530055779,-0.12856485734480724,-0.00507292332686104,2094,-6.90914771192848,-6.966638025771418,0.05749031384293779,0.0018877947409884689,1969,2.8797830392175063,2.8087084957156367,0.07107454350186945,0.0031851285858724796,2081
28.92,3.993834534275846,-5.657943215357186,3.993834534275846,4.1224463614829014,-0.1286118272070556,-0.00507760435963481,2093,-6.896839824807054,-6.954529940307907,0.05769011550085277,0.001897039505740715,1970,2.903005290531206,2.8320835788250034,0.07092171170620284,0.0031805648538940387,2081
28.93,3.9582649783062434,-5.664188784846296,3.9582649783062434,4.086922496891544,-0.1286575185853017,-0.005082235277781849,2093,-6.884463868660924,-6.942353208806845,0.05788934014592234,0.001906265546875981,1970,2.9261988903546783,2.855430711915299,0.07076817843937976,0.0031759697309058366,2081
28.94,3.9226563558593,-5.67037845107883,3.9226563558593,4.05135828689314,-0.12870193103384003,-0.005086816035602117,2093,-6.872019965635773,-6.930107951452029,0.05808798581625554,0.0019154727733387729,1970,2.949363609776471,2.8787496645588866,0.0706139452175845,0.0031713432622633257,2082
28.95,3.8870090183778054,-5.6765121529652705,3.8870090183778054,4.015754082497313,-0.12874506411950773,-0.005091346587868799,2092,-6.859508238547924,-6.917794289103572,0.05828605055564824,0.0019246610942516345,1970,2.9724992201701155,2.902040206606257,0.07045901356385831,0.0031666854936169575,2082
28.96,3.8513233176865094,-5.682589829968466,3.8513233176865094,3.9801102351084117,-0.12878691742190224,-0.005095826889891576,2092,-6.846928810883039,-6.9054123432967165,0.058483532413677757,0.0019338304189388759,1970,2.995605493196528,2.9253021081883044,0.0703033850082233,0.0031619964709522735,2082
28.97,3.8155996059889485,-5.688611422104188,3.8155996059889485,3.9444270965220434,-0.12882749053309514,-0.005100256897428332,2091,-6.834281806795023,-6.892962236240637,0.05868042944561301,0.0019429806568948375,1970,3.018682200806073,2.948535139718591,0.07014706108748213,0.0031572762405335892,2082
28.98,3.7798382358636573,-5.694576869941767,3.7798382358636573,3.9087050189215997,-0.1288667830579423,-0.005104636566780763,2091,-6.8215673511046715,-6.880444090817219,0.058876739712547324,0.001952111717818512,1970,3.0417291152410124,2.971739071895619,0.06999004334539338,0.0031525248489620173,2083
28.990000000000002,3.74403956026098,-5.7004861146046295,3.74403956026098,3.872944354874781,-0.1289047946138007,-0.0051089658547048295,2091,-6.80878556929855,-6.867858030579868,0.059072461281318094,0.00196122351158421,1971,3.0647460090375684,2.9949136757050865,0.06983233333248141,0.003147742343120459,2083
29.0,3.7082039324993734,-5.70633909777092,3.7082039324993734,3.8371454573301182,-0.1289415248307448,-0.005113244718479828,2090,-6.795936587527677,-6.855204179752272,0.059267592224595045,0.0019703159482652023,1971,3.0877326550283017,3.0180587224221536,0.06967393260614818,0.0031429287702144128,2083
29.01,3.6723317062620144,-5.712135761674058,3.6723317062620144,3.8013086796134883,-0.1289769733514735,-0.005117473115875418,2090,-6.783020532606315,-6.842482663227184,0.059462130620869136,0.001979388938123039,1971,3.1106888263442984,3.0411739836136946,0.06951484273060358,0.0031380841777523113,2083
29.02,3.6364232355932957,-5.717876049103311,3.6364232355932957,3.7654343754246273,-0.12901113983133156,-0.005121651005159196,2089,-6.770037532010714,-6.829693606565187,0.0596560745544732,0.0019884423916104706,1971,3.133614296417415,3.0642592311405576,0.06935506527685716,0.0031332086135485732,2084
29.03,3.6004788748953054,-5.723559903404363,3.6004788748953054,3.729522898833639,-0.12904402393833342,-0.005125778345102463,2089,-6.756987713877838,-6.816837135993457,0.05984942211561932,0.0019974762193767986,1971,3.1565088389825307,3.0873142371598163,0.0691946018227145,0.0031283021257259387,2084
29.04,3.5644989789244317,-5.729187268479855,3.5644989789244317,3.693574604277502,-0.12907562535307074,-0.00512985509495407,2089,-6.7438712070041475,-6.8039133784045145,0.06004217140036703,0.0020064903322555665,1971,3.179372228079714,3.1103387741270105,0.0690334539527037,0.003123364762698682,2084
29.05,3.5284839027876425,-5.734758088789982,3.5284839027876425,3.6575898465565686,-0.12910594376892648,-0.0051338812145020314,2088,-6.730688140844239,-6.790922461354972,0.060234320510733054,0.0020154846412901517,1971,3.2022042380565954,3.1333326147984017,0.06887162325819342,0.003118396573211995,2084
29.060000000000002,3.492434001939259,-5.740272309352982,3.492434001939259,3.6215689808310665,-0.1291349788918075,-0.0051378566639918005,2088,-6.717438645509678,-6.77786451306428,0.060425867554602226,0.002024459057703702,1972,3.2250046435704167,3.156295532233212,0.06870911133720488,0.0031133976062879703,2085
29.07,3.45634963217723,-5.745729875745734,3.45634963217723,3.585512362617591,-0.12916273044036153,-0.005141781404194636,2087,-6.704122851767624,-6.764739662413454,0.060616810645830084,0.0020334134929257657,1972,3.247773219590394,3.179227299795861,0.06854591979453263,0.00310836791126927,2085
29.080000000000002,3.420231149639715,-5.7511307341042555,3.420231149639715,3.549420347785598,-0.12918919814588295,-0.005145655396375761,2087,-6.6907408910395905,-6.75154803894381,0.0608071479042198,0.0020423478585791816,1972,3.2705097413998723,3.2021276911582093,0.06838205024166356,0.0031033075377966545,2085
29.09,3.3840789108015565,-5.756474831124256,3.3840789108015565,3.5132932925538896,-0.1292143817523328,-0.005149478602300521,2086,-6.67729289540012,-6.738289772855676,0.060996877455556375,0.0020512620664867613,1972,3.2932139845985615,3.224996480301784,0.06821750429677723,0.003098216535813912,2085
29.1,3.3478932724707575,-5.761762114061657,3.3478932724707575,3.477131553487099,-0.12923828101634174,-0.005153250984235311,2086,-6.663778997575506,-6.72496499500712,0.0611859974316138,0.002060156028667972,1972,3.3158857251047467,3.2478334415200187,0.06805228358472795,0.0030930949555673477,2086
29.11,3.311674591784957,-5.76699253073311,3.311674591784957,3.440935487492174,-0.12926089570721702,-0.005156972504949285,2086,-6.650199330942461,-6.711573836912648,0.06137450597018684,0.002069029657344346,1972,3.338524739157503,3.2706383494204725,0.06788638973703019,0.0030879428476049517,2086
29.12,3.2754232262079133,-5.772166029516513,3.2754232262079133,3.4047054518148503,-0.12928222560693717,-0.005160643127712522,2085,-6.636554029526815,-6.698116430741912,0.06156240121509743,0.0020778828649364763,1973,3.3611308033188996,3.29341097892706,0.06771982439183934,0.003082760262775763,2086
29.13,3.239139533525969,-5.777282559351523,3.239139533525969,3.368441804036129,-0.12930227051016,-0.0051642628162977605,2085,-6.622843228002182,-6.684592909318401,0.061749681316219295,0.0020867155640675004,1973,3.3837036944762113,3.316151105282271,0.0675525891939403,0.0030775472522301672,2086
29.14,3.202823871844501,-5.782342069740059,3.202823871844501,3.3321449020687437,-0.1293210302242421,-0.00516783153498582,2084,-6.609067061688632,-6.6710034061181345,0.06193634442950261,0.0020955276675642103,1973,3.4062431898441288,3.3388585040493886,0.06738468579473988,0.0030723038674217327,2087
29.150000000000002,3.1664765995844717,-5.787344510746789,3.1664765995844717,3.2958151041536325,-0.1293385045691609,-0.0051713492485431604,2084,-6.595225666551378,-6.657348055268339,0.06212238871696128,0.0021043190884505493,1973,3.428749066966904,3.361532951114705,0.06721611585219882,0.0030670301600924962,2087
29.16,3.1300980754787626,-5.792289832999643,3.1300980754787626,3.2594527688564017,-0.12935469337763872,-0.005174815922259084,2084,-6.5813191791993955,-6.643626991546134,0.06230781234673815,0.0021130897399618443,1973,3.451221103720631,3.384174222689731,0.06704688103089977,0.0030617261822970658,2087
29.17,3.0936886585687193,-5.797177987690287,3.0936886585687193,3.2230582550637825,-0.1293695964950632,-0.005178231521919533,2083,-6.5673477368841,-6.629840350377192,0.062492613493092236,0.002121839535535844,1973,3.4736590783153787,3.4067820953134085,0.06687698300197016,0.003056391986383572,2088
29.18,3.0572487082005897,-5.80200892657461,3.0572487082005897,3.186631921980095,-0.1293832137795053,-0.005181596013813804,2083,-6.553311477497989,-6.6159882678344095,0.06267679033642107,0.002130568388815613,1973,3.496062769297397,3.429356345854312,0.0667064234430846,0.003051027624998303,2088
29.19,3.020778584021971,-5.806782601973191,3.020778584021971,3.1501741291236978,-0.12939554510172632,-0.0051849093647364135,2082,-6.539210539573272,-6.602070880636555,0.06286034106328289,0.0021392762136514046,1974,3.518431955551298,3.451896751512855,0.06653520403844303,0.003045633151084982,2088
29.2,2.9842786459782658,-5.811498966771785,2.9842786459782658,3.113685236323442,-0.12940659034517607,-0.005188171541986304,2082,-6.525045062280516,-6.58808832614693,0.06304326386641416,0.002147962924100662,1974,3.5407664163022483,3.474403089823486,0.06636332647876189,0.0030402086178857157,2088
29.21,2.947749254309127,-5.816157974421774,2.947749254309127,3.07716560371512,-0.1294163494059931,-0.005191382513367291,2082,-6.510815185427262,-6.574040742372007,0.0632255569447447,0.0021566284344296735,1974,3.563065931118134,3.4968751386568853,0.06619079246124879,0.0030347540789377623,2089
29.22,2.911190769544902,-5.820759578940633,2.911190769544902,3.0406155917379105,-0.12942482219300844,-0.005194542247188845,2081,-6.496521049456652,-6.559928267960068,0.06340721850341594,0.0021652726591132386,1974,3.585330279911747,3.5193126762221554,0.06601760368959209,0.0030292695880755104,2089
29.23,2.874603552503056,-5.825303734912387,2.874603552503056,3.0040355611308196,-0.1294320086277633,-0.005197650712270961,2081,-6.482162795446027,-6.545751042199836,0.06358824675380954,0.002173895512838796,1974,3.607559242942968,3.541715481069015,0.06584376187395338,0.0030237551994321877,2089
29.240000000000002,2.8379879642846926,-5.829790397488044,2.8379879642846926,2.967425872929125,-0.12943790864443264,-0.005200707877922939,2080,-6.467740565105573,-6.531509205019104,0.06376863991353156,0.0021824969104982943,1974,3.6297526008208782,3.564083332089978,0.06566926873090029,0.0030182109674244733,2089
29.25,2.801344366270864,-5.834219522386059,2.801344366270864,2.9307868884608097,-0.12944252218994565,-0.005203713713979115,2080,-6.453254500776874,-6.517202896983351,0.06394839620647673,0.002191076767202266,1975,3.6519101345060077,3.5864160085225394,0.06549412598346811,0.0030126369467768257,2090
29.26,2.764673120119088,-5.838591065892758,2.764673120119088,2.8941189693429945,-0.1294458492239069,-0.005206668190774111,2079,-6.4387047454315365,-6.50283225929435,0.0641275138628143,0.0021996349982713517,1975,3.6740316253124456,3.608713289951355,0.0653183353610906,0.003007033192502453,2090
29.27,2.7279745877597605,-5.8429049848627725,2.7279745877597605,2.857422477478373,-0.12944788971861215,-0.005209571279148112,2079,-6.424091442669772,-6.488397433788788,0.06430599111901655,0.002208171519239698,1975,3.6961168549100094,3.630974956310414,0.06514189859959521,0.0030013997599084834,2090
29.28,2.69124913139258,-5.847161236719462,2.69124913139258,2.820697775051635,-0.1294486436590552,-0.005212422950449677,2079,-6.40941473671898,-6.473898562936849,0.06448382621786995,0.0022166862458552453,1975,3.718165605326398,3.6532007878852126,0.06496481744118486,0.00299573670459428,2090
29.29,2.6544971134829733,-5.851359779455339,2.6544971134829733,2.7839452245258958,-0.1294481110429222,-0.005215223176533987,2078,-6.394674772432321,-6.459335789840821,0.0646610174084998,0.002225179094081719,1975,3.7401776589493454,3.6753905653149235,0.06478709363442198,0.002990044082452257,2091
29.3,2.617718896758521,-5.855500571632482,2.617718896758521,2.7471651886391153,-0.12944629188059442,-0.00521797192976446,2078,-6.379871695287292,-6.444709258233677,0.06483756294638461,0.002233649980098766,1975,3.7621527985287693,3.6975440695945587,0.06460872893421019,0.002984321949665778,2091
29.310000000000002,2.5809148442053527,-5.859583572382948,2.5809148442053527,2.7103580304005206,-0.12944318619516787,-0.005220669183017367,2077,-6.365005651384282,-6.430019112477657,0.0650134610933751,0.0022420988203038406,1976,3.784090807178928,3.7196610820771343,0.06442972510179357,0.002978570362713961,2091
29.32,2.5440853190646497,-5.863608741409162,2.5440853190646497,2.673524113087022,-0.12943879402237254,-0.005223314909660195,2077,-6.350076787445158,-6.4152654975628485,0.06518871011769022,0.002250525531305855,1976,3.805991468380506,3.7417413844758234,0.0642500839046827,0.0029727893783544437,2091
29.330000000000002,2.507230684828937,-5.86757603898433,2.507230684828937,2.636663800239631,-0.12943311541069435,-0.005225909083588428,2077,-6.33508525081177,-6.4004485591057465,0.0653633082939769,0.002258930029940447,1976,3.827854565982832,3.7637847588661137,0.06406980711671827,0.0029669790536482493,2092
29.34,2.4703513052385744,-5.871485425952832,2.4703513052385744,2.5997774556598676,-0.12942615042129343,-0.005228451679199146,2076,-6.320031189444534,-6.385568443347829,0.065537253903294,0.0022673122332584556,1976,3.8496798842059587,3.7857909876879585,0.06388889651800024,0.0029611394459407806,2092
29.35,2.4334475442781507,-5.8753368637305945,2.4334475442781507,2.5628654434061717,-0.12941789912802104,-0.0052309426713981555,2076,-6.304914751920959,-6.370625297154097,0.06571054523313627,0.0022756720585311043,1976,3.8714672076428087,3.807759853747923,0.06370735389488558,0.0029552706128671193,2092
29.36,2.3965197661728874,-5.87913031430548,2.3965197661728874,2.5259281277903094,-0.12940836161742167,-0.005233382035600766,2075,-6.289736087434181,-6.35561926801164,0.06588318057745894,0.002284009423251093,1976,3.8932163212612916,3.829691140221328,0.06352518103996353,0.0029493726123496263,2092
29.37,2.3595683353850467,-5.8828657402376665,2.3595683353850467,2.488965873373778,-0.12939753798873138,-0.005235769747731675,2075,-6.274495345791489,-6.340550504028172,0.06605515823668412,0.0022923242451318845,1977,3.914927010406439,3.8515846306543917,0.06334237975204768,0.002943445502599666,2093
29.38,2.322593616610331,-5.886543104660003,2.322593616610331,2.451979044964208,-0.12938542835387673,-0.005238105784225653,2074,-6.259192677412849,-6.325419153930573,0.06622647651772541,0.0023006164421102058,1977,3.9365990608025156,3.8734401089663626,0.06315895183615289,0.002937489342115666,2093
29.39,2.2855959747742887,-5.890162371278392,2.2855959747742887,2.4149680076117623,-0.1293720328374734,-0.0052403901220272,2074,-6.24382823332942,-6.310225367063421,0.06639713373400069,0.0023088859323456903,1977,3.9582322585551304,3.895257359451656,0.06297489910347467,0.0029315041896818533,2093
29.400000000000002,2.248575775028687,-5.893723504372133,2.248575775028687,2.377933126605531,-0.1293573515768442,-0.005242622738596356,2074,-6.228402165182057,-6.294969293387514,0.06656712820545667,0.0023171326342240335,1977,3.9798263901533675,3.917036166781979,0.06279022337138833,0.002925490104372276,2093
29.41,2.2115333827479935,-5.897226468794275,2.2115333827479935,2.3408747674699324,-0.12934138472193882,-0.005244803611886016,2073,-6.212914625219838,-6.279651083478394,0.06673645825855624,0.0023253564663489375,1977,4.001381242471843,3.9387763160084592,0.06260492646338377,0.0029194471455372527,2094
29.42,2.1744691635256443,-5.900671229971978,2.1744691635256443,2.3037932959611,-0.12932413243545532,-0.005246932720380022,2073,-6.197365766298525,-6.264270888524866,0.0669051222263405,0.0023335573475577924,1978,4.022896602772878,3.960477592563763,0.062419010209115625,0.0029133753728222615,2094
29.43,2.1373834831705203,-5.904057753906838,2.1373834831705203,2.266689078063274,-0.129305594892754,-0.0052490100430652754,2072,-6.181755741879076,-6.2488288603274915,0.06707311844841596,0.002341735196911759,1978,4.044372258708553,3.9821397822642153,0.062232476444338054,0.0029072748461533553,2094
29.44,2.1002767077033133,-5.907386007175232,2.1002767077033133,2.2295624799851907,-0.1292857722818776,-0.005251035559439861,2072,-6.16608470602613,-6.233325151297106,0.06724044527097608,0.002349889933699342,1978,4.065807998322814,4.003762671311912,0.06204532701090151,0.0029011456257402226,2094
29.45,2.0631492033529177,-5.910655956928643,2.0631492033529177,2.192413868156465,-0.12926466480354734,-0.005253009249512744,2071,-6.150352813406484,-6.217759914453302,0.0674071010468172,0.002358021477436394,1978,4.087203610053564,4.025346046296835,0.061857563756729746,0.002894987772076153,2094
29.46,2.026001336552812,-5.913867570893987,2.026001336552812,2.155243609223977,-0.12924227267116492,-0.005254931093805044,2071,-6.134560219287567,-6.202133303422927,0.06757308413535908,0.0023661297478686926,1978,4.108558882734754,4.046889694198947,0.06166918853580704,0.0028888013459365024,2095
29.47,1.9888334739374443,-5.917020817373932,1.9888334739374443,2.1180520700482504,-0.12921859611080616,-0.005256801073349186,2071,-6.118707079535911,-6.186445472438565,0.06773839290265299,0.002374214664970299,1978,4.129873605598465,4.068393402390311,0.061480203208154366,0.002882586408378994,2095
29.48,1.9516459823386132,-5.920115665247207,1.9516459823386132,2.080839617699835,-0.12919363536122178,-0.005258619169689481,2070,-6.1027935506156,-6.17069657633701,0.06790302572140948,0.0023822761489475388,1979,4.1511475682769845,4.089856958637171,0.0612906096398135,0.0028763430207420213,2095
29.490000000000002,1.9144392287818273,-5.923152083968915,1.9144392287818273,2.0436066194556806,-0.1291673906738529,-0.005260385364887611,2070,-6.086819789586733,-6.154886770557745,0.06806698097101269,0.0023903141202391114,1979,4.172380560804903,4.1112801511020605,0.06110040970284222,0.002870071244648758,2095
29.5,1.8772135804827847,-5.926130043570825,1.8772135804827847,2.0063534427955156,-0.12913986231273095,-0.0052620996414952355,2069,-6.070785954103909,-6.1390162111414055,0.0682302570374965,0.0023983284995061204,1979,4.193572373621122,4.132662768345885,0.06090960527523642,0.0028637711419893966,2096
29.51,1.8399694048435231,-5.929049514661683,1.8399694048435231,1.9690804553982173,-0.1291110505546941,-0.005263761982617938,2069,-6.054692202414576,-6.123085054728235,0.06839285231365826,0.002406319207660621,1979,4.214722797571051,4.154004599330014,0.06071819824103742,0.002857442774957516,2096
29.52,1.802707069449083,-5.931910468427485,1.802707069449083,1.9317880251381845,-0.1290809556891013,-0.005265372371829781,2069,-6.038538693357591,-6.107093458556545,0.068554765198953,0.0024142861658303667,1979,4.235831623908507,4.175305433418357,0.06052619049014989,0.0028510862059995625,2096
29.53,1.765426942063649,-5.934712876631771,1.765426942063649,1.8944765200817058,-0.12904957801805675,-0.005266930793245138,2068,-6.0223255863615615,-6.091041580461159,0.0687159940995976,0.002422229295387308,1979,4.256898644297911,4.19656506037945,0.06033358391846034,0.0028447014978578568,2096
29.54,1.7281293906270287,-5.937456711615906,1.7281293906270287,1.8571463084833288,-0.1290169178562998,-0.005268437231482921,2068,-6.006053041443304,-6.07492957887186,0.06887653742855572,0.0024301485179370687,1980,4.277923650816273,4.217783270388528,0.06014038042774566,0.0028382887135458886,2097
29.55,1.6908147832509972,-5.940141946299345,1.6908147832509972,1.819797758782223,-0.12898297553122579,-0.005269891671675764,2067,-5.989721219206271,-6.058757612811816,0.0690363936055465,0.002438043755319613,1980,4.298906435955271,4.238959854029591,0.059946581925679476,0.0028318479163559466,2097
29.560000000000002,1.6534834882156433,-5.942768554179908,1.6534834882156433,1.782431239598544,-0.12894775138290063,-0.0052712940994744505,2067,-5.973330280838941,-6.042525841896026,0.06919556105708594,0.0024459149296155863,1980,4.319846792623295,4.26009460229748,0.059752190325815496,0.0028253791698586816,2097
29.57,1.6161358739658411,-5.945336509334032,1.6161358739658411,1.7450471197297985,-0.1289112457639574,-0.005272644501020453,2066,-5.956880388113289,-6.026234426329731,0.06935403821644232,0.0024537619631316843,1980,4.340744514147447,4.2811873065999295,0.05955720754751748,0.0028188825378890484,2097
29.580000000000002,1.5787723091073809,-5.94784578641704,1.5787723091073809,1.707645768147199,-0.12887345903981817,-0.005273942863011182,2066,-5.94037170338308,-6.009883526906839,0.06951182352375951,0.00246158477843183,1980,4.3615993942756965,4.302237758759637,0.05936163551605945,0.002812358084579357,2098
29.59,1.541393162403649,-5.950296360663376,1.541393162403649,1.670227553992029,-0.12883439158838011,-0.0052751891726075,2066,-5.923804389582401,-5.993473305008339,0.06966891542593849,0.0024693832982982736,1981,4.38241122717875,4.323245751016308,0.05916547616244204,0.0028058058743092003,2098
29.6,1.5039988027716467,-5.952688207886867,1.5039988027716467,1.6327928465719914,-0.12879404380034484,-0.005276383417534593,2065,-5.907178610223914,-5.977003922600704,0.06982531237678996,0.0024771574457733135,1981,4.403179807452265,4.344211076028711,0.058968731423554674,0.0027992259717609796,2098
29.61,1.4665895992786713,-5.955021304480942,1.4665895992786713,1.5953420153575704,-0.12875241607889906,-0.005277525585985864,2065,-5.890494529397379,-5.960475542234296,0.06998101283691831,0.0024849071441211817,1981,4.423904930118705,4.365133526876724,0.05877140324198075,0.0027926184418644385,2098
29.62,1.4291659211384373,-5.957295627418881,1.4291659211384373,1.5578754299783828,-0.12870950883994545,-0.005278615666696553,2064,-5.873752311767926,-5.943888327041765,0.07013601527383766,0.0024926323168594187,1981,4.444586390629487,4.386012897063379,0.05857349356610898,0.002785983349837453,2099
29.63,1.391728137707539,-5.959511154254035,1.391728137707539,1.5203934602195297,-0.1286653225119906,-0.005279653648908556,2064,-5.856952122574486,-5.927242440736423,0.0702903181619377,0.00250033288774338,1981,4.465223984866947,4.406848980516893,0.05837500435005389,0.0027793207611654493,2099
29.64,1.3542766184817856,-5.96166786312005,1.3542766184817856,1.4828964760179466,-0.12861985753616115,-0.005280639522377449,2063,-5.840094127628145,-5.910538047610656,0.07044391998250915,0.0025080087807715966,1982,4.485817509146359,4.427641571592707,0.05817593755365178,0.0027726307416055633,2099
29.650000000000002,1.3168117330925295,-5.963765732731079,1.3168117330925295,1.4453848474587512,-0.12857311436622162,-0.005281573277378837,2063,-5.823178493310497,-5.893775312534269,0.07059681922377314,0.002515659920189701,1982,4.506366760217964,4.448390465075517,0.0579762951424473,0.0027659133571887535,2099
29.66,1.2793338513031287,-5.965804742381993,1.2793338513031287,1.407858944771596,-0.12852509346846708,-0.005282454904679651,2063,-5.806205386572049,-5.876954400952892,0.07074901438084308,0.0025232862304761165,1982,4.526871535268919,4.469095456181295,0.05777607908762339,0.002759168674203368,2099
29.67,1.2418433430050613,-5.967784871948594,1.2418433430050613,1.3703191383270064,-0.1284757953219448,-0.005283284395604071,2062,-5.789174974930476,-5.86007547888632,0.07090050395584307,0.0025308876363739933,1982,4.547331631925414,4.489756340559312,0.057575291366101525,0.0027523967592300597,2100
29.68,1.204340578214593,-5.969706101887801,1.204340578214593,1.332765798632733,-0.12842522041814003,-0.00528406174194063,2062,-5.772087426469106,-5.843138712926891,0.07105128645778398,0.002538464062848756,1982,4.567746848254511,4.510372914294155,0.05737393396035563,0.002745597679091623,2100
29.69,1.1668259270687875,-5.971568413237851,1.1668259270687875,1.2951992963300882,-0.1283733692613006,-0.0052847869360427135,2061,-5.754942909835102,-5.826144270237832,0.07120136040273028,0.002546015435136887,1983,4.588116982766313,4.530944973907742,0.057172008858571106,0.0027387715009061274,2100
29.7,1.1292997598221697,-5.973371787618479,1.1292997598221697,1.257620002190292,-0.1283202423681224,-0.005285459970733175,2061,-5.737741594237953,-5.80909231855162,0.07135072431366739,0.002553541678699459,1983,4.608441834415781,4.551472316361327,0.056969518054454805,0.002731918292033684,2100
29.71,1.091762446842839,-5.975116207231113,1.091762446842839,1.220028287110813,-0.12826584026797394,-0.00528608083937755,2060,-5.720483649447688,-5.7919830261683165,0.071499376720628,0.0025610427192601926,1983,4.628721202604847,4.571954739057501,0.05676646354734634,0.0027250381201173765,2101
29.72,1.0542143586089208,-5.976801654859034,1.0542143586089208,1.1824245221117058,-0.12821016350278497,-0.0052866495358483406,2060,-5.703169245793257,-5.774816561953909,0.07164731616065237,0.002568518482786774,1983,4.648954887184335,4.592392039842201,0.05656284734213379,0.0027181310530618287,2101
29.73,1.0166558657048863,-5.978428113867554,1.0166558657048863,1.14480907833195,-0.12815321262706372,-0.005287166054533293,2060,-5.685798554160831,-5.757593095338648,0.07179454117781617,0.002575968895496752,1983,4.669142688455944,4.612784017006695,0.05635867144924896,0.002711197159036765,2101
29.740000000000002,0.979087338817898,-5.9799955682041785,0.979087338817898,1.1071823270257874,-0.1280949882078894,-0.00528763039033471,2059,-5.668371745992127,-5.74031279631537,0.07194105032324313,0.0025833938838577325,1984,4.6892844071742275,4.63313046928958,0.05615393788464746,0.0027042365064771424,2101
29.75,0.9415091487341489,-5.981504002398767,0.9415091487341489,1.069544639559057,-0.12803549082490814,-0.005288042538670267,2059,-5.650888993282702,-5.722975835437825,0.07208684215512264,0.002590793374588935,1984,4.709379844548552,4.653431195878765,0.055948648669786494,0.002697249164081445,2102
29.76,0.9039216663351833,-5.982953401563683,0.9039216663351833,1.0318963874055298,-0.12797472107034638,-0.005288402495477712,2058,-5.633350468580261,-5.705582383818987,0.07223191523872634,0.0025981672946627098,1984,4.729428802245077,4.673685996413455,0.05574280583162162,0.0026902352008152373,2102
29.77,0.8663252625943416,-5.984343751393942,0.8663252625943416,0.994237942143246,-0.12791267954890437,-0.005288710257187202,2058,-5.615756344982992,-5.688132613129371,0.07237626814637958,0.002605515571293002,1984,4.749431082388649,4.693894670986123,0.055536411402525694,0.0026831946858942935,2102
29.78,0.828720308572865,-5.985675038167352,0.828720308572865,0.9565696754508415,-0.12784936687797643,-0.005288965820786875,2057,-5.598106796137749,-5.670626695595335,0.07251989945758541,0.0026128381319682186,1984,4.769386487564882,4.714057020144491,0.055329467420390625,0.0026761276888183257,2102
29.79,0.791107175416532,-5.986947248744649,0.791107175416532,0.9188919591038844,-0.1277847836873524,-0.005289169183734755,2057,-5.580401996238485,-5.65306480399738,0.072662807758895,0.002620134904408855,1985,4.789294820821952,4.734172844893494,0.055121975928457224,0.0026690342793257364,2102
29.8,0.7534862343517605,-5.98816037056963,0.7534862343517605,0.881205164971205,-0.12771893061944442,-0.005289320344031631,2057,-5.562642120024417,-5.635447111668448,0.07280499164403165,0.002627405816601938,1985,4.809155885672655,4.754241946697242,0.05491393897541299,0.0026619145274295736,2103
29.810000000000002,0.7158578566820509,-5.98931439166927,0.7158578566820509,0.8435096650112242,-0.12765180832917333,-0.00528941930018602,2056,-5.544827342778355,-5.617773792492211,0.07294644971385662,0.0026346507967868246,1985,4.828969486096303,4.774264127480985,0.05470535861531738,0.002654768503399288,2103
29.82,0.6782224137842991,-5.99040930065385,0.6782224137842991,0.8058058312682829,-0.12758341748398375,-0.005289466051221589,2056,-5.526957840324957,-5.600045020901349,0.07308718057639224,0.0026418697734589035,1985,4.848735426540656,4.794239189633064,0.0544962369075915,0.002647596277762539,2103
29.830000000000002,0.6405802771051329,-5.991445086717058,0.6405802771051329,0.7680940358689703,-0.12751375876383755,-0.005289460596677302,2055,-5.509033789028996,-5.582260971875834,0.07322718284683692,0.0026490626753702803,1985,4.868453511923864,4.8141669360068615,0.054286575917002124,0.002640397921307254,2103
29.84,0.6029318181572442,-5.992421739636105,0.6029318181572442,0.7303746510184511,-0.1274428328612069,-0.005289402936607214,2055,-5.491055365793628,-5.564421820941202,0.07336645514757473,0.002656229431529669,1986,4.888123547636383,4.83404716992275,0.05407637771363317,0.002633173505077783,2104
29.85,0.5652774085157024,-5.99333924977182,0.5652774085157024,0.6926480489967901,-0.12737064048108768,-0.005289293071586062,2054,-5.473022748058615,-5.546527744166821,0.07350499610820484,0.002663369971207242,1986,4.907745339542911,4.853879695170028,0.053865644372883215,0.002625923100378601,2104
29.86,0.5276174198143931,-5.994197608068748,0.5276174198143931,0.654914602155284,-0.12729718234089094,-0.0052891310026808155,2054,-5.4549361137986505,-5.5285789181641505,0.07364280436550019,0.0026704842239207174,1986,4.9273186939842555,4.873664316008865,0.05365437797539084,0.0026186467787600214,2104
29.87,0.48995222374211517,-5.994996806055241,0.48995222374211517,0.617174682912778,-0.12722245917066283,-0.0052889167315167815,2054,-5.436795641521468,-5.510575520085003,0.07377987856353545,0.002677572119467753,1986,4.946843417779351,4.893400837172224,0.053442580607127595,0.0026113446120490736,2104
29.88,0.45228219203921194,-5.995736835843535,0.45228219203921194,0.5794286637519968,-0.1271464717127848,-0.005288650260188939,2053,-5.418601510266236,-5.4925177276197905,0.07391621735355425,0.0026846335878842244,1986,4.966319318227022,4.913089063867792,0.053230254359230254,0.0026040166723045547,2104
29.89,0.4146076964936672,-5.996417690129836,0.4146076964936672,0.5416769172158657,-0.1270692207221986,-0.005288331591335198,2053,-5.400353899601677,-5.474405718995775,0.07405181939409802,0.0026916685594802446,1987,4.9857462031080075,4.932728801779907,0.053017401328101024,0.0025966630318550333,2105
29.900000000000002,0.3769291089375417,-5.997039362194389,0.3769291089375417,0.5039198159038343,-0.1269907069662926,-0.005287960728101137,2052,-5.38205298962434,-5.456239672975307,0.07418668335096781,0.002698676964823736,1987,5.005123880686797,4.952319857071471,0.05280402361532558,0.002589283763277564,2105
29.91,0.3392468012432836,-5.997601845901539,0.3392468012432836,0.4661577324681984,-0.12691093122491479,-0.005287537674147231,2052,-5.363698960956817,-5.438019768854062,0.07432080789724496,0.0027056587347449846,1987,5.024452159713531,4.971862036385862,0.05259012332766996,0.002581878939402104,2105
29.92,0.3015611453200567,-5.9981051356998,0.3015611453200567,0.4283910396104226,-0.1268298942903659,-0.0052870624336492904,2051,-5.345291994745962,-5.419746186459271,0.07445419171330858,0.00271261380033725,1987,5.043730849425905,4.9913551468488455,0.05237570257705905,0.0025744486333123804,2105
29.93,0.2638725131100706,-5.998549226621905,0.2638725131100706,0.3906201100774617,-0.1267475969673911,-0.00528653501129802,2051,-5.326832272661102,-5.401419106147945,0.07458683348684272,0.0027195420929564534,1987,5.062959759551031,5.0107989960704815,0.05216076348054955,0.002566992918341799,2106
29.94,0.22618127658488843,-5.998934114284854,0.22618127658488843,0.3528453166580803,-0.12666404007319185,-0.005285955412304448,2051,-5.308319976892229,-5.3830387088050955,0.07471873191286581,0.002726443544226609,1988,5.082138700307339,5.030193392147014,0.051945308160325235,0.002559511868077638,2106
29.95,0.18848780774186208,-5.999259794889964,0.18848780774186208,0.3150670321791791,-0.126579224437317,-0.0052853236423717155,2050,-5.289755290148261,-5.36460517584195,0.07484988569368846,0.0027333180860244326,1988,5.101267482406397,5.04953814366277,0.05172933874362694,0.002552005556346794,2106
29.96,0.1507924786002263,-5.9995262652228964,0.1507924786002263,0.27728562950210717,-0.12649315090188087,-0.005284639707760734,2050,-5.271138395655117,-5.346118689194159,0.07498029353904234,0.00274016565051452,1988,5.120345917054889,5.068833059692052,0.05151285736283768,0.002544474057245982,2106
29.97,0.11309566119774676,-5.999733522653699,0.11309566119774676,0.23950148151899017,-0.1264058203212434,-0.005283903615196748,2049,-5.252469477154076,-5.327579431320008,0.07510995416593146,0.00274698617010084,1988,5.139373815956328,5.088077949801017,0.05129586615531167,0.0025369174450958288,2106
29.98,0.07539772758670713,-5.999881565136822,0.07539772758670713,0.20171496114904178,-0.12631723356233465,-0.005283115371970303,2049,-5.233748718899781,-5.308987585198601,0.07523886629882058,0.002753779577481567,1988,5.158350991313072,5.107272624049558,0.05107836726351427,0.00252933579448882,2107
29.990000000000002,0.03769904983055682,-5.999970391211149,0.03769904983055682,0.1639264413348898,-0.126227391504333,-0.005282274985841318,2048,-5.214976305658591,-5.290343334328071,0.07536702866948103,0.0027605458055980202,1989,5.177277255828032,5.126416892993181,0.05086036283485185,0.0025217291802432876,2107
30.0,4.408728476930471e-15,-6.0,4.408728476930471e-15,0.1261362950388928,-0.1261362950388884,-0.005281382465112098,2048,-5.196152422706634,-5.271646862723762,0.07549444001712821,0.002767284787674615,1989,5.1961524227066285,5.145510567684868,0.05064185502176,0.002514097677437477,2107
